[2025-10-31 14:34:21] local.ERROR: syntax error, unexpected token "function", expecting ")" {"exception":"[object] (ParseError(code: 0): syntax error, unexpected token \"function\", expecting \")\" at /home/debian/VivaBioApp/routes/web.php:88)
[stacktrace]
#0 /home/debian/VivaBioApp/vendor/laravel/framework/src/Illuminate/Routing/Router.php(526): Illuminate\\Routing\\RouteFileRegistrar->register()
#1 /home/debian/VivaBioApp/vendor/laravel/framework/src/Illuminate/Routing/Router.php(480): Illuminate\\Routing\\Router->loadRoutes()
#2 /home/debian/VivaBioApp/vendor/laravel/framework/src/Illuminate/Routing/RouteRegistrar.php(210): Illuminate\\Routing\\Router->group()
#3 /home/debian/VivaBioApp/vendor/laravel/framework/src/Illuminate/Foundation/Configuration/ApplicationBuilder.php(248): Illuminate\\Routing\\RouteRegistrar->group()
#4 /home/debian/VivaBioApp/vendor/laravel/framework/src/Illuminate/Container/BoundMethod.php(36): Illuminate\\Foundation\\Configuration\\ApplicationBuilder->Illuminate\\Foundation\\Configuration\\{closure}()
#5 /home/debian/VivaBioApp/vendor/laravel/framework/src/Illuminate/Container/Util.php(43): Illuminate\\Container\\BoundMethod::Illuminate\\Container\\{closure}()
#6 /home/debian/VivaBioApp/vendor/laravel/framework/src/Illuminate/Container/BoundMethod.php(84): Illuminate\\Container\\Util::unwrapIfClosure()
#7 /home/debian/VivaBioApp/vendor/laravel/framework/src/Illuminate/Container/BoundMethod.php(35): Illuminate\\Container\\BoundMethod::callBoundMethod()
#8 /home/debian/VivaBioApp/vendor/laravel/framework/src/Illuminate/Container/Container.php(836): Illuminate\\Container\\BoundMethod::call()
#9 /home/debian/VivaBioApp/vendor/laravel/framework/src/Illuminate/Foundation/Support/Providers/RouteServiceProvider.php(162): Illuminate\\Container\\Container->call()
#10 /home/debian/VivaBioApp/vendor/laravel/framework/src/Illuminate/Foundation/Support/Providers/RouteServiceProvider.php(59): Illuminate\\Foundation\\Support\\Providers\\RouteServiceProvider->loadRoutes()
#11 /home/debian/VivaBioApp/vendor/laravel/framework/src/Illuminate/Container/BoundMethod.php(36): Illuminate\\Foundation\\Support\\Providers\\RouteServiceProvider->Illuminate\\Foundation\\Support\\Providers\\{closure}()
#12 /home/debian/VivaBioApp/vendor/laravel/framework/src/Illuminate/Container/Util.php(43): Illuminate\\Container\\BoundMethod::Illuminate\\Container\\{closure}()
#13 /home/debian/VivaBioApp/vendor/laravel/framework/src/Illuminate/Container/BoundMethod.php(84): Illuminate\\Container\\Util::unwrapIfClosure()
#14 /home/debian/VivaBioApp/vendor/laravel/framework/src/Illuminate/Container/BoundMethod.php(35): Illuminate\\Container\\BoundMethod::callBoundMethod()
#15 /home/debian/VivaBioApp/vendor/laravel/framework/src/Illuminate/Container/Container.php(836): Illuminate\\Container\\BoundMethod::call()
#16 /home/debian/VivaBioApp/vendor/laravel/framework/src/Illuminate/Support/ServiceProvider.php(143): Illuminate\\Container\\Container->call()
#17 /home/debian/VivaBioApp/vendor/laravel/framework/src/Illuminate/Foundation/Application.php(1154): Illuminate\\Support\\ServiceProvider->callBootedCallbacks()
#18 /home/debian/VivaBioApp/vendor/laravel/framework/src/Illuminate/Foundation/Application.php(1132): Illuminate\\Foundation\\Application->bootProvider()
#19 [internal function]: Illuminate\\Foundation\\Application->Illuminate\\Foundation\\{closure}()
#20 /home/debian/VivaBioApp/vendor/laravel/framework/src/Illuminate/Foundation/Application.php(1131): array_walk()
#21 /home/debian/VivaBioApp/vendor/laravel/framework/src/Illuminate/Foundation/Bootstrap/BootProviders.php(17): Illuminate\\Foundation\\Application->boot()
#22 /home/debian/VivaBioApp/vendor/laravel/framework/src/Illuminate/Foundation/Application.php(342): Illuminate\\Foundation\\Bootstrap\\BootProviders->bootstrap()
#23 /home/debian/VivaBioApp/vendor/laravel/framework/src/Illuminate/Foundation/Console/Kernel.php(473): Illuminate\\Foundation\\Application->bootstrapWith()
#24 /home/debian/VivaBioApp/vendor/laravel/framework/src/Illuminate/Foundation/Console/Kernel.php(195): Illuminate\\Foundation\\Console\\Kernel->bootstrap()
#25 /home/debian/VivaBioApp/vendor/laravel/framework/src/Illuminate/Foundation/Application.php(1235): Illuminate\\Foundation\\Console\\Kernel->handle()
#26 /home/debian/VivaBioApp/artisan(16): Illuminate\\Foundation\\Application->handleCommand()
#27 {main}
"} 
[2025-10-31 14:34:39] local.ERROR: syntax error, unexpected token "function", expecting ")" {"exception":"[object] (ParseError(code: 0): syntax error, unexpected token \"function\", expecting \")\" at /home/debian/VivaBioApp/routes/web.php:88)
[stacktrace]
#0 /home/debian/VivaBioApp/vendor/laravel/framework/src/Illuminate/Routing/Router.php(526): Illuminate\\Routing\\RouteFileRegistrar->register()
#1 /home/debian/VivaBioApp/vendor/laravel/framework/src/Illuminate/Routing/Router.php(480): Illuminate\\Routing\\Router->loadRoutes()
#2 /home/debian/VivaBioApp/vendor/laravel/framework/src/Illuminate/Routing/RouteRegistrar.php(210): Illuminate\\Routing\\Router->group()
#3 /home/debian/VivaBioApp/vendor/laravel/framework/src/Illuminate/Foundation/Configuration/ApplicationBuilder.php(248): Illuminate\\Routing\\RouteRegistrar->group()
#4 /home/debian/VivaBioApp/vendor/laravel/framework/src/Illuminate/Container/BoundMethod.php(36): Illuminate\\Foundation\\Configuration\\ApplicationBuilder->Illuminate\\Foundation\\Configuration\\{closure}()
#5 /home/debian/VivaBioApp/vendor/laravel/framework/src/Illuminate/Container/Util.php(43): Illuminate\\Container\\BoundMethod::Illuminate\\Container\\{closure}()
#6 /home/debian/VivaBioApp/vendor/laravel/framework/src/Illuminate/Container/BoundMethod.php(84): Illuminate\\Container\\Util::unwrapIfClosure()
#7 /home/debian/VivaBioApp/vendor/laravel/framework/src/Illuminate/Container/BoundMethod.php(35): Illuminate\\Container\\BoundMethod::callBoundMethod()
#8 /home/debian/VivaBioApp/vendor/laravel/framework/src/Illuminate/Container/Container.php(836): Illuminate\\Container\\BoundMethod::call()
#9 /home/debian/VivaBioApp/vendor/laravel/framework/src/Illuminate/Foundation/Support/Providers/RouteServiceProvider.php(162): Illuminate\\Container\\Container->call()
#10 /home/debian/VivaBioApp/vendor/laravel/framework/src/Illuminate/Foundation/Support/Providers/RouteServiceProvider.php(59): Illuminate\\Foundation\\Support\\Providers\\RouteServiceProvider->loadRoutes()
#11 /home/debian/VivaBioApp/vendor/laravel/framework/src/Illuminate/Container/BoundMethod.php(36): Illuminate\\Foundation\\Support\\Providers\\RouteServiceProvider->Illuminate\\Foundation\\Support\\Providers\\{closure}()
#12 /home/debian/VivaBioApp/vendor/laravel/framework/src/Illuminate/Container/Util.php(43): Illuminate\\Container\\BoundMethod::Illuminate\\Container\\{closure}()
#13 /home/debian/VivaBioApp/vendor/laravel/framework/src/Illuminate/Container/BoundMethod.php(84): Illuminate\\Container\\Util::unwrapIfClosure()
#14 /home/debian/VivaBioApp/vendor/laravel/framework/src/Illuminate/Container/BoundMethod.php(35): Illuminate\\Container\\BoundMethod::callBoundMethod()
#15 /home/debian/VivaBioApp/vendor/laravel/framework/src/Illuminate/Container/Container.php(836): Illuminate\\Container\\BoundMethod::call()
#16 /home/debian/VivaBioApp/vendor/laravel/framework/src/Illuminate/Support/ServiceProvider.php(143): Illuminate\\Container\\Container->call()
#17 /home/debian/VivaBioApp/vendor/laravel/framework/src/Illuminate/Foundation/Application.php(1154): Illuminate\\Support\\ServiceProvider->callBootedCallbacks()
#18 /home/debian/VivaBioApp/vendor/laravel/framework/src/Illuminate/Foundation/Application.php(1132): Illuminate\\Foundation\\Application->bootProvider()
#19 [internal function]: Illuminate\\Foundation\\Application->Illuminate\\Foundation\\{closure}()
#20 /home/debian/VivaBioApp/vendor/laravel/framework/src/Illuminate/Foundation/Application.php(1131): array_walk()
#21 /home/debian/VivaBioApp/vendor/laravel/framework/src/Illuminate/Foundation/Bootstrap/BootProviders.php(17): Illuminate\\Foundation\\Application->boot()
#22 /home/debian/VivaBioApp/vendor/laravel/framework/src/Illuminate/Foundation/Application.php(342): Illuminate\\Foundation\\Bootstrap\\BootProviders->bootstrap()
#23 /home/debian/VivaBioApp/vendor/laravel/framework/src/Illuminate/Foundation/Console/Kernel.php(473): Illuminate\\Foundation\\Application->bootstrapWith()
#24 /home/debian/VivaBioApp/vendor/laravel/framework/src/Illuminate/Foundation/Console/Kernel.php(195): Illuminate\\Foundation\\Console\\Kernel->bootstrap()
#25 /home/debian/VivaBioApp/vendor/laravel/framework/src/Illuminate/Foundation/Application.php(1235): Illuminate\\Foundation\\Console\\Kernel->handle()
#26 /home/debian/VivaBioApp/artisan(16): Illuminate\\Foundation\\Application->handleCommand()
#27 {main}
"} 
[2025-10-31 14:35:19] local.ERROR: syntax error, unexpected token "function", expecting ")" {"exception":"[object] (ParseError(code: 0): syntax error, unexpected token \"function\", expecting \")\" at /home/debian/VivaBioApp/routes/web.php:88)
[stacktrace]
#0 /home/debian/VivaBioApp/vendor/laravel/framework/src/Illuminate/Routing/Router.php(526): Illuminate\\Routing\\RouteFileRegistrar->register()
#1 /home/debian/VivaBioApp/vendor/laravel/framework/src/Illuminate/Routing/Router.php(480): Illuminate\\Routing\\Router->loadRoutes()
#2 /home/debian/VivaBioApp/vendor/laravel/framework/src/Illuminate/Routing/RouteRegistrar.php(210): Illuminate\\Routing\\Router->group()
#3 /home/debian/VivaBioApp/vendor/laravel/framework/src/Illuminate/Foundation/Configuration/ApplicationBuilder.php(248): Illuminate\\Routing\\RouteRegistrar->group()
#4 /home/debian/VivaBioApp/vendor/laravel/framework/src/Illuminate/Container/BoundMethod.php(36): Illuminate\\Foundation\\Configuration\\ApplicationBuilder->Illuminate\\Foundation\\Configuration\\{closure}()
#5 /home/debian/VivaBioApp/vendor/laravel/framework/src/Illuminate/Container/Util.php(43): Illuminate\\Container\\BoundMethod::Illuminate\\Container\\{closure}()
#6 /home/debian/VivaBioApp/vendor/laravel/framework/src/Illuminate/Container/BoundMethod.php(84): Illuminate\\Container\\Util::unwrapIfClosure()
#7 /home/debian/VivaBioApp/vendor/laravel/framework/src/Illuminate/Container/BoundMethod.php(35): Illuminate\\Container\\BoundMethod::callBoundMethod()
#8 /home/debian/VivaBioApp/vendor/laravel/framework/src/Illuminate/Container/Container.php(836): Illuminate\\Container\\BoundMethod::call()
#9 /home/debian/VivaBioApp/vendor/laravel/framework/src/Illuminate/Foundation/Support/Providers/RouteServiceProvider.php(162): Illuminate\\Container\\Container->call()
#10 /home/debian/VivaBioApp/vendor/laravel/framework/src/Illuminate/Foundation/Support/Providers/RouteServiceProvider.php(59): Illuminate\\Foundation\\Support\\Providers\\RouteServiceProvider->loadRoutes()
#11 /home/debian/VivaBioApp/vendor/laravel/framework/src/Illuminate/Container/BoundMethod.php(36): Illuminate\\Foundation\\Support\\Providers\\RouteServiceProvider->Illuminate\\Foundation\\Support\\Providers\\{closure}()
#12 /home/debian/VivaBioApp/vendor/laravel/framework/src/Illuminate/Container/Util.php(43): Illuminate\\Container\\BoundMethod::Illuminate\\Container\\{closure}()
#13 /home/debian/VivaBioApp/vendor/laravel/framework/src/Illuminate/Container/BoundMethod.php(84): Illuminate\\Container\\Util::unwrapIfClosure()
#14 /home/debian/VivaBioApp/vendor/laravel/framework/src/Illuminate/Container/BoundMethod.php(35): Illuminate\\Container\\BoundMethod::callBoundMethod()
#15 /home/debian/VivaBioApp/vendor/laravel/framework/src/Illuminate/Container/Container.php(836): Illuminate\\Container\\BoundMethod::call()
#16 /home/debian/VivaBioApp/vendor/laravel/framework/src/Illuminate/Support/ServiceProvider.php(143): Illuminate\\Container\\Container->call()
#17 /home/debian/VivaBioApp/vendor/laravel/framework/src/Illuminate/Foundation/Application.php(1154): Illuminate\\Support\\ServiceProvider->callBootedCallbacks()
#18 /home/debian/VivaBioApp/vendor/laravel/framework/src/Illuminate/Foundation/Application.php(1132): Illuminate\\Foundation\\Application->bootProvider()
#19 [internal function]: Illuminate\\Foundation\\Application->Illuminate\\Foundation\\{closure}()
#20 /home/debian/VivaBioApp/vendor/laravel/framework/src/Illuminate/Foundation/Application.php(1131): array_walk()
#21 /home/debian/VivaBioApp/vendor/laravel/framework/src/Illuminate/Foundation/Bootstrap/BootProviders.php(17): Illuminate\\Foundation\\Application->boot()
#22 /home/debian/VivaBioApp/vendor/laravel/framework/src/Illuminate/Foundation/Application.php(342): Illuminate\\Foundation\\Bootstrap\\BootProviders->bootstrap()
#23 /home/debian/VivaBioApp/vendor/laravel/framework/src/Illuminate/Foundation/Console/Kernel.php(473): Illuminate\\Foundation\\Application->bootstrapWith()
#24 /home/debian/VivaBioApp/vendor/laravel/framework/src/Illuminate/Foundation/Console/Kernel.php(195): Illuminate\\Foundation\\Console\\Kernel->bootstrap()
#25 Command line code(1): Illuminate\\Foundation\\Console\\Kernel->handle()
#26 {main}
"} 
[2025-10-31 14:35:19] local.ERROR: syntax error, unexpected token "function", expecting ")" {"exception":"[object] (ParseError(code: 0): syntax error, unexpected token \"function\", expecting \")\" at /home/debian/VivaBioApp/routes/web.php:88)
[stacktrace]
#0 /home/debian/VivaBioApp/vendor/laravel/framework/src/Illuminate/Routing/Router.php(526): Illuminate\\Routing\\RouteFileRegistrar->register()
#1 /home/debian/VivaBioApp/vendor/laravel/framework/src/Illuminate/Routing/Router.php(480): Illuminate\\Routing\\Router->loadRoutes()
#2 /home/debian/VivaBioApp/vendor/laravel/framework/src/Illuminate/Routing/RouteRegistrar.php(210): Illuminate\\Routing\\Router->group()
#3 /home/debian/VivaBioApp/vendor/laravel/framework/src/Illuminate/Foundation/Configuration/ApplicationBuilder.php(248): Illuminate\\Routing\\RouteRegistrar->group()
#4 /home/debian/VivaBioApp/vendor/laravel/framework/src/Illuminate/Container/BoundMethod.php(36): Illuminate\\Foundation\\Configuration\\ApplicationBuilder->Illuminate\\Foundation\\Configuration\\{closure}()
#5 /home/debian/VivaBioApp/vendor/laravel/framework/src/Illuminate/Container/Util.php(43): Illuminate\\Container\\BoundMethod::Illuminate\\Container\\{closure}()
#6 /home/debian/VivaBioApp/vendor/laravel/framework/src/Illuminate/Container/BoundMethod.php(84): Illuminate\\Container\\Util::unwrapIfClosure()
#7 /home/debian/VivaBioApp/vendor/laravel/framework/src/Illuminate/Container/BoundMethod.php(35): Illuminate\\Container\\BoundMethod::callBoundMethod()
#8 /home/debian/VivaBioApp/vendor/laravel/framework/src/Illuminate/Container/Container.php(836): Illuminate\\Container\\BoundMethod::call()
#9 /home/debian/VivaBioApp/vendor/laravel/framework/src/Illuminate/Foundation/Support/Providers/RouteServiceProvider.php(162): Illuminate\\Container\\Container->call()
#10 /home/debian/VivaBioApp/vendor/laravel/framework/src/Illuminate/Foundation/Support/Providers/RouteServiceProvider.php(59): Illuminate\\Foundation\\Support\\Providers\\RouteServiceProvider->loadRoutes()
#11 /home/debian/VivaBioApp/vendor/laravel/framework/src/Illuminate/Container/BoundMethod.php(36): Illuminate\\Foundation\\Support\\Providers\\RouteServiceProvider->Illuminate\\Foundation\\Support\\Providers\\{closure}()
#12 /home/debian/VivaBioApp/vendor/laravel/framework/src/Illuminate/Container/Util.php(43): Illuminate\\Container\\BoundMethod::Illuminate\\Container\\{closure}()
#13 /home/debian/VivaBioApp/vendor/laravel/framework/src/Illuminate/Container/BoundMethod.php(84): Illuminate\\Container\\Util::unwrapIfClosure()
#14 /home/debian/VivaBioApp/vendor/laravel/framework/src/Illuminate/Container/BoundMethod.php(35): Illuminate\\Container\\BoundMethod::callBoundMethod()
#15 /home/debian/VivaBioApp/vendor/laravel/framework/src/Illuminate/Container/Container.php(836): Illuminate\\Container\\BoundMethod::call()
#16 /home/debian/VivaBioApp/vendor/laravel/framework/src/Illuminate/Support/ServiceProvider.php(143): Illuminate\\Container\\Container->call()
#17 /home/debian/VivaBioApp/vendor/laravel/framework/src/Illuminate/Foundation/Application.php(1154): Illuminate\\Support\\ServiceProvider->callBootedCallbacks()
#18 /home/debian/VivaBioApp/vendor/laravel/framework/src/Illuminate/Foundation/Application.php(1132): Illuminate\\Foundation\\Application->bootProvider()
#19 [internal function]: Illuminate\\Foundation\\Application->Illuminate\\Foundation\\{closure}()
#20 /home/debian/VivaBioApp/vendor/laravel/framework/src/Illuminate/Foundation/Application.php(1131): array_walk()
#21 /home/debian/VivaBioApp/vendor/laravel/framework/src/Illuminate/Foundation/Bootstrap/BootProviders.php(17): Illuminate\\Foundation\\Application->boot()
#22 /home/debian/VivaBioApp/vendor/laravel/framework/src/Illuminate/Foundation/Application.php(342): Illuminate\\Foundation\\Bootstrap\\BootProviders->bootstrap()
#23 /home/debian/VivaBioApp/vendor/laravel/framework/src/Illuminate/Foundation/Console/Kernel.php(473): Illuminate\\Foundation\\Application->bootstrapWith()
#24 /home/debian/VivaBioApp/vendor/laravel/framework/src/Illuminate/Foundation/Console/Kernel.php(195): Illuminate\\Foundation\\Console\\Kernel->bootstrap()
#25 Command line code(1): Illuminate\\Foundation\\Console\\Kernel->handle()
#26 {main}
"} 
[2025-10-31 14:35:19] local.ERROR: syntax error, unexpected token "function", expecting ")" {"exception":"[object] (ParseError(code: 0): syntax error, unexpected token \"function\", expecting \")\" at /home/debian/VivaBioApp/routes/web.php:88)
[stacktrace]
#0 /home/debian/VivaBioApp/vendor/laravel/framework/src/Illuminate/Routing/Router.php(526): Illuminate\\Routing\\RouteFileRegistrar->register()
#1 /home/debian/VivaBioApp/vendor/laravel/framework/src/Illuminate/Routing/Router.php(480): Illuminate\\Routing\\Router->loadRoutes()
#2 /home/debian/VivaBioApp/vendor/laravel/framework/src/Illuminate/Routing/RouteRegistrar.php(210): Illuminate\\Routing\\Router->group()
#3 /home/debian/VivaBioApp/vendor/laravel/framework/src/Illuminate/Foundation/Configuration/ApplicationBuilder.php(248): Illuminate\\Routing\\RouteRegistrar->group()
#4 /home/debian/VivaBioApp/vendor/laravel/framework/src/Illuminate/Container/BoundMethod.php(36): Illuminate\\Foundation\\Configuration\\ApplicationBuilder->Illuminate\\Foundation\\Configuration\\{closure}()
#5 /home/debian/VivaBioApp/vendor/laravel/framework/src/Illuminate/Container/Util.php(43): Illuminate\\Container\\BoundMethod::Illuminate\\Container\\{closure}()
#6 /home/debian/VivaBioApp/vendor/laravel/framework/src/Illuminate/Container/BoundMethod.php(84): Illuminate\\Container\\Util::unwrapIfClosure()
#7 /home/debian/VivaBioApp/vendor/laravel/framework/src/Illuminate/Container/BoundMethod.php(35): Illuminate\\Container\\BoundMethod::callBoundMethod()
#8 /home/debian/VivaBioApp/vendor/laravel/framework/src/Illuminate/Container/Container.php(836): Illuminate\\Container\\BoundMethod::call()
#9 /home/debian/VivaBioApp/vendor/laravel/framework/src/Illuminate/Foundation/Support/Providers/RouteServiceProvider.php(162): Illuminate\\Container\\Container->call()
#10 /home/debian/VivaBioApp/vendor/laravel/framework/src/Illuminate/Foundation/Support/Providers/RouteServiceProvider.php(59): Illuminate\\Foundation\\Support\\Providers\\RouteServiceProvider->loadRoutes()
#11 /home/debian/VivaBioApp/vendor/laravel/framework/src/Illuminate/Container/BoundMethod.php(36): Illuminate\\Foundation\\Support\\Providers\\RouteServiceProvider->Illuminate\\Foundation\\Support\\Providers\\{closure}()
#12 /home/debian/VivaBioApp/vendor/laravel/framework/src/Illuminate/Container/Util.php(43): Illuminate\\Container\\BoundMethod::Illuminate\\Container\\{closure}()
#13 /home/debian/VivaBioApp/vendor/laravel/framework/src/Illuminate/Container/BoundMethod.php(84): Illuminate\\Container\\Util::unwrapIfClosure()
#14 /home/debian/VivaBioApp/vendor/laravel/framework/src/Illuminate/Container/BoundMethod.php(35): Illuminate\\Container\\BoundMethod::callBoundMethod()
#15 /home/debian/VivaBioApp/vendor/laravel/framework/src/Illuminate/Container/Container.php(836): Illuminate\\Container\\BoundMethod::call()
#16 /home/debian/VivaBioApp/vendor/laravel/framework/src/Illuminate/Support/ServiceProvider.php(143): Illuminate\\Container\\Container->call()
#17 /home/debian/VivaBioApp/vendor/laravel/framework/src/Illuminate/Foundation/Application.php(1154): Illuminate\\Support\\ServiceProvider->callBootedCallbacks()
#18 /home/debian/VivaBioApp/vendor/laravel/framework/src/Illuminate/Foundation/Application.php(1132): Illuminate\\Foundation\\Application->bootProvider()
#19 [internal function]: Illuminate\\Foundation\\Application->Illuminate\\Foundation\\{closure}()
#20 /home/debian/VivaBioApp/vendor/laravel/framework/src/Illuminate/Foundation/Application.php(1131): array_walk()
#21 /home/debian/VivaBioApp/vendor/laravel/framework/src/Illuminate/Foundation/Bootstrap/BootProviders.php(17): Illuminate\\Foundation\\Application->boot()
#22 /home/debian/VivaBioApp/vendor/laravel/framework/src/Illuminate/Foundation/Application.php(342): Illuminate\\Foundation\\Bootstrap\\BootProviders->bootstrap()
#23 /home/debian/VivaBioApp/vendor/laravel/framework/src/Illuminate/Foundation/Console/Kernel.php(473): Illuminate\\Foundation\\Application->bootstrapWith()
#24 /home/debian/VivaBioApp/vendor/laravel/framework/src/Illuminate/Foundation/Console/Kernel.php(195): Illuminate\\Foundation\\Console\\Kernel->bootstrap()
#25 Command line code(1): Illuminate\\Foundation\\Console\\Kernel->handle()
#26 {main}
"} 
[2025-10-31 14:35:19] local.ERROR: syntax error, unexpected token "function", expecting ")" {"exception":"[object] (ParseError(code: 0): syntax error, unexpected token \"function\", expecting \")\" at /home/debian/VivaBioApp/routes/web.php:88)
[stacktrace]
#0 /home/debian/VivaBioApp/vendor/laravel/framework/src/Illuminate/Routing/Router.php(526): Illuminate\\Routing\\RouteFileRegistrar->register()
#1 /home/debian/VivaBioApp/vendor/laravel/framework/src/Illuminate/Routing/Router.php(480): Illuminate\\Routing\\Router->loadRoutes()
#2 /home/debian/VivaBioApp/vendor/laravel/framework/src/Illuminate/Routing/RouteRegistrar.php(210): Illuminate\\Routing\\Router->group()
#3 /home/debian/VivaBioApp/vendor/laravel/framework/src/Illuminate/Foundation/Configuration/ApplicationBuilder.php(248): Illuminate\\Routing\\RouteRegistrar->group()
#4 /home/debian/VivaBioApp/vendor/laravel/framework/src/Illuminate/Container/BoundMethod.php(36): Illuminate\\Foundation\\Configuration\\ApplicationBuilder->Illuminate\\Foundation\\Configuration\\{closure}()
#5 /home/debian/VivaBioApp/vendor/laravel/framework/src/Illuminate/Container/Util.php(43): Illuminate\\Container\\BoundMethod::Illuminate\\Container\\{closure}()
#6 /home/debian/VivaBioApp/vendor/laravel/framework/src/Illuminate/Container/BoundMethod.php(84): Illuminate\\Container\\Util::unwrapIfClosure()
#7 /home/debian/VivaBioApp/vendor/laravel/framework/src/Illuminate/Container/BoundMethod.php(35): Illuminate\\Container\\BoundMethod::callBoundMethod()
#8 /home/debian/VivaBioApp/vendor/laravel/framework/src/Illuminate/Container/Container.php(836): Illuminate\\Container\\BoundMethod::call()
#9 /home/debian/VivaBioApp/vendor/laravel/framework/src/Illuminate/Foundation/Support/Providers/RouteServiceProvider.php(162): Illuminate\\Container\\Container->call()
#10 /home/debian/VivaBioApp/vendor/laravel/framework/src/Illuminate/Foundation/Support/Providers/RouteServiceProvider.php(59): Illuminate\\Foundation\\Support\\Providers\\RouteServiceProvider->loadRoutes()
#11 /home/debian/VivaBioApp/vendor/laravel/framework/src/Illuminate/Container/BoundMethod.php(36): Illuminate\\Foundation\\Support\\Providers\\RouteServiceProvider->Illuminate\\Foundation\\Support\\Providers\\{closure}()
#12 /home/debian/VivaBioApp/vendor/laravel/framework/src/Illuminate/Container/Util.php(43): Illuminate\\Container\\BoundMethod::Illuminate\\Container\\{closure}()
#13 /home/debian/VivaBioApp/vendor/laravel/framework/src/Illuminate/Container/BoundMethod.php(84): Illuminate\\Container\\Util::unwrapIfClosure()
#14 /home/debian/VivaBioApp/vendor/laravel/framework/src/Illuminate/Container/BoundMethod.php(35): Illuminate\\Container\\BoundMethod::callBoundMethod()
#15 /home/debian/VivaBioApp/vendor/laravel/framework/src/Illuminate/Container/Container.php(836): Illuminate\\Container\\BoundMethod::call()
#16 /home/debian/VivaBioApp/vendor/laravel/framework/src/Illuminate/Support/ServiceProvider.php(143): Illuminate\\Container\\Container->call()
#17 /home/debian/VivaBioApp/vendor/laravel/framework/src/Illuminate/Foundation/Application.php(1154): Illuminate\\Support\\ServiceProvider->callBootedCallbacks()
#18 /home/debian/VivaBioApp/vendor/laravel/framework/src/Illuminate/Foundation/Application.php(1132): Illuminate\\Foundation\\Application->bootProvider()
#19 [internal function]: Illuminate\\Foundation\\Application->Illuminate\\Foundation\\{closure}()
#20 /home/debian/VivaBioApp/vendor/laravel/framework/src/Illuminate/Foundation/Application.php(1131): array_walk()
#21 /home/debian/VivaBioApp/vendor/laravel/framework/src/Illuminate/Foundation/Bootstrap/BootProviders.php(17): Illuminate\\Foundation\\Application->boot()
#22 /home/debian/VivaBioApp/vendor/laravel/framework/src/Illuminate/Foundation/Application.php(342): Illuminate\\Foundation\\Bootstrap\\BootProviders->bootstrap()
#23 /home/debian/VivaBioApp/vendor/laravel/framework/src/Illuminate/Foundation/Console/Kernel.php(473): Illuminate\\Foundation\\Application->bootstrapWith()
#24 /home/debian/VivaBioApp/vendor/laravel/framework/src/Illuminate/Foundation/Console/Kernel.php(195): Illuminate\\Foundation\\Console\\Kernel->bootstrap()
#25 Command line code(1): Illuminate\\Foundation\\Console\\Kernel->handle()
#26 {main}
"} 
[2025-10-31 14:35:19] local.ERROR: syntax error, unexpected token "function", expecting ")" {"exception":"[object] (ParseError(code: 0): syntax error, unexpected token \"function\", expecting \")\" at /home/debian/VivaBioApp/routes/web.php:88)
[stacktrace]
#0 /home/debian/VivaBioApp/vendor/laravel/framework/src/Illuminate/Routing/Router.php(526): Illuminate\\Routing\\RouteFileRegistrar->register()
#1 /home/debian/VivaBioApp/vendor/laravel/framework/src/Illuminate/Routing/Router.php(480): Illuminate\\Routing\\Router->loadRoutes()
#2 /home/debian/VivaBioApp/vendor/laravel/framework/src/Illuminate/Routing/RouteRegistrar.php(210): Illuminate\\Routing\\Router->group()
#3 /home/debian/VivaBioApp/vendor/laravel/framework/src/Illuminate/Foundation/Configuration/ApplicationBuilder.php(248): Illuminate\\Routing\\RouteRegistrar->group()
#4 /home/debian/VivaBioApp/vendor/laravel/framework/src/Illuminate/Container/BoundMethod.php(36): Illuminate\\Foundation\\Configuration\\ApplicationBuilder->Illuminate\\Foundation\\Configuration\\{closure}()
#5 /home/debian/VivaBioApp/vendor/laravel/framework/src/Illuminate/Container/Util.php(43): Illuminate\\Container\\BoundMethod::Illuminate\\Container\\{closure}()
#6 /home/debian/VivaBioApp/vendor/laravel/framework/src/Illuminate/Container/BoundMethod.php(84): Illuminate\\Container\\Util::unwrapIfClosure()
#7 /home/debian/VivaBioApp/vendor/laravel/framework/src/Illuminate/Container/BoundMethod.php(35): Illuminate\\Container\\BoundMethod::callBoundMethod()
#8 /home/debian/VivaBioApp/vendor/laravel/framework/src/Illuminate/Container/Container.php(836): Illuminate\\Container\\BoundMethod::call()
#9 /home/debian/VivaBioApp/vendor/laravel/framework/src/Illuminate/Foundation/Support/Providers/RouteServiceProvider.php(162): Illuminate\\Container\\Container->call()
#10 /home/debian/VivaBioApp/vendor/laravel/framework/src/Illuminate/Foundation/Support/Providers/RouteServiceProvider.php(59): Illuminate\\Foundation\\Support\\Providers\\RouteServiceProvider->loadRoutes()
#11 /home/debian/VivaBioApp/vendor/laravel/framework/src/Illuminate/Container/BoundMethod.php(36): Illuminate\\Foundation\\Support\\Providers\\RouteServiceProvider->Illuminate\\Foundation\\Support\\Providers\\{closure}()
#12 /home/debian/VivaBioApp/vendor/laravel/framework/src/Illuminate/Container/Util.php(43): Illuminate\\Container\\BoundMethod::Illuminate\\Container\\{closure}()
#13 /home/debian/VivaBioApp/vendor/laravel/framework/src/Illuminate/Container/BoundMethod.php(84): Illuminate\\Container\\Util::unwrapIfClosure()
#14 /home/debian/VivaBioApp/vendor/laravel/framework/src/Illuminate/Container/BoundMethod.php(35): Illuminate\\Container\\BoundMethod::callBoundMethod()
#15 /home/debian/VivaBioApp/vendor/laravel/framework/src/Illuminate/Container/Container.php(836): Illuminate\\Container\\BoundMethod::call()
#16 /home/debian/VivaBioApp/vendor/laravel/framework/src/Illuminate/Support/ServiceProvider.php(143): Illuminate\\Container\\Container->call()
#17 /home/debian/VivaBioApp/vendor/laravel/framework/src/Illuminate/Foundation/Application.php(1154): Illuminate\\Support\\ServiceProvider->callBootedCallbacks()
#18 /home/debian/VivaBioApp/vendor/laravel/framework/src/Illuminate/Foundation/Application.php(1132): Illuminate\\Foundation\\Application->bootProvider()
#19 [internal function]: Illuminate\\Foundation\\Application->Illuminate\\Foundation\\{closure}()
#20 /home/debian/VivaBioApp/vendor/laravel/framework/src/Illuminate/Foundation/Application.php(1131): array_walk()
#21 /home/debian/VivaBioApp/vendor/laravel/framework/src/Illuminate/Foundation/Bootstrap/BootProviders.php(17): Illuminate\\Foundation\\Application->boot()
#22 /home/debian/VivaBioApp/vendor/laravel/framework/src/Illuminate/Foundation/Application.php(342): Illuminate\\Foundation\\Bootstrap\\BootProviders->bootstrap()
#23 /home/debian/VivaBioApp/vendor/laravel/framework/src/Illuminate/Foundation/Console/Kernel.php(473): Illuminate\\Foundation\\Application->bootstrapWith()
#24 /home/debian/VivaBioApp/vendor/laravel/framework/src/Illuminate/Foundation/Console/Kernel.php(195): Illuminate\\Foundation\\Console\\Kernel->bootstrap()
#25 Command line code(1): Illuminate\\Foundation\\Console\\Kernel->handle()
#26 {main}
"} 
[2025-10-31 14:35:19] local.ERROR: syntax error, unexpected token "function", expecting ")" {"exception":"[object] (ParseError(code: 0): syntax error, unexpected token \"function\", expecting \")\" at /home/debian/VivaBioApp/routes/web.php:88)
[stacktrace]
#0 /home/debian/VivaBioApp/vendor/laravel/framework/src/Illuminate/Routing/Router.php(526): Illuminate\\Routing\\RouteFileRegistrar->register()
#1 /home/debian/VivaBioApp/vendor/laravel/framework/src/Illuminate/Routing/Router.php(480): Illuminate\\Routing\\Router->loadRoutes()
#2 /home/debian/VivaBioApp/vendor/laravel/framework/src/Illuminate/Routing/RouteRegistrar.php(210): Illuminate\\Routing\\Router->group()
#3 /home/debian/VivaBioApp/vendor/laravel/framework/src/Illuminate/Foundation/Configuration/ApplicationBuilder.php(248): Illuminate\\Routing\\RouteRegistrar->group()
#4 /home/debian/VivaBioApp/vendor/laravel/framework/src/Illuminate/Container/BoundMethod.php(36): Illuminate\\Foundation\\Configuration\\ApplicationBuilder->Illuminate\\Foundation\\Configuration\\{closure}()
#5 /home/debian/VivaBioApp/vendor/laravel/framework/src/Illuminate/Container/Util.php(43): Illuminate\\Container\\BoundMethod::Illuminate\\Container\\{closure}()
#6 /home/debian/VivaBioApp/vendor/laravel/framework/src/Illuminate/Container/BoundMethod.php(84): Illuminate\\Container\\Util::unwrapIfClosure()
#7 /home/debian/VivaBioApp/vendor/laravel/framework/src/Illuminate/Container/BoundMethod.php(35): Illuminate\\Container\\BoundMethod::callBoundMethod()
#8 /home/debian/VivaBioApp/vendor/laravel/framework/src/Illuminate/Container/Container.php(836): Illuminate\\Container\\BoundMethod::call()
#9 /home/debian/VivaBioApp/vendor/laravel/framework/src/Illuminate/Foundation/Support/Providers/RouteServiceProvider.php(162): Illuminate\\Container\\Container->call()
#10 /home/debian/VivaBioApp/vendor/laravel/framework/src/Illuminate/Foundation/Support/Providers/RouteServiceProvider.php(59): Illuminate\\Foundation\\Support\\Providers\\RouteServiceProvider->loadRoutes()
#11 /home/debian/VivaBioApp/vendor/laravel/framework/src/Illuminate/Container/BoundMethod.php(36): Illuminate\\Foundation\\Support\\Providers\\RouteServiceProvider->Illuminate\\Foundation\\Support\\Providers\\{closure}()
#12 /home/debian/VivaBioApp/vendor/laravel/framework/src/Illuminate/Container/Util.php(43): Illuminate\\Container\\BoundMethod::Illuminate\\Container\\{closure}()
#13 /home/debian/VivaBioApp/vendor/laravel/framework/src/Illuminate/Container/BoundMethod.php(84): Illuminate\\Container\\Util::unwrapIfClosure()
#14 /home/debian/VivaBioApp/vendor/laravel/framework/src/Illuminate/Container/BoundMethod.php(35): Illuminate\\Container\\BoundMethod::callBoundMethod()
#15 /home/debian/VivaBioApp/vendor/laravel/framework/src/Illuminate/Container/Container.php(836): Illuminate\\Container\\BoundMethod::call()
#16 /home/debian/VivaBioApp/vendor/laravel/framework/src/Illuminate/Support/ServiceProvider.php(143): Illuminate\\Container\\Container->call()
#17 /home/debian/VivaBioApp/vendor/laravel/framework/src/Illuminate/Foundation/Application.php(1154): Illuminate\\Support\\ServiceProvider->callBootedCallbacks()
#18 /home/debian/VivaBioApp/vendor/laravel/framework/src/Illuminate/Foundation/Application.php(1132): Illuminate\\Foundation\\Application->bootProvider()
#19 [internal function]: Illuminate\\Foundation\\Application->Illuminate\\Foundation\\{closure}()
#20 /home/debian/VivaBioApp/vendor/laravel/framework/src/Illuminate/Foundation/Application.php(1131): array_walk()
#21 /home/debian/VivaBioApp/vendor/laravel/framework/src/Illuminate/Foundation/Bootstrap/BootProviders.php(17): Illuminate\\Foundation\\Application->boot()
#22 /home/debian/VivaBioApp/vendor/laravel/framework/src/Illuminate/Foundation/Application.php(342): Illuminate\\Foundation\\Bootstrap\\BootProviders->bootstrap()
#23 /home/debian/VivaBioApp/vendor/laravel/framework/src/Illuminate/Foundation/Console/Kernel.php(473): Illuminate\\Foundation\\Application->bootstrapWith()
#24 /home/debian/VivaBioApp/vendor/laravel/framework/src/Illuminate/Foundation/Console/Kernel.php(195): Illuminate\\Foundation\\Console\\Kernel->bootstrap()
#25 Command line code(1): Illuminate\\Foundation\\Console\\Kernel->handle()
#26 {main}
"} 
[2025-10-31 14:35:19] local.ERROR: syntax error, unexpected token "function", expecting ")" {"exception":"[object] (ParseError(code: 0): syntax error, unexpected token \"function\", expecting \")\" at /home/debian/VivaBioApp/routes/web.php:88)
[stacktrace]
#0 /home/debian/VivaBioApp/vendor/laravel/framework/src/Illuminate/Routing/Router.php(526): Illuminate\\Routing\\RouteFileRegistrar->register()
#1 /home/debian/VivaBioApp/vendor/laravel/framework/src/Illuminate/Routing/Router.php(480): Illuminate\\Routing\\Router->loadRoutes()
#2 /home/debian/VivaBioApp/vendor/laravel/framework/src/Illuminate/Routing/RouteRegistrar.php(210): Illuminate\\Routing\\Router->group()
#3 /home/debian/VivaBioApp/vendor/laravel/framework/src/Illuminate/Foundation/Configuration/ApplicationBuilder.php(248): Illuminate\\Routing\\RouteRegistrar->group()
#4 /home/debian/VivaBioApp/vendor/laravel/framework/src/Illuminate/Container/BoundMethod.php(36): Illuminate\\Foundation\\Configuration\\ApplicationBuilder->Illuminate\\Foundation\\Configuration\\{closure}()
#5 /home/debian/VivaBioApp/vendor/laravel/framework/src/Illuminate/Container/Util.php(43): Illuminate\\Container\\BoundMethod::Illuminate\\Container\\{closure}()
#6 /home/debian/VivaBioApp/vendor/laravel/framework/src/Illuminate/Container/BoundMethod.php(84): Illuminate\\Container\\Util::unwrapIfClosure()
#7 /home/debian/VivaBioApp/vendor/laravel/framework/src/Illuminate/Container/BoundMethod.php(35): Illuminate\\Container\\BoundMethod::callBoundMethod()
#8 /home/debian/VivaBioApp/vendor/laravel/framework/src/Illuminate/Container/Container.php(836): Illuminate\\Container\\BoundMethod::call()
#9 /home/debian/VivaBioApp/vendor/laravel/framework/src/Illuminate/Foundation/Support/Providers/RouteServiceProvider.php(162): Illuminate\\Container\\Container->call()
#10 /home/debian/VivaBioApp/vendor/laravel/framework/src/Illuminate/Foundation/Support/Providers/RouteServiceProvider.php(59): Illuminate\\Foundation\\Support\\Providers\\RouteServiceProvider->loadRoutes()
#11 /home/debian/VivaBioApp/vendor/laravel/framework/src/Illuminate/Container/BoundMethod.php(36): Illuminate\\Foundation\\Support\\Providers\\RouteServiceProvider->Illuminate\\Foundation\\Support\\Providers\\{closure}()
#12 /home/debian/VivaBioApp/vendor/laravel/framework/src/Illuminate/Container/Util.php(43): Illuminate\\Container\\BoundMethod::Illuminate\\Container\\{closure}()
#13 /home/debian/VivaBioApp/vendor/laravel/framework/src/Illuminate/Container/BoundMethod.php(84): Illuminate\\Container\\Util::unwrapIfClosure()
#14 /home/debian/VivaBioApp/vendor/laravel/framework/src/Illuminate/Container/BoundMethod.php(35): Illuminate\\Container\\BoundMethod::callBoundMethod()
#15 /home/debian/VivaBioApp/vendor/laravel/framework/src/Illuminate/Container/Container.php(836): Illuminate\\Container\\BoundMethod::call()
#16 /home/debian/VivaBioApp/vendor/laravel/framework/src/Illuminate/Support/ServiceProvider.php(143): Illuminate\\Container\\Container->call()
#17 /home/debian/VivaBioApp/vendor/laravel/framework/src/Illuminate/Foundation/Application.php(1154): Illuminate\\Support\\ServiceProvider->callBootedCallbacks()
#18 /home/debian/VivaBioApp/vendor/laravel/framework/src/Illuminate/Foundation/Application.php(1132): Illuminate\\Foundation\\Application->bootProvider()
#19 [internal function]: Illuminate\\Foundation\\Application->Illuminate\\Foundation\\{closure}()
#20 /home/debian/VivaBioApp/vendor/laravel/framework/src/Illuminate/Foundation/Application.php(1131): array_walk()
#21 /home/debian/VivaBioApp/vendor/laravel/framework/src/Illuminate/Foundation/Bootstrap/BootProviders.php(17): Illuminate\\Foundation\\Application->boot()
#22 /home/debian/VivaBioApp/vendor/laravel/framework/src/Illuminate/Foundation/Application.php(342): Illuminate\\Foundation\\Bootstrap\\BootProviders->bootstrap()
#23 /home/debian/VivaBioApp/vendor/laravel/framework/src/Illuminate/Foundation/Console/Kernel.php(473): Illuminate\\Foundation\\Application->bootstrapWith()
#24 /home/debian/VivaBioApp/vendor/laravel/framework/src/Illuminate/Foundation/Console/Kernel.php(195): Illuminate\\Foundation\\Console\\Kernel->bootstrap()
#25 Command line code(1): Illuminate\\Foundation\\Console\\Kernel->handle()
#26 {main}
"} 
[2025-10-31 14:35:19] local.ERROR: syntax error, unexpected token "function", expecting ")" {"exception":"[object] (ParseError(code: 0): syntax error, unexpected token \"function\", expecting \")\" at /home/debian/VivaBioApp/routes/web.php:88)
[stacktrace]
#0 /home/debian/VivaBioApp/vendor/laravel/framework/src/Illuminate/Routing/Router.php(526): Illuminate\\Routing\\RouteFileRegistrar->register()
#1 /home/debian/VivaBioApp/vendor/laravel/framework/src/Illuminate/Routing/Router.php(480): Illuminate\\Routing\\Router->loadRoutes()
#2 /home/debian/VivaBioApp/vendor/laravel/framework/src/Illuminate/Routing/RouteRegistrar.php(210): Illuminate\\Routing\\Router->group()
#3 /home/debian/VivaBioApp/vendor/laravel/framework/src/Illuminate/Foundation/Configuration/ApplicationBuilder.php(248): Illuminate\\Routing\\RouteRegistrar->group()
#4 /home/debian/VivaBioApp/vendor/laravel/framework/src/Illuminate/Container/BoundMethod.php(36): Illuminate\\Foundation\\Configuration\\ApplicationBuilder->Illuminate\\Foundation\\Configuration\\{closure}()
#5 /home/debian/VivaBioApp/vendor/laravel/framework/src/Illuminate/Container/Util.php(43): Illuminate\\Container\\BoundMethod::Illuminate\\Container\\{closure}()
#6 /home/debian/VivaBioApp/vendor/laravel/framework/src/Illuminate/Container/BoundMethod.php(84): Illuminate\\Container\\Util::unwrapIfClosure()
#7 /home/debian/VivaBioApp/vendor/laravel/framework/src/Illuminate/Container/BoundMethod.php(35): Illuminate\\Container\\BoundMethod::callBoundMethod()
#8 /home/debian/VivaBioApp/vendor/laravel/framework/src/Illuminate/Container/Container.php(836): Illuminate\\Container\\BoundMethod::call()
#9 /home/debian/VivaBioApp/vendor/laravel/framework/src/Illuminate/Foundation/Support/Providers/RouteServiceProvider.php(162): Illuminate\\Container\\Container->call()
#10 /home/debian/VivaBioApp/vendor/laravel/framework/src/Illuminate/Foundation/Support/Providers/RouteServiceProvider.php(59): Illuminate\\Foundation\\Support\\Providers\\RouteServiceProvider->loadRoutes()
#11 /home/debian/VivaBioApp/vendor/laravel/framework/src/Illuminate/Container/BoundMethod.php(36): Illuminate\\Foundation\\Support\\Providers\\RouteServiceProvider->Illuminate\\Foundation\\Support\\Providers\\{closure}()
#12 /home/debian/VivaBioApp/vendor/laravel/framework/src/Illuminate/Container/Util.php(43): Illuminate\\Container\\BoundMethod::Illuminate\\Container\\{closure}()
#13 /home/debian/VivaBioApp/vendor/laravel/framework/src/Illuminate/Container/BoundMethod.php(84): Illuminate\\Container\\Util::unwrapIfClosure()
#14 /home/debian/VivaBioApp/vendor/laravel/framework/src/Illuminate/Container/BoundMethod.php(35): Illuminate\\Container\\BoundMethod::callBoundMethod()
#15 /home/debian/VivaBioApp/vendor/laravel/framework/src/Illuminate/Container/Container.php(836): Illuminate\\Container\\BoundMethod::call()
#16 /home/debian/VivaBioApp/vendor/laravel/framework/src/Illuminate/Support/ServiceProvider.php(143): Illuminate\\Container\\Container->call()
#17 /home/debian/VivaBioApp/vendor/laravel/framework/src/Illuminate/Foundation/Application.php(1154): Illuminate\\Support\\ServiceProvider->callBootedCallbacks()
#18 /home/debian/VivaBioApp/vendor/laravel/framework/src/Illuminate/Foundation/Application.php(1132): Illuminate\\Foundation\\Application->bootProvider()
#19 [internal function]: Illuminate\\Foundation\\Application->Illuminate\\Foundation\\{closure}()
#20 /home/debian/VivaBioApp/vendor/laravel/framework/src/Illuminate/Foundation/Application.php(1131): array_walk()
#21 /home/debian/VivaBioApp/vendor/laravel/framework/src/Illuminate/Foundation/Bootstrap/BootProviders.php(17): Illuminate\\Foundation\\Application->boot()
#22 /home/debian/VivaBioApp/vendor/laravel/framework/src/Illuminate/Foundation/Application.php(342): Illuminate\\Foundation\\Bootstrap\\BootProviders->bootstrap()
#23 /home/debian/VivaBioApp/vendor/laravel/framework/src/Illuminate/Foundation/Console/Kernel.php(473): Illuminate\\Foundation\\Application->bootstrapWith()
#24 /home/debian/VivaBioApp/vendor/laravel/framework/src/Illuminate/Foundation/Console/Kernel.php(195): Illuminate\\Foundation\\Console\\Kernel->bootstrap()
#25 Command line code(1): Illuminate\\Foundation\\Console\\Kernel->handle()
#26 {main}
"} 
[2025-10-31 14:35:19] local.ERROR: syntax error, unexpected token "function", expecting ")" {"exception":"[object] (ParseError(code: 0): syntax error, unexpected token \"function\", expecting \")\" at /home/debian/VivaBioApp/routes/web.php:88)
[stacktrace]
#0 /home/debian/VivaBioApp/vendor/laravel/framework/src/Illuminate/Routing/Router.php(526): Illuminate\\Routing\\RouteFileRegistrar->register()
#1 /home/debian/VivaBioApp/vendor/laravel/framework/src/Illuminate/Routing/Router.php(480): Illuminate\\Routing\\Router->loadRoutes()
#2 /home/debian/VivaBioApp/vendor/laravel/framework/src/Illuminate/Routing/RouteRegistrar.php(210): Illuminate\\Routing\\Router->group()
#3 /home/debian/VivaBioApp/vendor/laravel/framework/src/Illuminate/Foundation/Configuration/ApplicationBuilder.php(248): Illuminate\\Routing\\RouteRegistrar->group()
#4 /home/debian/VivaBioApp/vendor/laravel/framework/src/Illuminate/Container/BoundMethod.php(36): Illuminate\\Foundation\\Configuration\\ApplicationBuilder->Illuminate\\Foundation\\Configuration\\{closure}()
#5 /home/debian/VivaBioApp/vendor/laravel/framework/src/Illuminate/Container/Util.php(43): Illuminate\\Container\\BoundMethod::Illuminate\\Container\\{closure}()
#6 /home/debian/VivaBioApp/vendor/laravel/framework/src/Illuminate/Container/BoundMethod.php(84): Illuminate\\Container\\Util::unwrapIfClosure()
#7 /home/debian/VivaBioApp/vendor/laravel/framework/src/Illuminate/Container/BoundMethod.php(35): Illuminate\\Container\\BoundMethod::callBoundMethod()
#8 /home/debian/VivaBioApp/vendor/laravel/framework/src/Illuminate/Container/Container.php(836): Illuminate\\Container\\BoundMethod::call()
#9 /home/debian/VivaBioApp/vendor/laravel/framework/src/Illuminate/Foundation/Support/Providers/RouteServiceProvider.php(162): Illuminate\\Container\\Container->call()
#10 /home/debian/VivaBioApp/vendor/laravel/framework/src/Illuminate/Foundation/Support/Providers/RouteServiceProvider.php(59): Illuminate\\Foundation\\Support\\Providers\\RouteServiceProvider->loadRoutes()
#11 /home/debian/VivaBioApp/vendor/laravel/framework/src/Illuminate/Container/BoundMethod.php(36): Illuminate\\Foundation\\Support\\Providers\\RouteServiceProvider->Illuminate\\Foundation\\Support\\Providers\\{closure}()
#12 /home/debian/VivaBioApp/vendor/laravel/framework/src/Illuminate/Container/Util.php(43): Illuminate\\Container\\BoundMethod::Illuminate\\Container\\{closure}()
#13 /home/debian/VivaBioApp/vendor/laravel/framework/src/Illuminate/Container/BoundMethod.php(84): Illuminate\\Container\\Util::unwrapIfClosure()
#14 /home/debian/VivaBioApp/vendor/laravel/framework/src/Illuminate/Container/BoundMethod.php(35): Illuminate\\Container\\BoundMethod::callBoundMethod()
#15 /home/debian/VivaBioApp/vendor/laravel/framework/src/Illuminate/Container/Container.php(836): Illuminate\\Container\\BoundMethod::call()
#16 /home/debian/VivaBioApp/vendor/laravel/framework/src/Illuminate/Support/ServiceProvider.php(143): Illuminate\\Container\\Container->call()
#17 /home/debian/VivaBioApp/vendor/laravel/framework/src/Illuminate/Foundation/Application.php(1154): Illuminate\\Support\\ServiceProvider->callBootedCallbacks()
#18 /home/debian/VivaBioApp/vendor/laravel/framework/src/Illuminate/Foundation/Application.php(1132): Illuminate\\Foundation\\Application->bootProvider()
#19 [internal function]: Illuminate\\Foundation\\Application->Illuminate\\Foundation\\{closure}()
#20 /home/debian/VivaBioApp/vendor/laravel/framework/src/Illuminate/Foundation/Application.php(1131): array_walk()
#21 /home/debian/VivaBioApp/vendor/laravel/framework/src/Illuminate/Foundation/Bootstrap/BootProviders.php(17): Illuminate\\Foundation\\Application->boot()
#22 /home/debian/VivaBioApp/vendor/laravel/framework/src/Illuminate/Foundation/Application.php(342): Illuminate\\Foundation\\Bootstrap\\BootProviders->bootstrap()
#23 /home/debian/VivaBioApp/vendor/laravel/framework/src/Illuminate/Foundation/Console/Kernel.php(473): Illuminate\\Foundation\\Application->bootstrapWith()
#24 /home/debian/VivaBioApp/vendor/laravel/framework/src/Illuminate/Foundation/Console/Kernel.php(195): Illuminate\\Foundation\\Console\\Kernel->bootstrap()
#25 Command line code(1): Illuminate\\Foundation\\Console\\Kernel->handle()
#26 {main}
"} 
[2025-10-31 14:36:13] local.ERROR: SQLSTATE[HY000] [1698] Access denied for user 'root'@'localhost' (Connection: mariadb, SQL: select exists (select 1 from information_schema.tables where table_schema = schema() and table_name = 'migrations' and table_type in ('BASE TABLE', 'SYSTEM VERSIONED')) as `exists`) {"exception":"[object] (Illuminate\\Database\\QueryException(code: 1698): SQLSTATE[HY000] [1698] Access denied for user 'root'@'localhost' (Connection: mariadb, SQL: select exists (select 1 from information_schema.tables where table_schema = schema() and table_name = 'migrations' and table_type in ('BASE TABLE', 'SYSTEM VERSIONED')) as `exists`) at /home/debian/VivaBioApp/vendor/laravel/framework/src/Illuminate/Database/Connection.php:824)
[stacktrace]
#0 /home/debian/VivaBioApp/vendor/laravel/framework/src/Illuminate/Database/Connection.php(778): Illuminate\\Database\\Connection->runQueryCallback()
#1 /home/debian/VivaBioApp/vendor/laravel/framework/src/Illuminate/Database/Connection.php(397): Illuminate\\Database\\Connection->run()
#2 /home/debian/VivaBioApp/vendor/laravel/framework/src/Illuminate/Database/Connection.php(343): Illuminate\\Database\\Connection->select()
#3 /home/debian/VivaBioApp/vendor/laravel/framework/src/Illuminate/Database/Connection.php(360): Illuminate\\Database\\Connection->selectOne()
#4 /home/debian/VivaBioApp/vendor/laravel/framework/src/Illuminate/Database/Schema/Builder.php(174): Illuminate\\Database\\Connection->scalar()
#5 /home/debian/VivaBioApp/vendor/laravel/framework/src/Illuminate/Database/Migrations/DatabaseMigrationRepository.php(185): Illuminate\\Database\\Schema\\Builder->hasTable()
#6 /home/debian/VivaBioApp/vendor/laravel/framework/src/Illuminate/Database/Migrations/Migrator.php(753): Illuminate\\Database\\Migrations\\DatabaseMigrationRepository->repositoryExists()
#7 /home/debian/VivaBioApp/vendor/laravel/framework/src/Illuminate/Database/Console/Migrations/MigrateCommand.php(164): Illuminate\\Database\\Migrations\\Migrator->repositoryExists()
#8 /home/debian/VivaBioApp/vendor/laravel/framework/src/Illuminate/Support/helpers.php(329): Illuminate\\Database\\Console\\Migrations\\MigrateCommand->Illuminate\\Database\\Console\\Migrations\\{closure}()
#9 /home/debian/VivaBioApp/vendor/laravel/framework/src/Illuminate/Database/Console/Migrations/MigrateCommand.php(164): retry()
#10 /home/debian/VivaBioApp/vendor/laravel/framework/src/Illuminate/Database/Console/Migrations/MigrateCommand.php(140): Illuminate\\Database\\Console\\Migrations\\MigrateCommand->repositoryExists()
#11 /home/debian/VivaBioApp/vendor/laravel/framework/src/Illuminate/Database/Console/Migrations/MigrateCommand.php(110): Illuminate\\Database\\Console\\Migrations\\MigrateCommand->prepareDatabase()
#12 /home/debian/VivaBioApp/vendor/laravel/framework/src/Illuminate/Database/Migrations/Migrator.php(666): Illuminate\\Database\\Console\\Migrations\\MigrateCommand->Illuminate\\Database\\Console\\Migrations\\{closure}()
#13 /home/debian/VivaBioApp/vendor/laravel/framework/src/Illuminate/Database/Console/Migrations/MigrateCommand.php(109): Illuminate\\Database\\Migrations\\Migrator->usingConnection()
#14 /home/debian/VivaBioApp/vendor/laravel/framework/src/Illuminate/Database/Console/Migrations/MigrateCommand.php(88): Illuminate\\Database\\Console\\Migrations\\MigrateCommand->runMigrations()
#15 /home/debian/VivaBioApp/vendor/laravel/framework/src/Illuminate/Container/BoundMethod.php(36): Illuminate\\Database\\Console\\Migrations\\MigrateCommand->handle()
#16 /home/debian/VivaBioApp/vendor/laravel/framework/src/Illuminate/Container/Util.php(43): Illuminate\\Container\\BoundMethod::Illuminate\\Container\\{closure}()
#17 /home/debian/VivaBioApp/vendor/laravel/framework/src/Illuminate/Container/BoundMethod.php(96): Illuminate\\Container\\Util::unwrapIfClosure()
#18 /home/debian/VivaBioApp/vendor/laravel/framework/src/Illuminate/Container/BoundMethod.php(35): Illuminate\\Container\\BoundMethod::callBoundMethod()
#19 /home/debian/VivaBioApp/vendor/laravel/framework/src/Illuminate/Container/Container.php(836): Illuminate\\Container\\BoundMethod::call()
#20 /home/debian/VivaBioApp/vendor/laravel/framework/src/Illuminate/Console/Command.php(211): Illuminate\\Container\\Container->call()
#21 /home/debian/VivaBioApp/vendor/symfony/console/Command/Command.php(318): Illuminate\\Console\\Command->execute()
#22 /home/debian/VivaBioApp/vendor/laravel/framework/src/Illuminate/Console/Command.php(180): Symfony\\Component\\Console\\Command\\Command->run()
#23 /home/debian/VivaBioApp/vendor/symfony/console/Application.php(1110): Illuminate\\Console\\Command->run()
#24 /home/debian/VivaBioApp/vendor/symfony/console/Application.php(359): Symfony\\Component\\Console\\Application->doRunCommand()
#25 /home/debian/VivaBioApp/vendor/symfony/console/Application.php(194): Symfony\\Component\\Console\\Application->doRun()
#26 /home/debian/VivaBioApp/vendor/laravel/framework/src/Illuminate/Foundation/Console/Kernel.php(197): Symfony\\Component\\Console\\Application->run()
#27 /home/debian/VivaBioApp/vendor/laravel/framework/src/Illuminate/Foundation/Application.php(1235): Illuminate\\Foundation\\Console\\Kernel->handle()
#28 /home/debian/VivaBioApp/artisan(16): Illuminate\\Foundation\\Application->handleCommand()
#29 {main}

[previous exception] [object] (PDOException(code: 1698): SQLSTATE[HY000] [1698] Access denied for user 'root'@'localhost' at /home/debian/VivaBioApp/vendor/laravel/framework/src/Illuminate/Database/Connectors/Connector.php:66)
[stacktrace]
#0 /home/debian/VivaBioApp/vendor/laravel/framework/src/Illuminate/Database/Connectors/Connector.php(66): PDO->__construct()
#1 /home/debian/VivaBioApp/vendor/laravel/framework/src/Illuminate/Database/Connectors/Connector.php(44): Illuminate\\Database\\Connectors\\Connector->createPdoConnection()
#2 /home/debian/VivaBioApp/vendor/laravel/framework/src/Illuminate/Database/Connectors/MySqlConnector.php(24): Illuminate\\Database\\Connectors\\Connector->createConnection()
#3 /home/debian/VivaBioApp/vendor/laravel/framework/src/Illuminate/Database/Connectors/ConnectionFactory.php(184): Illuminate\\Database\\Connectors\\MySqlConnector->connect()
#4 [internal function]: Illuminate\\Database\\Connectors\\ConnectionFactory->Illuminate\\Database\\Connectors\\{closure}()
#5 /home/debian/VivaBioApp/vendor/laravel/framework/src/Illuminate/Database/Connection.php(1230): call_user_func()
#6 /home/debian/VivaBioApp/vendor/laravel/framework/src/Illuminate/Database/Connection.php(1266): Illuminate\\Database\\Connection->getPdo()
#7 /home/debian/VivaBioApp/vendor/laravel/framework/src/Illuminate/Database/Connection.php(511): Illuminate\\Database\\Connection->getReadPdo()
#8 /home/debian/VivaBioApp/vendor/laravel/framework/src/Illuminate/Database/Connection.php(406): Illuminate\\Database\\Connection->getPdoForSelect()
#9 /home/debian/VivaBioApp/vendor/laravel/framework/src/Illuminate/Database/Connection.php(811): Illuminate\\Database\\Connection->Illuminate\\Database\\{closure}()
#10 /home/debian/VivaBioApp/vendor/laravel/framework/src/Illuminate/Database/Connection.php(778): Illuminate\\Database\\Connection->runQueryCallback()
#11 /home/debian/VivaBioApp/vendor/laravel/framework/src/Illuminate/Database/Connection.php(397): Illuminate\\Database\\Connection->run()
#12 /home/debian/VivaBioApp/vendor/laravel/framework/src/Illuminate/Database/Connection.php(343): Illuminate\\Database\\Connection->select()
#13 /home/debian/VivaBioApp/vendor/laravel/framework/src/Illuminate/Database/Connection.php(360): Illuminate\\Database\\Connection->selectOne()
#14 /home/debian/VivaBioApp/vendor/laravel/framework/src/Illuminate/Database/Schema/Builder.php(174): Illuminate\\Database\\Connection->scalar()
#15 /home/debian/VivaBioApp/vendor/laravel/framework/src/Illuminate/Database/Migrations/DatabaseMigrationRepository.php(185): Illuminate\\Database\\Schema\\Builder->hasTable()
#16 /home/debian/VivaBioApp/vendor/laravel/framework/src/Illuminate/Database/Migrations/Migrator.php(753): Illuminate\\Database\\Migrations\\DatabaseMigrationRepository->repositoryExists()
#17 /home/debian/VivaBioApp/vendor/laravel/framework/src/Illuminate/Database/Console/Migrations/MigrateCommand.php(164): Illuminate\\Database\\Migrations\\Migrator->repositoryExists()
#18 /home/debian/VivaBioApp/vendor/laravel/framework/src/Illuminate/Support/helpers.php(329): Illuminate\\Database\\Console\\Migrations\\MigrateCommand->Illuminate\\Database\\Console\\Migrations\\{closure}()
#19 /home/debian/VivaBioApp/vendor/laravel/framework/src/Illuminate/Database/Console/Migrations/MigrateCommand.php(164): retry()
#20 /home/debian/VivaBioApp/vendor/laravel/framework/src/Illuminate/Database/Console/Migrations/MigrateCommand.php(140): Illuminate\\Database\\Console\\Migrations\\MigrateCommand->repositoryExists()
#21 /home/debian/VivaBioApp/vendor/laravel/framework/src/Illuminate/Database/Console/Migrations/MigrateCommand.php(110): Illuminate\\Database\\Console\\Migrations\\MigrateCommand->prepareDatabase()
#22 /home/debian/VivaBioApp/vendor/laravel/framework/src/Illuminate/Database/Migrations/Migrator.php(666): Illuminate\\Database\\Console\\Migrations\\MigrateCommand->Illuminate\\Database\\Console\\Migrations\\{closure}()
#23 /home/debian/VivaBioApp/vendor/laravel/framework/src/Illuminate/Database/Console/Migrations/MigrateCommand.php(109): Illuminate\\Database\\Migrations\\Migrator->usingConnection()
#24 /home/debian/VivaBioApp/vendor/laravel/framework/src/Illuminate/Database/Console/Migrations/MigrateCommand.php(88): Illuminate\\Database\\Console\\Migrations\\MigrateCommand->runMigrations()
#25 /home/debian/VivaBioApp/vendor/laravel/framework/src/Illuminate/Container/BoundMethod.php(36): Illuminate\\Database\\Console\\Migrations\\MigrateCommand->handle()
#26 /home/debian/VivaBioApp/vendor/laravel/framework/src/Illuminate/Container/Util.php(43): Illuminate\\Container\\BoundMethod::Illuminate\\Container\\{closure}()
#27 /home/debian/VivaBioApp/vendor/laravel/framework/src/Illuminate/Container/BoundMethod.php(96): Illuminate\\Container\\Util::unwrapIfClosure()
#28 /home/debian/VivaBioApp/vendor/laravel/framework/src/Illuminate/Container/BoundMethod.php(35): Illuminate\\Container\\BoundMethod::callBoundMethod()
#29 /home/debian/VivaBioApp/vendor/laravel/framework/src/Illuminate/Container/Container.php(836): Illuminate\\Container\\BoundMethod::call()
#30 /home/debian/VivaBioApp/vendor/laravel/framework/src/Illuminate/Console/Command.php(211): Illuminate\\Container\\Container->call()
#31 /home/debian/VivaBioApp/vendor/symfony/console/Command/Command.php(318): Illuminate\\Console\\Command->execute()
#32 /home/debian/VivaBioApp/vendor/laravel/framework/src/Illuminate/Console/Command.php(180): Symfony\\Component\\Console\\Command\\Command->run()
#33 /home/debian/VivaBioApp/vendor/symfony/console/Application.php(1110): Illuminate\\Console\\Command->run()
#34 /home/debian/VivaBioApp/vendor/symfony/console/Application.php(359): Symfony\\Component\\Console\\Application->doRunCommand()
#35 /home/debian/VivaBioApp/vendor/symfony/console/Application.php(194): Symfony\\Component\\Console\\Application->doRun()
#36 /home/debian/VivaBioApp/vendor/laravel/framework/src/Illuminate/Foundation/Console/Kernel.php(197): Symfony\\Component\\Console\\Application->run()
#37 /home/debian/VivaBioApp/vendor/laravel/framework/src/Illuminate/Foundation/Application.php(1235): Illuminate\\Foundation\\Console\\Kernel->handle()
#38 /home/debian/VivaBioApp/artisan(16): Illuminate\\Foundation\\Application->handleCommand()
#39 {main}
"} 
[2025-10-31 14:37:42] local.ERROR: SQLSTATE[HY000] [1698] Access denied for user 'root'@'localhost' (Connection: mariadb, SQL: select exists (select 1 from information_schema.tables where table_schema = schema() and table_name = 'migrations' and table_type in ('BASE TABLE', 'SYSTEM VERSIONED')) as `exists`) {"exception":"[object] (Illuminate\\Database\\QueryException(code: 1698): SQLSTATE[HY000] [1698] Access denied for user 'root'@'localhost' (Connection: mariadb, SQL: select exists (select 1 from information_schema.tables where table_schema = schema() and table_name = 'migrations' and table_type in ('BASE TABLE', 'SYSTEM VERSIONED')) as `exists`) at /home/debian/VivaBioApp/vendor/laravel/framework/src/Illuminate/Database/Connection.php:824)
[stacktrace]
#0 /home/debian/VivaBioApp/vendor/laravel/framework/src/Illuminate/Database/Connection.php(778): Illuminate\\Database\\Connection->runQueryCallback()
#1 /home/debian/VivaBioApp/vendor/laravel/framework/src/Illuminate/Database/Connection.php(397): Illuminate\\Database\\Connection->run()
#2 /home/debian/VivaBioApp/vendor/laravel/framework/src/Illuminate/Database/Connection.php(343): Illuminate\\Database\\Connection->select()
#3 /home/debian/VivaBioApp/vendor/laravel/framework/src/Illuminate/Database/Connection.php(360): Illuminate\\Database\\Connection->selectOne()
#4 /home/debian/VivaBioApp/vendor/laravel/framework/src/Illuminate/Database/Schema/Builder.php(174): Illuminate\\Database\\Connection->scalar()
#5 /home/debian/VivaBioApp/vendor/laravel/framework/src/Illuminate/Database/Migrations/DatabaseMigrationRepository.php(185): Illuminate\\Database\\Schema\\Builder->hasTable()
#6 /home/debian/VivaBioApp/vendor/laravel/framework/src/Illuminate/Database/Migrations/Migrator.php(753): Illuminate\\Database\\Migrations\\DatabaseMigrationRepository->repositoryExists()
#7 /home/debian/VivaBioApp/vendor/laravel/framework/src/Illuminate/Database/Console/Migrations/MigrateCommand.php(164): Illuminate\\Database\\Migrations\\Migrator->repositoryExists()
#8 /home/debian/VivaBioApp/vendor/laravel/framework/src/Illuminate/Support/helpers.php(329): Illuminate\\Database\\Console\\Migrations\\MigrateCommand->Illuminate\\Database\\Console\\Migrations\\{closure}()
#9 /home/debian/VivaBioApp/vendor/laravel/framework/src/Illuminate/Database/Console/Migrations/MigrateCommand.php(164): retry()
#10 /home/debian/VivaBioApp/vendor/laravel/framework/src/Illuminate/Database/Console/Migrations/MigrateCommand.php(140): Illuminate\\Database\\Console\\Migrations\\MigrateCommand->repositoryExists()
#11 /home/debian/VivaBioApp/vendor/laravel/framework/src/Illuminate/Database/Console/Migrations/MigrateCommand.php(110): Illuminate\\Database\\Console\\Migrations\\MigrateCommand->prepareDatabase()
#12 /home/debian/VivaBioApp/vendor/laravel/framework/src/Illuminate/Database/Migrations/Migrator.php(666): Illuminate\\Database\\Console\\Migrations\\MigrateCommand->Illuminate\\Database\\Console\\Migrations\\{closure}()
#13 /home/debian/VivaBioApp/vendor/laravel/framework/src/Illuminate/Database/Console/Migrations/MigrateCommand.php(109): Illuminate\\Database\\Migrations\\Migrator->usingConnection()
#14 /home/debian/VivaBioApp/vendor/laravel/framework/src/Illuminate/Database/Console/Migrations/MigrateCommand.php(88): Illuminate\\Database\\Console\\Migrations\\MigrateCommand->runMigrations()
#15 /home/debian/VivaBioApp/vendor/laravel/framework/src/Illuminate/Container/BoundMethod.php(36): Illuminate\\Database\\Console\\Migrations\\MigrateCommand->handle()
#16 /home/debian/VivaBioApp/vendor/laravel/framework/src/Illuminate/Container/Util.php(43): Illuminate\\Container\\BoundMethod::Illuminate\\Container\\{closure}()
#17 /home/debian/VivaBioApp/vendor/laravel/framework/src/Illuminate/Container/BoundMethod.php(96): Illuminate\\Container\\Util::unwrapIfClosure()
#18 /home/debian/VivaBioApp/vendor/laravel/framework/src/Illuminate/Container/BoundMethod.php(35): Illuminate\\Container\\BoundMethod::callBoundMethod()
#19 /home/debian/VivaBioApp/vendor/laravel/framework/src/Illuminate/Container/Container.php(836): Illuminate\\Container\\BoundMethod::call()
#20 /home/debian/VivaBioApp/vendor/laravel/framework/src/Illuminate/Console/Command.php(211): Illuminate\\Container\\Container->call()
#21 /home/debian/VivaBioApp/vendor/symfony/console/Command/Command.php(318): Illuminate\\Console\\Command->execute()
#22 /home/debian/VivaBioApp/vendor/laravel/framework/src/Illuminate/Console/Command.php(180): Symfony\\Component\\Console\\Command\\Command->run()
#23 /home/debian/VivaBioApp/vendor/symfony/console/Application.php(1110): Illuminate\\Console\\Command->run()
#24 /home/debian/VivaBioApp/vendor/symfony/console/Application.php(359): Symfony\\Component\\Console\\Application->doRunCommand()
#25 /home/debian/VivaBioApp/vendor/symfony/console/Application.php(194): Symfony\\Component\\Console\\Application->doRun()
#26 /home/debian/VivaBioApp/vendor/laravel/framework/src/Illuminate/Foundation/Console/Kernel.php(197): Symfony\\Component\\Console\\Application->run()
#27 /home/debian/VivaBioApp/vendor/laravel/framework/src/Illuminate/Foundation/Application.php(1235): Illuminate\\Foundation\\Console\\Kernel->handle()
#28 /home/debian/VivaBioApp/artisan(16): Illuminate\\Foundation\\Application->handleCommand()
#29 {main}

[previous exception] [object] (PDOException(code: 1698): SQLSTATE[HY000] [1698] Access denied for user 'root'@'localhost' at /home/debian/VivaBioApp/vendor/laravel/framework/src/Illuminate/Database/Connectors/Connector.php:66)
[stacktrace]
#0 /home/debian/VivaBioApp/vendor/laravel/framework/src/Illuminate/Database/Connectors/Connector.php(66): PDO->__construct()
#1 /home/debian/VivaBioApp/vendor/laravel/framework/src/Illuminate/Database/Connectors/Connector.php(44): Illuminate\\Database\\Connectors\\Connector->createPdoConnection()
#2 /home/debian/VivaBioApp/vendor/laravel/framework/src/Illuminate/Database/Connectors/MySqlConnector.php(24): Illuminate\\Database\\Connectors\\Connector->createConnection()
#3 /home/debian/VivaBioApp/vendor/laravel/framework/src/Illuminate/Database/Connectors/ConnectionFactory.php(184): Illuminate\\Database\\Connectors\\MySqlConnector->connect()
#4 [internal function]: Illuminate\\Database\\Connectors\\ConnectionFactory->Illuminate\\Database\\Connectors\\{closure}()
#5 /home/debian/VivaBioApp/vendor/laravel/framework/src/Illuminate/Database/Connection.php(1230): call_user_func()
#6 /home/debian/VivaBioApp/vendor/laravel/framework/src/Illuminate/Database/Connection.php(1266): Illuminate\\Database\\Connection->getPdo()
#7 /home/debian/VivaBioApp/vendor/laravel/framework/src/Illuminate/Database/Connection.php(511): Illuminate\\Database\\Connection->getReadPdo()
#8 /home/debian/VivaBioApp/vendor/laravel/framework/src/Illuminate/Database/Connection.php(406): Illuminate\\Database\\Connection->getPdoForSelect()
#9 /home/debian/VivaBioApp/vendor/laravel/framework/src/Illuminate/Database/Connection.php(811): Illuminate\\Database\\Connection->Illuminate\\Database\\{closure}()
#10 /home/debian/VivaBioApp/vendor/laravel/framework/src/Illuminate/Database/Connection.php(778): Illuminate\\Database\\Connection->runQueryCallback()
#11 /home/debian/VivaBioApp/vendor/laravel/framework/src/Illuminate/Database/Connection.php(397): Illuminate\\Database\\Connection->run()
#12 /home/debian/VivaBioApp/vendor/laravel/framework/src/Illuminate/Database/Connection.php(343): Illuminate\\Database\\Connection->select()
#13 /home/debian/VivaBioApp/vendor/laravel/framework/src/Illuminate/Database/Connection.php(360): Illuminate\\Database\\Connection->selectOne()
#14 /home/debian/VivaBioApp/vendor/laravel/framework/src/Illuminate/Database/Schema/Builder.php(174): Illuminate\\Database\\Connection->scalar()
#15 /home/debian/VivaBioApp/vendor/laravel/framework/src/Illuminate/Database/Migrations/DatabaseMigrationRepository.php(185): Illuminate\\Database\\Schema\\Builder->hasTable()
#16 /home/debian/VivaBioApp/vendor/laravel/framework/src/Illuminate/Database/Migrations/Migrator.php(753): Illuminate\\Database\\Migrations\\DatabaseMigrationRepository->repositoryExists()
#17 /home/debian/VivaBioApp/vendor/laravel/framework/src/Illuminate/Database/Console/Migrations/MigrateCommand.php(164): Illuminate\\Database\\Migrations\\Migrator->repositoryExists()
#18 /home/debian/VivaBioApp/vendor/laravel/framework/src/Illuminate/Support/helpers.php(329): Illuminate\\Database\\Console\\Migrations\\MigrateCommand->Illuminate\\Database\\Console\\Migrations\\{closure}()
#19 /home/debian/VivaBioApp/vendor/laravel/framework/src/Illuminate/Database/Console/Migrations/MigrateCommand.php(164): retry()
#20 /home/debian/VivaBioApp/vendor/laravel/framework/src/Illuminate/Database/Console/Migrations/MigrateCommand.php(140): Illuminate\\Database\\Console\\Migrations\\MigrateCommand->repositoryExists()
#21 /home/debian/VivaBioApp/vendor/laravel/framework/src/Illuminate/Database/Console/Migrations/MigrateCommand.php(110): Illuminate\\Database\\Console\\Migrations\\MigrateCommand->prepareDatabase()
#22 /home/debian/VivaBioApp/vendor/laravel/framework/src/Illuminate/Database/Migrations/Migrator.php(666): Illuminate\\Database\\Console\\Migrations\\MigrateCommand->Illuminate\\Database\\Console\\Migrations\\{closure}()
#23 /home/debian/VivaBioApp/vendor/laravel/framework/src/Illuminate/Database/Console/Migrations/MigrateCommand.php(109): Illuminate\\Database\\Migrations\\Migrator->usingConnection()
#24 /home/debian/VivaBioApp/vendor/laravel/framework/src/Illuminate/Database/Console/Migrations/MigrateCommand.php(88): Illuminate\\Database\\Console\\Migrations\\MigrateCommand->runMigrations()
#25 /home/debian/VivaBioApp/vendor/laravel/framework/src/Illuminate/Container/BoundMethod.php(36): Illuminate\\Database\\Console\\Migrations\\MigrateCommand->handle()
#26 /home/debian/VivaBioApp/vendor/laravel/framework/src/Illuminate/Container/Util.php(43): Illuminate\\Container\\BoundMethod::Illuminate\\Container\\{closure}()
#27 /home/debian/VivaBioApp/vendor/laravel/framework/src/Illuminate/Container/BoundMethod.php(96): Illuminate\\Container\\Util::unwrapIfClosure()
#28 /home/debian/VivaBioApp/vendor/laravel/framework/src/Illuminate/Container/BoundMethod.php(35): Illuminate\\Container\\BoundMethod::callBoundMethod()
#29 /home/debian/VivaBioApp/vendor/laravel/framework/src/Illuminate/Container/Container.php(836): Illuminate\\Container\\BoundMethod::call()
#30 /home/debian/VivaBioApp/vendor/laravel/framework/src/Illuminate/Console/Command.php(211): Illuminate\\Container\\Container->call()
#31 /home/debian/VivaBioApp/vendor/symfony/console/Command/Command.php(318): Illuminate\\Console\\Command->execute()
#32 /home/debian/VivaBioApp/vendor/laravel/framework/src/Illuminate/Console/Command.php(180): Symfony\\Component\\Console\\Command\\Command->run()
#33 /home/debian/VivaBioApp/vendor/symfony/console/Application.php(1110): Illuminate\\Console\\Command->run()
#34 /home/debian/VivaBioApp/vendor/symfony/console/Application.php(359): Symfony\\Component\\Console\\Application->doRunCommand()
#35 /home/debian/VivaBioApp/vendor/symfony/console/Application.php(194): Symfony\\Component\\Console\\Application->doRun()
#36 /home/debian/VivaBioApp/vendor/laravel/framework/src/Illuminate/Foundation/Console/Kernel.php(197): Symfony\\Component\\Console\\Application->run()
#37 /home/debian/VivaBioApp/vendor/laravel/framework/src/Illuminate/Foundation/Application.php(1235): Illuminate\\Foundation\\Console\\Kernel->handle()
#38 /home/debian/VivaBioApp/artisan(16): Illuminate\\Foundation\\Application->handleCommand()
#39 {main}
"} 
[2025-10-31 15:59:33] local.ERROR: Unterminated comment starting line 23 {"exception":"[object] (ParseError(code: 0): Unterminated comment starting line 23 at /home/debian/VivaBioApp/routes/web.php:23)
[stacktrace]
#0 /home/debian/VivaBioApp/vendor/laravel/framework/src/Illuminate/Routing/Router.php(526): Illuminate\\Routing\\RouteFileRegistrar->register()
#1 /home/debian/VivaBioApp/vendor/laravel/framework/src/Illuminate/Routing/Router.php(480): Illuminate\\Routing\\Router->loadRoutes()
#2 /home/debian/VivaBioApp/vendor/laravel/framework/src/Illuminate/Routing/RouteRegistrar.php(210): Illuminate\\Routing\\Router->group()
#3 /home/debian/VivaBioApp/vendor/laravel/framework/src/Illuminate/Foundation/Configuration/ApplicationBuilder.php(248): Illuminate\\Routing\\RouteRegistrar->group()
#4 /home/debian/VivaBioApp/vendor/laravel/framework/src/Illuminate/Container/BoundMethod.php(36): Illuminate\\Foundation\\Configuration\\ApplicationBuilder->Illuminate\\Foundation\\Configuration\\{closure}()
#5 /home/debian/VivaBioApp/vendor/laravel/framework/src/Illuminate/Container/Util.php(43): Illuminate\\Container\\BoundMethod::Illuminate\\Container\\{closure}()
#6 /home/debian/VivaBioApp/vendor/laravel/framework/src/Illuminate/Container/BoundMethod.php(84): Illuminate\\Container\\Util::unwrapIfClosure()
#7 /home/debian/VivaBioApp/vendor/laravel/framework/src/Illuminate/Container/BoundMethod.php(35): Illuminate\\Container\\BoundMethod::callBoundMethod()
#8 /home/debian/VivaBioApp/vendor/laravel/framework/src/Illuminate/Container/Container.php(836): Illuminate\\Container\\BoundMethod::call()
#9 /home/debian/VivaBioApp/vendor/laravel/framework/src/Illuminate/Foundation/Support/Providers/RouteServiceProvider.php(162): Illuminate\\Container\\Container->call()
#10 /home/debian/VivaBioApp/vendor/laravel/framework/src/Illuminate/Foundation/Support/Providers/RouteServiceProvider.php(59): Illuminate\\Foundation\\Support\\Providers\\RouteServiceProvider->loadRoutes()
#11 /home/debian/VivaBioApp/vendor/laravel/framework/src/Illuminate/Container/BoundMethod.php(36): Illuminate\\Foundation\\Support\\Providers\\RouteServiceProvider->Illuminate\\Foundation\\Support\\Providers\\{closure}()
#12 /home/debian/VivaBioApp/vendor/laravel/framework/src/Illuminate/Container/Util.php(43): Illuminate\\Container\\BoundMethod::Illuminate\\Container\\{closure}()
#13 /home/debian/VivaBioApp/vendor/laravel/framework/src/Illuminate/Container/BoundMethod.php(84): Illuminate\\Container\\Util::unwrapIfClosure()
#14 /home/debian/VivaBioApp/vendor/laravel/framework/src/Illuminate/Container/BoundMethod.php(35): Illuminate\\Container\\BoundMethod::callBoundMethod()
#15 /home/debian/VivaBioApp/vendor/laravel/framework/src/Illuminate/Container/Container.php(836): Illuminate\\Container\\BoundMethod::call()
#16 /home/debian/VivaBioApp/vendor/laravel/framework/src/Illuminate/Support/ServiceProvider.php(143): Illuminate\\Container\\Container->call()
#17 /home/debian/VivaBioApp/vendor/laravel/framework/src/Illuminate/Foundation/Application.php(1154): Illuminate\\Support\\ServiceProvider->callBootedCallbacks()
#18 /home/debian/VivaBioApp/vendor/laravel/framework/src/Illuminate/Foundation/Application.php(1132): Illuminate\\Foundation\\Application->bootProvider()
#19 [internal function]: Illuminate\\Foundation\\Application->Illuminate\\Foundation\\{closure}()
#20 /home/debian/VivaBioApp/vendor/laravel/framework/src/Illuminate/Foundation/Application.php(1131): array_walk()
#21 /home/debian/VivaBioApp/vendor/laravel/framework/src/Illuminate/Foundation/Bootstrap/BootProviders.php(17): Illuminate\\Foundation\\Application->boot()
#22 /home/debian/VivaBioApp/vendor/laravel/framework/src/Illuminate/Foundation/Application.php(342): Illuminate\\Foundation\\Bootstrap\\BootProviders->bootstrap()
#23 /home/debian/VivaBioApp/vendor/laravel/framework/src/Illuminate/Foundation/Console/Kernel.php(473): Illuminate\\Foundation\\Application->bootstrapWith()
#24 /home/debian/VivaBioApp/vendor/laravel/framework/src/Illuminate/Foundation/Console/Kernel.php(195): Illuminate\\Foundation\\Console\\Kernel->bootstrap()
#25 Command line code(1): Illuminate\\Foundation\\Console\\Kernel->handle()
#26 {main}
"} 
[2025-10-31 17:08:50] local.ERROR: Vite manifest not found at: /home/debian/VivaBioApp/public/build/manifest.json (View: /home/debian/VivaBioApp/resources/views/layouts/guest.blade.php) (View: /home/debian/VivaBioApp/resources/views/layouts/guest.blade.php) {"exception":"[object] (Illuminate\\View\\ViewException(code: 0): Vite manifest not found at: /home/debian/VivaBioApp/public/build/manifest.json (View: /home/debian/VivaBioApp/resources/views/layouts/guest.blade.php) (View: /home/debian/VivaBioApp/resources/views/layouts/guest.blade.php) at /home/debian/VivaBioApp/vendor/laravel/framework/src/Illuminate/Foundation/Vite.php:935)
[stacktrace]
#0 /home/debian/VivaBioApp/vendor/laravel/framework/src/Illuminate/View/Engines/PhpEngine.php(59): Illuminate\\View\\Engines\\CompilerEngine->handleViewException()
#1 /home/debian/VivaBioApp/vendor/laravel/framework/src/Illuminate/View/Engines/CompilerEngine.php(76): Illuminate\\View\\Engines\\PhpEngine->evaluatePath()
#2 /home/debian/VivaBioApp/vendor/laravel/framework/src/Illuminate/View/View.php(208): Illuminate\\View\\Engines\\CompilerEngine->get()
#3 /home/debian/VivaBioApp/vendor/laravel/framework/src/Illuminate/View/View.php(191): Illuminate\\View\\View->getContents()
#4 /home/debian/VivaBioApp/vendor/laravel/framework/src/Illuminate/View/View.php(160): Illuminate\\View\\View->renderContents()
#5 /home/debian/VivaBioApp/vendor/laravel/framework/src/Illuminate/Http/Response.php(78): Illuminate\\View\\View->render()
#6 /home/debian/VivaBioApp/vendor/laravel/framework/src/Illuminate/Http/Response.php(34): Illuminate\\Http\\Response->setContent()
#7 /home/debian/VivaBioApp/vendor/laravel/framework/src/Illuminate/Routing/Router.php(939): Illuminate\\Http\\Response->__construct()
#8 /home/debian/VivaBioApp/vendor/laravel/framework/src/Illuminate/Routing/Router.php(906): Illuminate\\Routing\\Router::toResponse()
#9 /home/debian/VivaBioApp/vendor/laravel/framework/src/Illuminate/Routing/Router.php(821): Illuminate\\Routing\\Router->prepareResponse()
#10 /home/debian/VivaBioApp/vendor/laravel/framework/src/Illuminate/Pipeline/Pipeline.php(180): Illuminate\\Routing\\Router->Illuminate\\Routing\\{closure}()
#11 /home/debian/VivaBioApp/vendor/laravel/framework/src/Illuminate/Auth/Middleware/RedirectIfAuthenticated.php(35): Illuminate\\Pipeline\\Pipeline->Illuminate\\Pipeline\\{closure}()
#12 /home/debian/VivaBioApp/vendor/laravel/framework/src/Illuminate/Pipeline/Pipeline.php(219): Illuminate\\Auth\\Middleware\\RedirectIfAuthenticated->handle()
#13 /home/debian/VivaBioApp/vendor/laravel/framework/src/Illuminate/Routing/Middleware/SubstituteBindings.php(50): Illuminate\\Pipeline\\Pipeline->Illuminate\\Pipeline\\{closure}()
#14 /home/debian/VivaBioApp/vendor/laravel/framework/src/Illuminate/Pipeline/Pipeline.php(219): Illuminate\\Routing\\Middleware\\SubstituteBindings->handle()
#15 /home/debian/VivaBioApp/vendor/laravel/framework/src/Illuminate/Foundation/Http/Middleware/VerifyCsrfToken.php(87): Illuminate\\Pipeline\\Pipeline->Illuminate\\Pipeline\\{closure}()
#16 /home/debian/VivaBioApp/vendor/laravel/framework/src/Illuminate/Pipeline/Pipeline.php(219): Illuminate\\Foundation\\Http\\Middleware\\VerifyCsrfToken->handle()
#17 /home/debian/VivaBioApp/vendor/laravel/framework/src/Illuminate/View/Middleware/ShareErrorsFromSession.php(48): Illuminate\\Pipeline\\Pipeline->Illuminate\\Pipeline\\{closure}()
#18 /home/debian/VivaBioApp/vendor/laravel/framework/src/Illuminate/Pipeline/Pipeline.php(219): Illuminate\\View\\Middleware\\ShareErrorsFromSession->handle()
#19 /home/debian/VivaBioApp/vendor/laravel/framework/src/Illuminate/Session/Middleware/StartSession.php(120): Illuminate\\Pipeline\\Pipeline->Illuminate\\Pipeline\\{closure}()
#20 /home/debian/VivaBioApp/vendor/laravel/framework/src/Illuminate/Session/Middleware/StartSession.php(63): Illuminate\\Session\\Middleware\\StartSession->handleStatefulRequest()
#21 /home/debian/VivaBioApp/vendor/laravel/framework/src/Illuminate/Pipeline/Pipeline.php(219): Illuminate\\Session\\Middleware\\StartSession->handle()
#22 /home/debian/VivaBioApp/vendor/laravel/framework/src/Illuminate/Cookie/Middleware/AddQueuedCookiesToResponse.php(36): Illuminate\\Pipeline\\Pipeline->Illuminate\\Pipeline\\{closure}()
#23 /home/debian/VivaBioApp/vendor/laravel/framework/src/Illuminate/Pipeline/Pipeline.php(219): Illuminate\\Cookie\\Middleware\\AddQueuedCookiesToResponse->handle()
#24 /home/debian/VivaBioApp/vendor/laravel/framework/src/Illuminate/Cookie/Middleware/EncryptCookies.php(74): Illuminate\\Pipeline\\Pipeline->Illuminate\\Pipeline\\{closure}()
#25 /home/debian/VivaBioApp/vendor/laravel/framework/src/Illuminate/Pipeline/Pipeline.php(219): Illuminate\\Cookie\\Middleware\\EncryptCookies->handle()
#26 /home/debian/VivaBioApp/vendor/laravel/framework/src/Illuminate/Pipeline/Pipeline.php(137): Illuminate\\Pipeline\\Pipeline->Illuminate\\Pipeline\\{closure}()
#27 /home/debian/VivaBioApp/vendor/laravel/framework/src/Illuminate/Routing/Router.php(821): Illuminate\\Pipeline\\Pipeline->then()
#28 /home/debian/VivaBioApp/vendor/laravel/framework/src/Illuminate/Routing/Router.php(800): Illuminate\\Routing\\Router->runRouteWithinStack()
#29 /home/debian/VivaBioApp/vendor/laravel/framework/src/Illuminate/Routing/Router.php(764): Illuminate\\Routing\\Router->runRoute()
#30 /home/debian/VivaBioApp/vendor/laravel/framework/src/Illuminate/Routing/Router.php(753): Illuminate\\Routing\\Router->dispatchToRoute()
#31 /home/debian/VivaBioApp/vendor/laravel/framework/src/Illuminate/Foundation/Http/Kernel.php(200): Illuminate\\Routing\\Router->dispatch()
#32 /home/debian/VivaBioApp/vendor/laravel/framework/src/Illuminate/Pipeline/Pipeline.php(180): Illuminate\\Foundation\\Http\\Kernel->Illuminate\\Foundation\\Http\\{closure}()
#33 /home/debian/VivaBioApp/vendor/laravel/framework/src/Illuminate/Foundation/Http/Middleware/TransformsRequest.php(21): Illuminate\\Pipeline\\Pipeline->Illuminate\\Pipeline\\{closure}()
#34 /home/debian/VivaBioApp/vendor/laravel/framework/src/Illuminate/Foundation/Http/Middleware/ConvertEmptyStringsToNull.php(31): Illuminate\\Foundation\\Http\\Middleware\\TransformsRequest->handle()
#35 /home/debian/VivaBioApp/vendor/laravel/framework/src/Illuminate/Pipeline/Pipeline.php(219): Illuminate\\Foundation\\Http\\Middleware\\ConvertEmptyStringsToNull->handle()
#36 /home/debian/VivaBioApp/vendor/laravel/framework/src/Illuminate/Foundation/Http/Middleware/TransformsRequest.php(21): Illuminate\\Pipeline\\Pipeline->Illuminate\\Pipeline\\{closure}()
#37 /home/debian/VivaBioApp/vendor/laravel/framework/src/Illuminate/Foundation/Http/Middleware/TrimStrings.php(51): Illuminate\\Foundation\\Http\\Middleware\\TransformsRequest->handle()
#38 /home/debian/VivaBioApp/vendor/laravel/framework/src/Illuminate/Pipeline/Pipeline.php(219): Illuminate\\Foundation\\Http\\Middleware\\TrimStrings->handle()
#39 /home/debian/VivaBioApp/vendor/laravel/framework/src/Illuminate/Http/Middleware/ValidatePostSize.php(27): Illuminate\\Pipeline\\Pipeline->Illuminate\\Pipeline\\{closure}()
#40 /home/debian/VivaBioApp/vendor/laravel/framework/src/Illuminate/Pipeline/Pipeline.php(219): Illuminate\\Http\\Middleware\\ValidatePostSize->handle()
#41 /home/debian/VivaBioApp/vendor/laravel/framework/src/Illuminate/Foundation/Http/Middleware/PreventRequestsDuringMaintenance.php(109): Illuminate\\Pipeline\\Pipeline->Illuminate\\Pipeline\\{closure}()
#42 /home/debian/VivaBioApp/vendor/laravel/framework/src/Illuminate/Pipeline/Pipeline.php(219): Illuminate\\Foundation\\Http\\Middleware\\PreventRequestsDuringMaintenance->handle()
#43 /home/debian/VivaBioApp/vendor/laravel/framework/src/Illuminate/Http/Middleware/HandleCors.php(48): Illuminate\\Pipeline\\Pipeline->Illuminate\\Pipeline\\{closure}()
#44 /home/debian/VivaBioApp/vendor/laravel/framework/src/Illuminate/Pipeline/Pipeline.php(219): Illuminate\\Http\\Middleware\\HandleCors->handle()
#45 /home/debian/VivaBioApp/vendor/laravel/framework/src/Illuminate/Http/Middleware/TrustProxies.php(58): Illuminate\\Pipeline\\Pipeline->Illuminate\\Pipeline\\{closure}()
#46 /home/debian/VivaBioApp/vendor/laravel/framework/src/Illuminate/Pipeline/Pipeline.php(219): Illuminate\\Http\\Middleware\\TrustProxies->handle()
#47 /home/debian/VivaBioApp/vendor/laravel/framework/src/Illuminate/Foundation/Http/Middleware/InvokeDeferredCallbacks.php(22): Illuminate\\Pipeline\\Pipeline->Illuminate\\Pipeline\\{closure}()
#48 /home/debian/VivaBioApp/vendor/laravel/framework/src/Illuminate/Pipeline/Pipeline.php(219): Illuminate\\Foundation\\Http\\Middleware\\InvokeDeferredCallbacks->handle()
#49 /home/debian/VivaBioApp/vendor/laravel/framework/src/Illuminate/Http/Middleware/ValidatePathEncoding.php(26): Illuminate\\Pipeline\\Pipeline->Illuminate\\Pipeline\\{closure}()
#50 /home/debian/VivaBioApp/vendor/laravel/framework/src/Illuminate/Pipeline/Pipeline.php(219): Illuminate\\Http\\Middleware\\ValidatePathEncoding->handle()
#51 /home/debian/VivaBioApp/vendor/laravel/framework/src/Illuminate/Pipeline/Pipeline.php(137): Illuminate\\Pipeline\\Pipeline->Illuminate\\Pipeline\\{closure}()
#52 /home/debian/VivaBioApp/vendor/laravel/framework/src/Illuminate/Foundation/Http/Kernel.php(175): Illuminate\\Pipeline\\Pipeline->then()
#53 /home/debian/VivaBioApp/vendor/laravel/framework/src/Illuminate/Foundation/Http/Kernel.php(144): Illuminate\\Foundation\\Http\\Kernel->sendRequestThroughRouter()
#54 /home/debian/VivaBioApp/vendor/laravel/framework/src/Illuminate/Foundation/Application.php(1220): Illuminate\\Foundation\\Http\\Kernel->handle()
#55 /home/debian/VivaBioApp/public/index.php(20): Illuminate\\Foundation\\Application->handleRequest()
#56 /home/debian/VivaBioApp/vendor/laravel/framework/src/Illuminate/Foundation/resources/server.php(23): require_once('...')
#57 {main}

[previous exception] [object] (Illuminate\\View\\ViewException(code: 0): Vite manifest not found at: /home/debian/VivaBioApp/public/build/manifest.json (View: /home/debian/VivaBioApp/resources/views/layouts/guest.blade.php) at /home/debian/VivaBioApp/vendor/laravel/framework/src/Illuminate/Foundation/Vite.php:935)
[stacktrace]
#0 /home/debian/VivaBioApp/vendor/laravel/framework/src/Illuminate/View/Engines/PhpEngine.php(59): Illuminate\\View\\Engines\\CompilerEngine->handleViewException()
#1 /home/debian/VivaBioApp/vendor/laravel/framework/src/Illuminate/View/Engines/CompilerEngine.php(76): Illuminate\\View\\Engines\\PhpEngine->evaluatePath()
#2 /home/debian/VivaBioApp/vendor/laravel/framework/src/Illuminate/View/View.php(208): Illuminate\\View\\Engines\\CompilerEngine->get()
#3 /home/debian/VivaBioApp/vendor/laravel/framework/src/Illuminate/View/View.php(191): Illuminate\\View\\View->getContents()
#4 /home/debian/VivaBioApp/vendor/laravel/framework/src/Illuminate/View/View.php(160): Illuminate\\View\\View->renderContents()
#5 /home/debian/VivaBioApp/vendor/laravel/framework/src/Illuminate/View/Concerns/ManagesComponents.php(99): Illuminate\\View\\View->render()
#6 /home/debian/VivaBioApp/storage/framework/views/ef99cc4ec4a70de6d2d814b284b8edd9.php(206): Illuminate\\View\\Factory->renderComponent()
#7 /home/debian/VivaBioApp/vendor/laravel/framework/src/Illuminate/Filesystem/Filesystem.php(123): require('...')
#8 /home/debian/VivaBioApp/vendor/laravel/framework/src/Illuminate/Filesystem/Filesystem.php(124): Illuminate\\Filesystem\\Filesystem::Illuminate\\Filesystem\\{closure}()
#9 /home/debian/VivaBioApp/vendor/laravel/framework/src/Illuminate/View/Engines/PhpEngine.php(57): Illuminate\\Filesystem\\Filesystem->getRequire()
#10 /home/debian/VivaBioApp/vendor/laravel/framework/src/Illuminate/View/Engines/CompilerEngine.php(76): Illuminate\\View\\Engines\\PhpEngine->evaluatePath()
#11 /home/debian/VivaBioApp/vendor/laravel/framework/src/Illuminate/View/View.php(208): Illuminate\\View\\Engines\\CompilerEngine->get()
#12 /home/debian/VivaBioApp/vendor/laravel/framework/src/Illuminate/View/View.php(191): Illuminate\\View\\View->getContents()
#13 /home/debian/VivaBioApp/vendor/laravel/framework/src/Illuminate/View/View.php(160): Illuminate\\View\\View->renderContents()
#14 /home/debian/VivaBioApp/vendor/laravel/framework/src/Illuminate/Http/Response.php(78): Illuminate\\View\\View->render()
#15 /home/debian/VivaBioApp/vendor/laravel/framework/src/Illuminate/Http/Response.php(34): Illuminate\\Http\\Response->setContent()
#16 /home/debian/VivaBioApp/vendor/laravel/framework/src/Illuminate/Routing/Router.php(939): Illuminate\\Http\\Response->__construct()
#17 /home/debian/VivaBioApp/vendor/laravel/framework/src/Illuminate/Routing/Router.php(906): Illuminate\\Routing\\Router::toResponse()
#18 /home/debian/VivaBioApp/vendor/laravel/framework/src/Illuminate/Routing/Router.php(821): Illuminate\\Routing\\Router->prepareResponse()
#19 /home/debian/VivaBioApp/vendor/laravel/framework/src/Illuminate/Pipeline/Pipeline.php(180): Illuminate\\Routing\\Router->Illuminate\\Routing\\{closure}()
#20 /home/debian/VivaBioApp/vendor/laravel/framework/src/Illuminate/Auth/Middleware/RedirectIfAuthenticated.php(35): Illuminate\\Pipeline\\Pipeline->Illuminate\\Pipeline\\{closure}()
#21 /home/debian/VivaBioApp/vendor/laravel/framework/src/Illuminate/Pipeline/Pipeline.php(219): Illuminate\\Auth\\Middleware\\RedirectIfAuthenticated->handle()
#22 /home/debian/VivaBioApp/vendor/laravel/framework/src/Illuminate/Routing/Middleware/SubstituteBindings.php(50): Illuminate\\Pipeline\\Pipeline->Illuminate\\Pipeline\\{closure}()
#23 /home/debian/VivaBioApp/vendor/laravel/framework/src/Illuminate/Pipeline/Pipeline.php(219): Illuminate\\Routing\\Middleware\\SubstituteBindings->handle()
#24 /home/debian/VivaBioApp/vendor/laravel/framework/src/Illuminate/Foundation/Http/Middleware/VerifyCsrfToken.php(87): Illuminate\\Pipeline\\Pipeline->Illuminate\\Pipeline\\{closure}()
#25 /home/debian/VivaBioApp/vendor/laravel/framework/src/Illuminate/Pipeline/Pipeline.php(219): Illuminate\\Foundation\\Http\\Middleware\\VerifyCsrfToken->handle()
#26 /home/debian/VivaBioApp/vendor/laravel/framework/src/Illuminate/View/Middleware/ShareErrorsFromSession.php(48): Illuminate\\Pipeline\\Pipeline->Illuminate\\Pipeline\\{closure}()
#27 /home/debian/VivaBioApp/vendor/laravel/framework/src/Illuminate/Pipeline/Pipeline.php(219): Illuminate\\View\\Middleware\\ShareErrorsFromSession->handle()
#28 /home/debian/VivaBioApp/vendor/laravel/framework/src/Illuminate/Session/Middleware/StartSession.php(120): Illuminate\\Pipeline\\Pipeline->Illuminate\\Pipeline\\{closure}()
#29 /home/debian/VivaBioApp/vendor/laravel/framework/src/Illuminate/Session/Middleware/StartSession.php(63): Illuminate\\Session\\Middleware\\StartSession->handleStatefulRequest()
#30 /home/debian/VivaBioApp/vendor/laravel/framework/src/Illuminate/Pipeline/Pipeline.php(219): Illuminate\\Session\\Middleware\\StartSession->handle()
#31 /home/debian/VivaBioApp/vendor/laravel/framework/src/Illuminate/Cookie/Middleware/AddQueuedCookiesToResponse.php(36): Illuminate\\Pipeline\\Pipeline->Illuminate\\Pipeline\\{closure}()
#32 /home/debian/VivaBioApp/vendor/laravel/framework/src/Illuminate/Pipeline/Pipeline.php(219): Illuminate\\Cookie\\Middleware\\AddQueuedCookiesToResponse->handle()
#33 /home/debian/VivaBioApp/vendor/laravel/framework/src/Illuminate/Cookie/Middleware/EncryptCookies.php(74): Illuminate\\Pipeline\\Pipeline->Illuminate\\Pipeline\\{closure}()
#34 /home/debian/VivaBioApp/vendor/laravel/framework/src/Illuminate/Pipeline/Pipeline.php(219): Illuminate\\Cookie\\Middleware\\EncryptCookies->handle()
#35 /home/debian/VivaBioApp/vendor/laravel/framework/src/Illuminate/Pipeline/Pipeline.php(137): Illuminate\\Pipeline\\Pipeline->Illuminate\\Pipeline\\{closure}()
#36 /home/debian/VivaBioApp/vendor/laravel/framework/src/Illuminate/Routing/Router.php(821): Illuminate\\Pipeline\\Pipeline->then()
#37 /home/debian/VivaBioApp/vendor/laravel/framework/src/Illuminate/Routing/Router.php(800): Illuminate\\Routing\\Router->runRouteWithinStack()
#38 /home/debian/VivaBioApp/vendor/laravel/framework/src/Illuminate/Routing/Router.php(764): Illuminate\\Routing\\Router->runRoute()
#39 /home/debian/VivaBioApp/vendor/laravel/framework/src/Illuminate/Routing/Router.php(753): Illuminate\\Routing\\Router->dispatchToRoute()
#40 /home/debian/VivaBioApp/vendor/laravel/framework/src/Illuminate/Foundation/Http/Kernel.php(200): Illuminate\\Routing\\Router->dispatch()
#41 /home/debian/VivaBioApp/vendor/laravel/framework/src/Illuminate/Pipeline/Pipeline.php(180): Illuminate\\Foundation\\Http\\Kernel->Illuminate\\Foundation\\Http\\{closure}()
#42 /home/debian/VivaBioApp/vendor/laravel/framework/src/Illuminate/Foundation/Http/Middleware/TransformsRequest.php(21): Illuminate\\Pipeline\\Pipeline->Illuminate\\Pipeline\\{closure}()
#43 /home/debian/VivaBioApp/vendor/laravel/framework/src/Illuminate/Foundation/Http/Middleware/ConvertEmptyStringsToNull.php(31): Illuminate\\Foundation\\Http\\Middleware\\TransformsRequest->handle()
#44 /home/debian/VivaBioApp/vendor/laravel/framework/src/Illuminate/Pipeline/Pipeline.php(219): Illuminate\\Foundation\\Http\\Middleware\\ConvertEmptyStringsToNull->handle()
#45 /home/debian/VivaBioApp/vendor/laravel/framework/src/Illuminate/Foundation/Http/Middleware/TransformsRequest.php(21): Illuminate\\Pipeline\\Pipeline->Illuminate\\Pipeline\\{closure}()
#46 /home/debian/VivaBioApp/vendor/laravel/framework/src/Illuminate/Foundation/Http/Middleware/TrimStrings.php(51): Illuminate\\Foundation\\Http\\Middleware\\TransformsRequest->handle()
#47 /home/debian/VivaBioApp/vendor/laravel/framework/src/Illuminate/Pipeline/Pipeline.php(219): Illuminate\\Foundation\\Http\\Middleware\\TrimStrings->handle()
#48 /home/debian/VivaBioApp/vendor/laravel/framework/src/Illuminate/Http/Middleware/ValidatePostSize.php(27): Illuminate\\Pipeline\\Pipeline->Illuminate\\Pipeline\\{closure}()
#49 /home/debian/VivaBioApp/vendor/laravel/framework/src/Illuminate/Pipeline/Pipeline.php(219): Illuminate\\Http\\Middleware\\ValidatePostSize->handle()
#50 /home/debian/VivaBioApp/vendor/laravel/framework/src/Illuminate/Foundation/Http/Middleware/PreventRequestsDuringMaintenance.php(109): Illuminate\\Pipeline\\Pipeline->Illuminate\\Pipeline\\{closure}()
#51 /home/debian/VivaBioApp/vendor/laravel/framework/src/Illuminate/Pipeline/Pipeline.php(219): Illuminate\\Foundation\\Http\\Middleware\\PreventRequestsDuringMaintenance->handle()
#52 /home/debian/VivaBioApp/vendor/laravel/framework/src/Illuminate/Http/Middleware/HandleCors.php(48): Illuminate\\Pipeline\\Pipeline->Illuminate\\Pipeline\\{closure}()
#53 /home/debian/VivaBioApp/vendor/laravel/framework/src/Illuminate/Pipeline/Pipeline.php(219): Illuminate\\Http\\Middleware\\HandleCors->handle()
#54 /home/debian/VivaBioApp/vendor/laravel/framework/src/Illuminate/Http/Middleware/TrustProxies.php(58): Illuminate\\Pipeline\\Pipeline->Illuminate\\Pipeline\\{closure}()
#55 /home/debian/VivaBioApp/vendor/laravel/framework/src/Illuminate/Pipeline/Pipeline.php(219): Illuminate\\Http\\Middleware\\TrustProxies->handle()
#56 /home/debian/VivaBioApp/vendor/laravel/framework/src/Illuminate/Foundation/Http/Middleware/InvokeDeferredCallbacks.php(22): Illuminate\\Pipeline\\Pipeline->Illuminate\\Pipeline\\{closure}()
#57 /home/debian/VivaBioApp/vendor/laravel/framework/src/Illuminate/Pipeline/Pipeline.php(219): Illuminate\\Foundation\\Http\\Middleware\\InvokeDeferredCallbacks->handle()
#58 /home/debian/VivaBioApp/vendor/laravel/framework/src/Illuminate/Http/Middleware/ValidatePathEncoding.php(26): Illuminate\\Pipeline\\Pipeline->Illuminate\\Pipeline\\{closure}()
#59 /home/debian/VivaBioApp/vendor/laravel/framework/src/Illuminate/Pipeline/Pipeline.php(219): Illuminate\\Http\\Middleware\\ValidatePathEncoding->handle()
#60 /home/debian/VivaBioApp/vendor/laravel/framework/src/Illuminate/Pipeline/Pipeline.php(137): Illuminate\\Pipeline\\Pipeline->Illuminate\\Pipeline\\{closure}()
#61 /home/debian/VivaBioApp/vendor/laravel/framework/src/Illuminate/Foundation/Http/Kernel.php(175): Illuminate\\Pipeline\\Pipeline->then()
#62 /home/debian/VivaBioApp/vendor/laravel/framework/src/Illuminate/Foundation/Http/Kernel.php(144): Illuminate\\Foundation\\Http\\Kernel->sendRequestThroughRouter()
#63 /home/debian/VivaBioApp/vendor/laravel/framework/src/Illuminate/Foundation/Application.php(1220): Illuminate\\Foundation\\Http\\Kernel->handle()
#64 /home/debian/VivaBioApp/public/index.php(20): Illuminate\\Foundation\\Application->handleRequest()
#65 /home/debian/VivaBioApp/vendor/laravel/framework/src/Illuminate/Foundation/resources/server.php(23): require_once('...')
#66 {main}

[previous exception] [object] (Illuminate\\Foundation\\ViteManifestNotFoundException(code: 0): Vite manifest not found at: /home/debian/VivaBioApp/public/build/manifest.json at /home/debian/VivaBioApp/vendor/laravel/framework/src/Illuminate/Foundation/Vite.php:935)
[stacktrace]
#0 /home/debian/VivaBioApp/vendor/laravel/framework/src/Illuminate/Foundation/Vite.php(384): Illuminate\\Foundation\\Vite->manifest()
#1 /home/debian/VivaBioApp/storage/framework/views/3064da7a11be85c855c024861c7d2823.php(15): Illuminate\\Foundation\\Vite->__invoke()
#2 /home/debian/VivaBioApp/vendor/laravel/framework/src/Illuminate/Filesystem/Filesystem.php(123): require('...')
#3 /home/debian/VivaBioApp/vendor/laravel/framework/src/Illuminate/Filesystem/Filesystem.php(124): Illuminate\\Filesystem\\Filesystem::Illuminate\\Filesystem\\{closure}()
#4 /home/debian/VivaBioApp/vendor/laravel/framework/src/Illuminate/View/Engines/PhpEngine.php(57): Illuminate\\Filesystem\\Filesystem->getRequire()
#5 /home/debian/VivaBioApp/vendor/laravel/framework/src/Illuminate/View/Engines/CompilerEngine.php(76): Illuminate\\View\\Engines\\PhpEngine->evaluatePath()
#6 /home/debian/VivaBioApp/vendor/laravel/framework/src/Illuminate/View/View.php(208): Illuminate\\View\\Engines\\CompilerEngine->get()
#7 /home/debian/VivaBioApp/vendor/laravel/framework/src/Illuminate/View/View.php(191): Illuminate\\View\\View->getContents()
#8 /home/debian/VivaBioApp/vendor/laravel/framework/src/Illuminate/View/View.php(160): Illuminate\\View\\View->renderContents()
#9 /home/debian/VivaBioApp/vendor/laravel/framework/src/Illuminate/View/Concerns/ManagesComponents.php(99): Illuminate\\View\\View->render()
#10 /home/debian/VivaBioApp/storage/framework/views/ef99cc4ec4a70de6d2d814b284b8edd9.php(206): Illuminate\\View\\Factory->renderComponent()
#11 /home/debian/VivaBioApp/vendor/laravel/framework/src/Illuminate/Filesystem/Filesystem.php(123): require('...')
#12 /home/debian/VivaBioApp/vendor/laravel/framework/src/Illuminate/Filesystem/Filesystem.php(124): Illuminate\\Filesystem\\Filesystem::Illuminate\\Filesystem\\{closure}()
#13 /home/debian/VivaBioApp/vendor/laravel/framework/src/Illuminate/View/Engines/PhpEngine.php(57): Illuminate\\Filesystem\\Filesystem->getRequire()
#14 /home/debian/VivaBioApp/vendor/laravel/framework/src/Illuminate/View/Engines/CompilerEngine.php(76): Illuminate\\View\\Engines\\PhpEngine->evaluatePath()
#15 /home/debian/VivaBioApp/vendor/laravel/framework/src/Illuminate/View/View.php(208): Illuminate\\View\\Engines\\CompilerEngine->get()
#16 /home/debian/VivaBioApp/vendor/laravel/framework/src/Illuminate/View/View.php(191): Illuminate\\View\\View->getContents()
#17 /home/debian/VivaBioApp/vendor/laravel/framework/src/Illuminate/View/View.php(160): Illuminate\\View\\View->renderContents()
#18 /home/debian/VivaBioApp/vendor/laravel/framework/src/Illuminate/Http/Response.php(78): Illuminate\\View\\View->render()
#19 /home/debian/VivaBioApp/vendor/laravel/framework/src/Illuminate/Http/Response.php(34): Illuminate\\Http\\Response->setContent()
#20 /home/debian/VivaBioApp/vendor/laravel/framework/src/Illuminate/Routing/Router.php(939): Illuminate\\Http\\Response->__construct()
#21 /home/debian/VivaBioApp/vendor/laravel/framework/src/Illuminate/Routing/Router.php(906): Illuminate\\Routing\\Router::toResponse()
#22 /home/debian/VivaBioApp/vendor/laravel/framework/src/Illuminate/Routing/Router.php(821): Illuminate\\Routing\\Router->prepareResponse()
#23 /home/debian/VivaBioApp/vendor/laravel/framework/src/Illuminate/Pipeline/Pipeline.php(180): Illuminate\\Routing\\Router->Illuminate\\Routing\\{closure}()
#24 /home/debian/VivaBioApp/vendor/laravel/framework/src/Illuminate/Auth/Middleware/RedirectIfAuthenticated.php(35): Illuminate\\Pipeline\\Pipeline->Illuminate\\Pipeline\\{closure}()
#25 /home/debian/VivaBioApp/vendor/laravel/framework/src/Illuminate/Pipeline/Pipeline.php(219): Illuminate\\Auth\\Middleware\\RedirectIfAuthenticated->handle()
#26 /home/debian/VivaBioApp/vendor/laravel/framework/src/Illuminate/Routing/Middleware/SubstituteBindings.php(50): Illuminate\\Pipeline\\Pipeline->Illuminate\\Pipeline\\{closure}()
#27 /home/debian/VivaBioApp/vendor/laravel/framework/src/Illuminate/Pipeline/Pipeline.php(219): Illuminate\\Routing\\Middleware\\SubstituteBindings->handle()
#28 /home/debian/VivaBioApp/vendor/laravel/framework/src/Illuminate/Foundation/Http/Middleware/VerifyCsrfToken.php(87): Illuminate\\Pipeline\\Pipeline->Illuminate\\Pipeline\\{closure}()
#29 /home/debian/VivaBioApp/vendor/laravel/framework/src/Illuminate/Pipeline/Pipeline.php(219): Illuminate\\Foundation\\Http\\Middleware\\VerifyCsrfToken->handle()
#30 /home/debian/VivaBioApp/vendor/laravel/framework/src/Illuminate/View/Middleware/ShareErrorsFromSession.php(48): Illuminate\\Pipeline\\Pipeline->Illuminate\\Pipeline\\{closure}()
#31 /home/debian/VivaBioApp/vendor/laravel/framework/src/Illuminate/Pipeline/Pipeline.php(219): Illuminate\\View\\Middleware\\ShareErrorsFromSession->handle()
#32 /home/debian/VivaBioApp/vendor/laravel/framework/src/Illuminate/Session/Middleware/StartSession.php(120): Illuminate\\Pipeline\\Pipeline->Illuminate\\Pipeline\\{closure}()
#33 /home/debian/VivaBioApp/vendor/laravel/framework/src/Illuminate/Session/Middleware/StartSession.php(63): Illuminate\\Session\\Middleware\\StartSession->handleStatefulRequest()
#34 /home/debian/VivaBioApp/vendor/laravel/framework/src/Illuminate/Pipeline/Pipeline.php(219): Illuminate\\Session\\Middleware\\StartSession->handle()
#35 /home/debian/VivaBioApp/vendor/laravel/framework/src/Illuminate/Cookie/Middleware/AddQueuedCookiesToResponse.php(36): Illuminate\\Pipeline\\Pipeline->Illuminate\\Pipeline\\{closure}()
#36 /home/debian/VivaBioApp/vendor/laravel/framework/src/Illuminate/Pipeline/Pipeline.php(219): Illuminate\\Cookie\\Middleware\\AddQueuedCookiesToResponse->handle()
#37 /home/debian/VivaBioApp/vendor/laravel/framework/src/Illuminate/Cookie/Middleware/EncryptCookies.php(74): Illuminate\\Pipeline\\Pipeline->Illuminate\\Pipeline\\{closure}()
#38 /home/debian/VivaBioApp/vendor/laravel/framework/src/Illuminate/Pipeline/Pipeline.php(219): Illuminate\\Cookie\\Middleware\\EncryptCookies->handle()
#39 /home/debian/VivaBioApp/vendor/laravel/framework/src/Illuminate/Pipeline/Pipeline.php(137): Illuminate\\Pipeline\\Pipeline->Illuminate\\Pipeline\\{closure}()
#40 /home/debian/VivaBioApp/vendor/laravel/framework/src/Illuminate/Routing/Router.php(821): Illuminate\\Pipeline\\Pipeline->then()
#41 /home/debian/VivaBioApp/vendor/laravel/framework/src/Illuminate/Routing/Router.php(800): Illuminate\\Routing\\Router->runRouteWithinStack()
#42 /home/debian/VivaBioApp/vendor/laravel/framework/src/Illuminate/Routing/Router.php(764): Illuminate\\Routing\\Router->runRoute()
#43 /home/debian/VivaBioApp/vendor/laravel/framework/src/Illuminate/Routing/Router.php(753): Illuminate\\Routing\\Router->dispatchToRoute()
#44 /home/debian/VivaBioApp/vendor/laravel/framework/src/Illuminate/Foundation/Http/Kernel.php(200): Illuminate\\Routing\\Router->dispatch()
#45 /home/debian/VivaBioApp/vendor/laravel/framework/src/Illuminate/Pipeline/Pipeline.php(180): Illuminate\\Foundation\\Http\\Kernel->Illuminate\\Foundation\\Http\\{closure}()
#46 /home/debian/VivaBioApp/vendor/laravel/framework/src/Illuminate/Foundation/Http/Middleware/TransformsRequest.php(21): Illuminate\\Pipeline\\Pipeline->Illuminate\\Pipeline\\{closure}()
#47 /home/debian/VivaBioApp/vendor/laravel/framework/src/Illuminate/Foundation/Http/Middleware/ConvertEmptyStringsToNull.php(31): Illuminate\\Foundation\\Http\\Middleware\\TransformsRequest->handle()
#48 /home/debian/VivaBioApp/vendor/laravel/framework/src/Illuminate/Pipeline/Pipeline.php(219): Illuminate\\Foundation\\Http\\Middleware\\ConvertEmptyStringsToNull->handle()
#49 /home/debian/VivaBioApp/vendor/laravel/framework/src/Illuminate/Foundation/Http/Middleware/TransformsRequest.php(21): Illuminate\\Pipeline\\Pipeline->Illuminate\\Pipeline\\{closure}()
#50 /home/debian/VivaBioApp/vendor/laravel/framework/src/Illuminate/Foundation/Http/Middleware/TrimStrings.php(51): Illuminate\\Foundation\\Http\\Middleware\\TransformsRequest->handle()
#51 /home/debian/VivaBioApp/vendor/laravel/framework/src/Illuminate/Pipeline/Pipeline.php(219): Illuminate\\Foundation\\Http\\Middleware\\TrimStrings->handle()
#52 /home/debian/VivaBioApp/vendor/laravel/framework/src/Illuminate/Http/Middleware/ValidatePostSize.php(27): Illuminate\\Pipeline\\Pipeline->Illuminate\\Pipeline\\{closure}()
#53 /home/debian/VivaBioApp/vendor/laravel/framework/src/Illuminate/Pipeline/Pipeline.php(219): Illuminate\\Http\\Middleware\\ValidatePostSize->handle()
#54 /home/debian/VivaBioApp/vendor/laravel/framework/src/Illuminate/Foundation/Http/Middleware/PreventRequestsDuringMaintenance.php(109): Illuminate\\Pipeline\\Pipeline->Illuminate\\Pipeline\\{closure}()
#55 /home/debian/VivaBioApp/vendor/laravel/framework/src/Illuminate/Pipeline/Pipeline.php(219): Illuminate\\Foundation\\Http\\Middleware\\PreventRequestsDuringMaintenance->handle()
#56 /home/debian/VivaBioApp/vendor/laravel/framework/src/Illuminate/Http/Middleware/HandleCors.php(48): Illuminate\\Pipeline\\Pipeline->Illuminate\\Pipeline\\{closure}()
#57 /home/debian/VivaBioApp/vendor/laravel/framework/src/Illuminate/Pipeline/Pipeline.php(219): Illuminate\\Http\\Middleware\\HandleCors->handle()
#58 /home/debian/VivaBioApp/vendor/laravel/framework/src/Illuminate/Http/Middleware/TrustProxies.php(58): Illuminate\\Pipeline\\Pipeline->Illuminate\\Pipeline\\{closure}()
#59 /home/debian/VivaBioApp/vendor/laravel/framework/src/Illuminate/Pipeline/Pipeline.php(219): Illuminate\\Http\\Middleware\\TrustProxies->handle()
#60 /home/debian/VivaBioApp/vendor/laravel/framework/src/Illuminate/Foundation/Http/Middleware/InvokeDeferredCallbacks.php(22): Illuminate\\Pipeline\\Pipeline->Illuminate\\Pipeline\\{closure}()
#61 /home/debian/VivaBioApp/vendor/laravel/framework/src/Illuminate/Pipeline/Pipeline.php(219): Illuminate\\Foundation\\Http\\Middleware\\InvokeDeferredCallbacks->handle()
#62 /home/debian/VivaBioApp/vendor/laravel/framework/src/Illuminate/Http/Middleware/ValidatePathEncoding.php(26): Illuminate\\Pipeline\\Pipeline->Illuminate\\Pipeline\\{closure}()
#63 /home/debian/VivaBioApp/vendor/laravel/framework/src/Illuminate/Pipeline/Pipeline.php(219): Illuminate\\Http\\Middleware\\ValidatePathEncoding->handle()
#64 /home/debian/VivaBioApp/vendor/laravel/framework/src/Illuminate/Pipeline/Pipeline.php(137): Illuminate\\Pipeline\\Pipeline->Illuminate\\Pipeline\\{closure}()
#65 /home/debian/VivaBioApp/vendor/laravel/framework/src/Illuminate/Foundation/Http/Kernel.php(175): Illuminate\\Pipeline\\Pipeline->then()
#66 /home/debian/VivaBioApp/vendor/laravel/framework/src/Illuminate/Foundation/Http/Kernel.php(144): Illuminate\\Foundation\\Http\\Kernel->sendRequestThroughRouter()
#67 /home/debian/VivaBioApp/vendor/laravel/framework/src/Illuminate/Foundation/Application.php(1220): Illuminate\\Foundation\\Http\\Kernel->handle()
#68 /home/debian/VivaBioApp/public/index.php(20): Illuminate\\Foundation\\Application->handleRequest()
#69 /home/debian/VivaBioApp/vendor/laravel/framework/src/Illuminate/Foundation/resources/server.php(23): require_once('...')
#70 {main}
"} 
[2025-10-31 17:19:05] local.ERROR: Vite manifest not found at: /home/debian/VivaBioApp/public/build/manifest.json (View: /home/debian/VivaBioApp/resources/views/layouts/guest.blade.php) (View: /home/debian/VivaBioApp/resources/views/layouts/guest.blade.php) {"exception":"[object] (Illuminate\\View\\ViewException(code: 0): Vite manifest not found at: /home/debian/VivaBioApp/public/build/manifest.json (View: /home/debian/VivaBioApp/resources/views/layouts/guest.blade.php) (View: /home/debian/VivaBioApp/resources/views/layouts/guest.blade.php) at /home/debian/VivaBioApp/vendor/laravel/framework/src/Illuminate/Foundation/Vite.php:935)
[stacktrace]
#0 /home/debian/VivaBioApp/vendor/laravel/framework/src/Illuminate/View/Engines/PhpEngine.php(59): Illuminate\\View\\Engines\\CompilerEngine->handleViewException()
#1 /home/debian/VivaBioApp/vendor/laravel/framework/src/Illuminate/View/Engines/CompilerEngine.php(76): Illuminate\\View\\Engines\\PhpEngine->evaluatePath()
#2 /home/debian/VivaBioApp/vendor/laravel/framework/src/Illuminate/View/View.php(208): Illuminate\\View\\Engines\\CompilerEngine->get()
#3 /home/debian/VivaBioApp/vendor/laravel/framework/src/Illuminate/View/View.php(191): Illuminate\\View\\View->getContents()
#4 /home/debian/VivaBioApp/vendor/laravel/framework/src/Illuminate/View/View.php(160): Illuminate\\View\\View->renderContents()
#5 /home/debian/VivaBioApp/vendor/laravel/framework/src/Illuminate/Http/Response.php(78): Illuminate\\View\\View->render()
#6 /home/debian/VivaBioApp/vendor/laravel/framework/src/Illuminate/Http/Response.php(34): Illuminate\\Http\\Response->setContent()
#7 /home/debian/VivaBioApp/vendor/laravel/framework/src/Illuminate/Routing/Router.php(939): Illuminate\\Http\\Response->__construct()
#8 /home/debian/VivaBioApp/vendor/laravel/framework/src/Illuminate/Routing/Router.php(906): Illuminate\\Routing\\Router::toResponse()
#9 /home/debian/VivaBioApp/vendor/laravel/framework/src/Illuminate/Routing/Router.php(821): Illuminate\\Routing\\Router->prepareResponse()
#10 /home/debian/VivaBioApp/vendor/laravel/framework/src/Illuminate/Pipeline/Pipeline.php(180): Illuminate\\Routing\\Router->Illuminate\\Routing\\{closure}()
#11 /home/debian/VivaBioApp/vendor/laravel/framework/src/Illuminate/Auth/Middleware/RedirectIfAuthenticated.php(35): Illuminate\\Pipeline\\Pipeline->Illuminate\\Pipeline\\{closure}()
#12 /home/debian/VivaBioApp/vendor/laravel/framework/src/Illuminate/Pipeline/Pipeline.php(219): Illuminate\\Auth\\Middleware\\RedirectIfAuthenticated->handle()
#13 /home/debian/VivaBioApp/vendor/laravel/framework/src/Illuminate/Routing/Middleware/SubstituteBindings.php(50): Illuminate\\Pipeline\\Pipeline->Illuminate\\Pipeline\\{closure}()
#14 /home/debian/VivaBioApp/vendor/laravel/framework/src/Illuminate/Pipeline/Pipeline.php(219): Illuminate\\Routing\\Middleware\\SubstituteBindings->handle()
#15 /home/debian/VivaBioApp/vendor/laravel/framework/src/Illuminate/Foundation/Http/Middleware/VerifyCsrfToken.php(87): Illuminate\\Pipeline\\Pipeline->Illuminate\\Pipeline\\{closure}()
#16 /home/debian/VivaBioApp/vendor/laravel/framework/src/Illuminate/Pipeline/Pipeline.php(219): Illuminate\\Foundation\\Http\\Middleware\\VerifyCsrfToken->handle()
#17 /home/debian/VivaBioApp/vendor/laravel/framework/src/Illuminate/View/Middleware/ShareErrorsFromSession.php(48): Illuminate\\Pipeline\\Pipeline->Illuminate\\Pipeline\\{closure}()
#18 /home/debian/VivaBioApp/vendor/laravel/framework/src/Illuminate/Pipeline/Pipeline.php(219): Illuminate\\View\\Middleware\\ShareErrorsFromSession->handle()
#19 /home/debian/VivaBioApp/vendor/laravel/framework/src/Illuminate/Session/Middleware/StartSession.php(120): Illuminate\\Pipeline\\Pipeline->Illuminate\\Pipeline\\{closure}()
#20 /home/debian/VivaBioApp/vendor/laravel/framework/src/Illuminate/Session/Middleware/StartSession.php(63): Illuminate\\Session\\Middleware\\StartSession->handleStatefulRequest()
#21 /home/debian/VivaBioApp/vendor/laravel/framework/src/Illuminate/Pipeline/Pipeline.php(219): Illuminate\\Session\\Middleware\\StartSession->handle()
#22 /home/debian/VivaBioApp/vendor/laravel/framework/src/Illuminate/Cookie/Middleware/AddQueuedCookiesToResponse.php(36): Illuminate\\Pipeline\\Pipeline->Illuminate\\Pipeline\\{closure}()
#23 /home/debian/VivaBioApp/vendor/laravel/framework/src/Illuminate/Pipeline/Pipeline.php(219): Illuminate\\Cookie\\Middleware\\AddQueuedCookiesToResponse->handle()
#24 /home/debian/VivaBioApp/vendor/laravel/framework/src/Illuminate/Cookie/Middleware/EncryptCookies.php(74): Illuminate\\Pipeline\\Pipeline->Illuminate\\Pipeline\\{closure}()
#25 /home/debian/VivaBioApp/vendor/laravel/framework/src/Illuminate/Pipeline/Pipeline.php(219): Illuminate\\Cookie\\Middleware\\EncryptCookies->handle()
#26 /home/debian/VivaBioApp/vendor/laravel/framework/src/Illuminate/Pipeline/Pipeline.php(137): Illuminate\\Pipeline\\Pipeline->Illuminate\\Pipeline\\{closure}()
#27 /home/debian/VivaBioApp/vendor/laravel/framework/src/Illuminate/Routing/Router.php(821): Illuminate\\Pipeline\\Pipeline->then()
#28 /home/debian/VivaBioApp/vendor/laravel/framework/src/Illuminate/Routing/Router.php(800): Illuminate\\Routing\\Router->runRouteWithinStack()
#29 /home/debian/VivaBioApp/vendor/laravel/framework/src/Illuminate/Routing/Router.php(764): Illuminate\\Routing\\Router->runRoute()
#30 /home/debian/VivaBioApp/vendor/laravel/framework/src/Illuminate/Routing/Router.php(753): Illuminate\\Routing\\Router->dispatchToRoute()
#31 /home/debian/VivaBioApp/vendor/laravel/framework/src/Illuminate/Foundation/Http/Kernel.php(200): Illuminate\\Routing\\Router->dispatch()
#32 /home/debian/VivaBioApp/vendor/laravel/framework/src/Illuminate/Pipeline/Pipeline.php(180): Illuminate\\Foundation\\Http\\Kernel->Illuminate\\Foundation\\Http\\{closure}()
#33 /home/debian/VivaBioApp/vendor/laravel/framework/src/Illuminate/Foundation/Http/Middleware/TransformsRequest.php(21): Illuminate\\Pipeline\\Pipeline->Illuminate\\Pipeline\\{closure}()
#34 /home/debian/VivaBioApp/vendor/laravel/framework/src/Illuminate/Foundation/Http/Middleware/ConvertEmptyStringsToNull.php(31): Illuminate\\Foundation\\Http\\Middleware\\TransformsRequest->handle()
#35 /home/debian/VivaBioApp/vendor/laravel/framework/src/Illuminate/Pipeline/Pipeline.php(219): Illuminate\\Foundation\\Http\\Middleware\\ConvertEmptyStringsToNull->handle()
#36 /home/debian/VivaBioApp/vendor/laravel/framework/src/Illuminate/Foundation/Http/Middleware/TransformsRequest.php(21): Illuminate\\Pipeline\\Pipeline->Illuminate\\Pipeline\\{closure}()
#37 /home/debian/VivaBioApp/vendor/laravel/framework/src/Illuminate/Foundation/Http/Middleware/TrimStrings.php(51): Illuminate\\Foundation\\Http\\Middleware\\TransformsRequest->handle()
#38 /home/debian/VivaBioApp/vendor/laravel/framework/src/Illuminate/Pipeline/Pipeline.php(219): Illuminate\\Foundation\\Http\\Middleware\\TrimStrings->handle()
#39 /home/debian/VivaBioApp/vendor/laravel/framework/src/Illuminate/Http/Middleware/ValidatePostSize.php(27): Illuminate\\Pipeline\\Pipeline->Illuminate\\Pipeline\\{closure}()
#40 /home/debian/VivaBioApp/vendor/laravel/framework/src/Illuminate/Pipeline/Pipeline.php(219): Illuminate\\Http\\Middleware\\ValidatePostSize->handle()
#41 /home/debian/VivaBioApp/vendor/laravel/framework/src/Illuminate/Foundation/Http/Middleware/PreventRequestsDuringMaintenance.php(109): Illuminate\\Pipeline\\Pipeline->Illuminate\\Pipeline\\{closure}()
#42 /home/debian/VivaBioApp/vendor/laravel/framework/src/Illuminate/Pipeline/Pipeline.php(219): Illuminate\\Foundation\\Http\\Middleware\\PreventRequestsDuringMaintenance->handle()
#43 /home/debian/VivaBioApp/vendor/laravel/framework/src/Illuminate/Http/Middleware/HandleCors.php(48): Illuminate\\Pipeline\\Pipeline->Illuminate\\Pipeline\\{closure}()
#44 /home/debian/VivaBioApp/vendor/laravel/framework/src/Illuminate/Pipeline/Pipeline.php(219): Illuminate\\Http\\Middleware\\HandleCors->handle()
#45 /home/debian/VivaBioApp/vendor/laravel/framework/src/Illuminate/Http/Middleware/TrustProxies.php(58): Illuminate\\Pipeline\\Pipeline->Illuminate\\Pipeline\\{closure}()
#46 /home/debian/VivaBioApp/vendor/laravel/framework/src/Illuminate/Pipeline/Pipeline.php(219): Illuminate\\Http\\Middleware\\TrustProxies->handle()
#47 /home/debian/VivaBioApp/vendor/laravel/framework/src/Illuminate/Foundation/Http/Middleware/InvokeDeferredCallbacks.php(22): Illuminate\\Pipeline\\Pipeline->Illuminate\\Pipeline\\{closure}()
#48 /home/debian/VivaBioApp/vendor/laravel/framework/src/Illuminate/Pipeline/Pipeline.php(219): Illuminate\\Foundation\\Http\\Middleware\\InvokeDeferredCallbacks->handle()
#49 /home/debian/VivaBioApp/vendor/laravel/framework/src/Illuminate/Http/Middleware/ValidatePathEncoding.php(26): Illuminate\\Pipeline\\Pipeline->Illuminate\\Pipeline\\{closure}()
#50 /home/debian/VivaBioApp/vendor/laravel/framework/src/Illuminate/Pipeline/Pipeline.php(219): Illuminate\\Http\\Middleware\\ValidatePathEncoding->handle()
#51 /home/debian/VivaBioApp/vendor/laravel/framework/src/Illuminate/Pipeline/Pipeline.php(137): Illuminate\\Pipeline\\Pipeline->Illuminate\\Pipeline\\{closure}()
#52 /home/debian/VivaBioApp/vendor/laravel/framework/src/Illuminate/Foundation/Http/Kernel.php(175): Illuminate\\Pipeline\\Pipeline->then()
#53 /home/debian/VivaBioApp/vendor/laravel/framework/src/Illuminate/Foundation/Http/Kernel.php(144): Illuminate\\Foundation\\Http\\Kernel->sendRequestThroughRouter()
#54 /home/debian/VivaBioApp/vendor/laravel/framework/src/Illuminate/Foundation/Application.php(1220): Illuminate\\Foundation\\Http\\Kernel->handle()
#55 /home/debian/VivaBioApp/public/index.php(20): Illuminate\\Foundation\\Application->handleRequest()
#56 /home/debian/VivaBioApp/vendor/laravel/framework/src/Illuminate/Foundation/resources/server.php(23): require_once('...')
#57 {main}

[previous exception] [object] (Illuminate\\View\\ViewException(code: 0): Vite manifest not found at: /home/debian/VivaBioApp/public/build/manifest.json (View: /home/debian/VivaBioApp/resources/views/layouts/guest.blade.php) at /home/debian/VivaBioApp/vendor/laravel/framework/src/Illuminate/Foundation/Vite.php:935)
[stacktrace]
#0 /home/debian/VivaBioApp/vendor/laravel/framework/src/Illuminate/View/Engines/PhpEngine.php(59): Illuminate\\View\\Engines\\CompilerEngine->handleViewException()
#1 /home/debian/VivaBioApp/vendor/laravel/framework/src/Illuminate/View/Engines/CompilerEngine.php(76): Illuminate\\View\\Engines\\PhpEngine->evaluatePath()
#2 /home/debian/VivaBioApp/vendor/laravel/framework/src/Illuminate/View/View.php(208): Illuminate\\View\\Engines\\CompilerEngine->get()
#3 /home/debian/VivaBioApp/vendor/laravel/framework/src/Illuminate/View/View.php(191): Illuminate\\View\\View->getContents()
#4 /home/debian/VivaBioApp/vendor/laravel/framework/src/Illuminate/View/View.php(160): Illuminate\\View\\View->renderContents()
#5 /home/debian/VivaBioApp/vendor/laravel/framework/src/Illuminate/View/Concerns/ManagesComponents.php(99): Illuminate\\View\\View->render()
#6 /home/debian/VivaBioApp/storage/framework/views/ef99cc4ec4a70de6d2d814b284b8edd9.php(206): Illuminate\\View\\Factory->renderComponent()
#7 /home/debian/VivaBioApp/vendor/laravel/framework/src/Illuminate/Filesystem/Filesystem.php(123): require('...')
#8 /home/debian/VivaBioApp/vendor/laravel/framework/src/Illuminate/Filesystem/Filesystem.php(124): Illuminate\\Filesystem\\Filesystem::Illuminate\\Filesystem\\{closure}()
#9 /home/debian/VivaBioApp/vendor/laravel/framework/src/Illuminate/View/Engines/PhpEngine.php(57): Illuminate\\Filesystem\\Filesystem->getRequire()
#10 /home/debian/VivaBioApp/vendor/laravel/framework/src/Illuminate/View/Engines/CompilerEngine.php(76): Illuminate\\View\\Engines\\PhpEngine->evaluatePath()
#11 /home/debian/VivaBioApp/vendor/laravel/framework/src/Illuminate/View/View.php(208): Illuminate\\View\\Engines\\CompilerEngine->get()
#12 /home/debian/VivaBioApp/vendor/laravel/framework/src/Illuminate/View/View.php(191): Illuminate\\View\\View->getContents()
#13 /home/debian/VivaBioApp/vendor/laravel/framework/src/Illuminate/View/View.php(160): Illuminate\\View\\View->renderContents()
#14 /home/debian/VivaBioApp/vendor/laravel/framework/src/Illuminate/Http/Response.php(78): Illuminate\\View\\View->render()
#15 /home/debian/VivaBioApp/vendor/laravel/framework/src/Illuminate/Http/Response.php(34): Illuminate\\Http\\Response->setContent()
#16 /home/debian/VivaBioApp/vendor/laravel/framework/src/Illuminate/Routing/Router.php(939): Illuminate\\Http\\Response->__construct()
#17 /home/debian/VivaBioApp/vendor/laravel/framework/src/Illuminate/Routing/Router.php(906): Illuminate\\Routing\\Router::toResponse()
#18 /home/debian/VivaBioApp/vendor/laravel/framework/src/Illuminate/Routing/Router.php(821): Illuminate\\Routing\\Router->prepareResponse()
#19 /home/debian/VivaBioApp/vendor/laravel/framework/src/Illuminate/Pipeline/Pipeline.php(180): Illuminate\\Routing\\Router->Illuminate\\Routing\\{closure}()
#20 /home/debian/VivaBioApp/vendor/laravel/framework/src/Illuminate/Auth/Middleware/RedirectIfAuthenticated.php(35): Illuminate\\Pipeline\\Pipeline->Illuminate\\Pipeline\\{closure}()
#21 /home/debian/VivaBioApp/vendor/laravel/framework/src/Illuminate/Pipeline/Pipeline.php(219): Illuminate\\Auth\\Middleware\\RedirectIfAuthenticated->handle()
#22 /home/debian/VivaBioApp/vendor/laravel/framework/src/Illuminate/Routing/Middleware/SubstituteBindings.php(50): Illuminate\\Pipeline\\Pipeline->Illuminate\\Pipeline\\{closure}()
#23 /home/debian/VivaBioApp/vendor/laravel/framework/src/Illuminate/Pipeline/Pipeline.php(219): Illuminate\\Routing\\Middleware\\SubstituteBindings->handle()
#24 /home/debian/VivaBioApp/vendor/laravel/framework/src/Illuminate/Foundation/Http/Middleware/VerifyCsrfToken.php(87): Illuminate\\Pipeline\\Pipeline->Illuminate\\Pipeline\\{closure}()
#25 /home/debian/VivaBioApp/vendor/laravel/framework/src/Illuminate/Pipeline/Pipeline.php(219): Illuminate\\Foundation\\Http\\Middleware\\VerifyCsrfToken->handle()
#26 /home/debian/VivaBioApp/vendor/laravel/framework/src/Illuminate/View/Middleware/ShareErrorsFromSession.php(48): Illuminate\\Pipeline\\Pipeline->Illuminate\\Pipeline\\{closure}()
#27 /home/debian/VivaBioApp/vendor/laravel/framework/src/Illuminate/Pipeline/Pipeline.php(219): Illuminate\\View\\Middleware\\ShareErrorsFromSession->handle()
#28 /home/debian/VivaBioApp/vendor/laravel/framework/src/Illuminate/Session/Middleware/StartSession.php(120): Illuminate\\Pipeline\\Pipeline->Illuminate\\Pipeline\\{closure}()
#29 /home/debian/VivaBioApp/vendor/laravel/framework/src/Illuminate/Session/Middleware/StartSession.php(63): Illuminate\\Session\\Middleware\\StartSession->handleStatefulRequest()
#30 /home/debian/VivaBioApp/vendor/laravel/framework/src/Illuminate/Pipeline/Pipeline.php(219): Illuminate\\Session\\Middleware\\StartSession->handle()
#31 /home/debian/VivaBioApp/vendor/laravel/framework/src/Illuminate/Cookie/Middleware/AddQueuedCookiesToResponse.php(36): Illuminate\\Pipeline\\Pipeline->Illuminate\\Pipeline\\{closure}()
#32 /home/debian/VivaBioApp/vendor/laravel/framework/src/Illuminate/Pipeline/Pipeline.php(219): Illuminate\\Cookie\\Middleware\\AddQueuedCookiesToResponse->handle()
#33 /home/debian/VivaBioApp/vendor/laravel/framework/src/Illuminate/Cookie/Middleware/EncryptCookies.php(74): Illuminate\\Pipeline\\Pipeline->Illuminate\\Pipeline\\{closure}()
#34 /home/debian/VivaBioApp/vendor/laravel/framework/src/Illuminate/Pipeline/Pipeline.php(219): Illuminate\\Cookie\\Middleware\\EncryptCookies->handle()
#35 /home/debian/VivaBioApp/vendor/laravel/framework/src/Illuminate/Pipeline/Pipeline.php(137): Illuminate\\Pipeline\\Pipeline->Illuminate\\Pipeline\\{closure}()
#36 /home/debian/VivaBioApp/vendor/laravel/framework/src/Illuminate/Routing/Router.php(821): Illuminate\\Pipeline\\Pipeline->then()
#37 /home/debian/VivaBioApp/vendor/laravel/framework/src/Illuminate/Routing/Router.php(800): Illuminate\\Routing\\Router->runRouteWithinStack()
#38 /home/debian/VivaBioApp/vendor/laravel/framework/src/Illuminate/Routing/Router.php(764): Illuminate\\Routing\\Router->runRoute()
#39 /home/debian/VivaBioApp/vendor/laravel/framework/src/Illuminate/Routing/Router.php(753): Illuminate\\Routing\\Router->dispatchToRoute()
#40 /home/debian/VivaBioApp/vendor/laravel/framework/src/Illuminate/Foundation/Http/Kernel.php(200): Illuminate\\Routing\\Router->dispatch()
#41 /home/debian/VivaBioApp/vendor/laravel/framework/src/Illuminate/Pipeline/Pipeline.php(180): Illuminate\\Foundation\\Http\\Kernel->Illuminate\\Foundation\\Http\\{closure}()
#42 /home/debian/VivaBioApp/vendor/laravel/framework/src/Illuminate/Foundation/Http/Middleware/TransformsRequest.php(21): Illuminate\\Pipeline\\Pipeline->Illuminate\\Pipeline\\{closure}()
#43 /home/debian/VivaBioApp/vendor/laravel/framework/src/Illuminate/Foundation/Http/Middleware/ConvertEmptyStringsToNull.php(31): Illuminate\\Foundation\\Http\\Middleware\\TransformsRequest->handle()
#44 /home/debian/VivaBioApp/vendor/laravel/framework/src/Illuminate/Pipeline/Pipeline.php(219): Illuminate\\Foundation\\Http\\Middleware\\ConvertEmptyStringsToNull->handle()
#45 /home/debian/VivaBioApp/vendor/laravel/framework/src/Illuminate/Foundation/Http/Middleware/TransformsRequest.php(21): Illuminate\\Pipeline\\Pipeline->Illuminate\\Pipeline\\{closure}()
#46 /home/debian/VivaBioApp/vendor/laravel/framework/src/Illuminate/Foundation/Http/Middleware/TrimStrings.php(51): Illuminate\\Foundation\\Http\\Middleware\\TransformsRequest->handle()
#47 /home/debian/VivaBioApp/vendor/laravel/framework/src/Illuminate/Pipeline/Pipeline.php(219): Illuminate\\Foundation\\Http\\Middleware\\TrimStrings->handle()
#48 /home/debian/VivaBioApp/vendor/laravel/framework/src/Illuminate/Http/Middleware/ValidatePostSize.php(27): Illuminate\\Pipeline\\Pipeline->Illuminate\\Pipeline\\{closure}()
#49 /home/debian/VivaBioApp/vendor/laravel/framework/src/Illuminate/Pipeline/Pipeline.php(219): Illuminate\\Http\\Middleware\\ValidatePostSize->handle()
#50 /home/debian/VivaBioApp/vendor/laravel/framework/src/Illuminate/Foundation/Http/Middleware/PreventRequestsDuringMaintenance.php(109): Illuminate\\Pipeline\\Pipeline->Illuminate\\Pipeline\\{closure}()
#51 /home/debian/VivaBioApp/vendor/laravel/framework/src/Illuminate/Pipeline/Pipeline.php(219): Illuminate\\Foundation\\Http\\Middleware\\PreventRequestsDuringMaintenance->handle()
#52 /home/debian/VivaBioApp/vendor/laravel/framework/src/Illuminate/Http/Middleware/HandleCors.php(48): Illuminate\\Pipeline\\Pipeline->Illuminate\\Pipeline\\{closure}()
#53 /home/debian/VivaBioApp/vendor/laravel/framework/src/Illuminate/Pipeline/Pipeline.php(219): Illuminate\\Http\\Middleware\\HandleCors->handle()
#54 /home/debian/VivaBioApp/vendor/laravel/framework/src/Illuminate/Http/Middleware/TrustProxies.php(58): Illuminate\\Pipeline\\Pipeline->Illuminate\\Pipeline\\{closure}()
#55 /home/debian/VivaBioApp/vendor/laravel/framework/src/Illuminate/Pipeline/Pipeline.php(219): Illuminate\\Http\\Middleware\\TrustProxies->handle()
#56 /home/debian/VivaBioApp/vendor/laravel/framework/src/Illuminate/Foundation/Http/Middleware/InvokeDeferredCallbacks.php(22): Illuminate\\Pipeline\\Pipeline->Illuminate\\Pipeline\\{closure}()
#57 /home/debian/VivaBioApp/vendor/laravel/framework/src/Illuminate/Pipeline/Pipeline.php(219): Illuminate\\Foundation\\Http\\Middleware\\InvokeDeferredCallbacks->handle()
#58 /home/debian/VivaBioApp/vendor/laravel/framework/src/Illuminate/Http/Middleware/ValidatePathEncoding.php(26): Illuminate\\Pipeline\\Pipeline->Illuminate\\Pipeline\\{closure}()
#59 /home/debian/VivaBioApp/vendor/laravel/framework/src/Illuminate/Pipeline/Pipeline.php(219): Illuminate\\Http\\Middleware\\ValidatePathEncoding->handle()
#60 /home/debian/VivaBioApp/vendor/laravel/framework/src/Illuminate/Pipeline/Pipeline.php(137): Illuminate\\Pipeline\\Pipeline->Illuminate\\Pipeline\\{closure}()
#61 /home/debian/VivaBioApp/vendor/laravel/framework/src/Illuminate/Foundation/Http/Kernel.php(175): Illuminate\\Pipeline\\Pipeline->then()
#62 /home/debian/VivaBioApp/vendor/laravel/framework/src/Illuminate/Foundation/Http/Kernel.php(144): Illuminate\\Foundation\\Http\\Kernel->sendRequestThroughRouter()
#63 /home/debian/VivaBioApp/vendor/laravel/framework/src/Illuminate/Foundation/Application.php(1220): Illuminate\\Foundation\\Http\\Kernel->handle()
#64 /home/debian/VivaBioApp/public/index.php(20): Illuminate\\Foundation\\Application->handleRequest()
#65 /home/debian/VivaBioApp/vendor/laravel/framework/src/Illuminate/Foundation/resources/server.php(23): require_once('...')
#66 {main}

[previous exception] [object] (Illuminate\\Foundation\\ViteManifestNotFoundException(code: 0): Vite manifest not found at: /home/debian/VivaBioApp/public/build/manifest.json at /home/debian/VivaBioApp/vendor/laravel/framework/src/Illuminate/Foundation/Vite.php:935)
[stacktrace]
#0 /home/debian/VivaBioApp/vendor/laravel/framework/src/Illuminate/Foundation/Vite.php(384): Illuminate\\Foundation\\Vite->manifest()
#1 /home/debian/VivaBioApp/storage/framework/views/3064da7a11be85c855c024861c7d2823.php(15): Illuminate\\Foundation\\Vite->__invoke()
#2 /home/debian/VivaBioApp/vendor/laravel/framework/src/Illuminate/Filesystem/Filesystem.php(123): require('...')
#3 /home/debian/VivaBioApp/vendor/laravel/framework/src/Illuminate/Filesystem/Filesystem.php(124): Illuminate\\Filesystem\\Filesystem::Illuminate\\Filesystem\\{closure}()
#4 /home/debian/VivaBioApp/vendor/laravel/framework/src/Illuminate/View/Engines/PhpEngine.php(57): Illuminate\\Filesystem\\Filesystem->getRequire()
#5 /home/debian/VivaBioApp/vendor/laravel/framework/src/Illuminate/View/Engines/CompilerEngine.php(76): Illuminate\\View\\Engines\\PhpEngine->evaluatePath()
#6 /home/debian/VivaBioApp/vendor/laravel/framework/src/Illuminate/View/View.php(208): Illuminate\\View\\Engines\\CompilerEngine->get()
#7 /home/debian/VivaBioApp/vendor/laravel/framework/src/Illuminate/View/View.php(191): Illuminate\\View\\View->getContents()
#8 /home/debian/VivaBioApp/vendor/laravel/framework/src/Illuminate/View/View.php(160): Illuminate\\View\\View->renderContents()
#9 /home/debian/VivaBioApp/vendor/laravel/framework/src/Illuminate/View/Concerns/ManagesComponents.php(99): Illuminate\\View\\View->render()
#10 /home/debian/VivaBioApp/storage/framework/views/ef99cc4ec4a70de6d2d814b284b8edd9.php(206): Illuminate\\View\\Factory->renderComponent()
#11 /home/debian/VivaBioApp/vendor/laravel/framework/src/Illuminate/Filesystem/Filesystem.php(123): require('...')
#12 /home/debian/VivaBioApp/vendor/laravel/framework/src/Illuminate/Filesystem/Filesystem.php(124): Illuminate\\Filesystem\\Filesystem::Illuminate\\Filesystem\\{closure}()
#13 /home/debian/VivaBioApp/vendor/laravel/framework/src/Illuminate/View/Engines/PhpEngine.php(57): Illuminate\\Filesystem\\Filesystem->getRequire()
#14 /home/debian/VivaBioApp/vendor/laravel/framework/src/Illuminate/View/Engines/CompilerEngine.php(76): Illuminate\\View\\Engines\\PhpEngine->evaluatePath()
#15 /home/debian/VivaBioApp/vendor/laravel/framework/src/Illuminate/View/View.php(208): Illuminate\\View\\Engines\\CompilerEngine->get()
#16 /home/debian/VivaBioApp/vendor/laravel/framework/src/Illuminate/View/View.php(191): Illuminate\\View\\View->getContents()
#17 /home/debian/VivaBioApp/vendor/laravel/framework/src/Illuminate/View/View.php(160): Illuminate\\View\\View->renderContents()
#18 /home/debian/VivaBioApp/vendor/laravel/framework/src/Illuminate/Http/Response.php(78): Illuminate\\View\\View->render()
#19 /home/debian/VivaBioApp/vendor/laravel/framework/src/Illuminate/Http/Response.php(34): Illuminate\\Http\\Response->setContent()
#20 /home/debian/VivaBioApp/vendor/laravel/framework/src/Illuminate/Routing/Router.php(939): Illuminate\\Http\\Response->__construct()
#21 /home/debian/VivaBioApp/vendor/laravel/framework/src/Illuminate/Routing/Router.php(906): Illuminate\\Routing\\Router::toResponse()
#22 /home/debian/VivaBioApp/vendor/laravel/framework/src/Illuminate/Routing/Router.php(821): Illuminate\\Routing\\Router->prepareResponse()
#23 /home/debian/VivaBioApp/vendor/laravel/framework/src/Illuminate/Pipeline/Pipeline.php(180): Illuminate\\Routing\\Router->Illuminate\\Routing\\{closure}()
#24 /home/debian/VivaBioApp/vendor/laravel/framework/src/Illuminate/Auth/Middleware/RedirectIfAuthenticated.php(35): Illuminate\\Pipeline\\Pipeline->Illuminate\\Pipeline\\{closure}()
#25 /home/debian/VivaBioApp/vendor/laravel/framework/src/Illuminate/Pipeline/Pipeline.php(219): Illuminate\\Auth\\Middleware\\RedirectIfAuthenticated->handle()
#26 /home/debian/VivaBioApp/vendor/laravel/framework/src/Illuminate/Routing/Middleware/SubstituteBindings.php(50): Illuminate\\Pipeline\\Pipeline->Illuminate\\Pipeline\\{closure}()
#27 /home/debian/VivaBioApp/vendor/laravel/framework/src/Illuminate/Pipeline/Pipeline.php(219): Illuminate\\Routing\\Middleware\\SubstituteBindings->handle()
#28 /home/debian/VivaBioApp/vendor/laravel/framework/src/Illuminate/Foundation/Http/Middleware/VerifyCsrfToken.php(87): Illuminate\\Pipeline\\Pipeline->Illuminate\\Pipeline\\{closure}()
#29 /home/debian/VivaBioApp/vendor/laravel/framework/src/Illuminate/Pipeline/Pipeline.php(219): Illuminate\\Foundation\\Http\\Middleware\\VerifyCsrfToken->handle()
#30 /home/debian/VivaBioApp/vendor/laravel/framework/src/Illuminate/View/Middleware/ShareErrorsFromSession.php(48): Illuminate\\Pipeline\\Pipeline->Illuminate\\Pipeline\\{closure}()
#31 /home/debian/VivaBioApp/vendor/laravel/framework/src/Illuminate/Pipeline/Pipeline.php(219): Illuminate\\View\\Middleware\\ShareErrorsFromSession->handle()
#32 /home/debian/VivaBioApp/vendor/laravel/framework/src/Illuminate/Session/Middleware/StartSession.php(120): Illuminate\\Pipeline\\Pipeline->Illuminate\\Pipeline\\{closure}()
#33 /home/debian/VivaBioApp/vendor/laravel/framework/src/Illuminate/Session/Middleware/StartSession.php(63): Illuminate\\Session\\Middleware\\StartSession->handleStatefulRequest()
#34 /home/debian/VivaBioApp/vendor/laravel/framework/src/Illuminate/Pipeline/Pipeline.php(219): Illuminate\\Session\\Middleware\\StartSession->handle()
#35 /home/debian/VivaBioApp/vendor/laravel/framework/src/Illuminate/Cookie/Middleware/AddQueuedCookiesToResponse.php(36): Illuminate\\Pipeline\\Pipeline->Illuminate\\Pipeline\\{closure}()
#36 /home/debian/VivaBioApp/vendor/laravel/framework/src/Illuminate/Pipeline/Pipeline.php(219): Illuminate\\Cookie\\Middleware\\AddQueuedCookiesToResponse->handle()
#37 /home/debian/VivaBioApp/vendor/laravel/framework/src/Illuminate/Cookie/Middleware/EncryptCookies.php(74): Illuminate\\Pipeline\\Pipeline->Illuminate\\Pipeline\\{closure}()
#38 /home/debian/VivaBioApp/vendor/laravel/framework/src/Illuminate/Pipeline/Pipeline.php(219): Illuminate\\Cookie\\Middleware\\EncryptCookies->handle()
#39 /home/debian/VivaBioApp/vendor/laravel/framework/src/Illuminate/Pipeline/Pipeline.php(137): Illuminate\\Pipeline\\Pipeline->Illuminate\\Pipeline\\{closure}()
#40 /home/debian/VivaBioApp/vendor/laravel/framework/src/Illuminate/Routing/Router.php(821): Illuminate\\Pipeline\\Pipeline->then()
#41 /home/debian/VivaBioApp/vendor/laravel/framework/src/Illuminate/Routing/Router.php(800): Illuminate\\Routing\\Router->runRouteWithinStack()
#42 /home/debian/VivaBioApp/vendor/laravel/framework/src/Illuminate/Routing/Router.php(764): Illuminate\\Routing\\Router->runRoute()
#43 /home/debian/VivaBioApp/vendor/laravel/framework/src/Illuminate/Routing/Router.php(753): Illuminate\\Routing\\Router->dispatchToRoute()
#44 /home/debian/VivaBioApp/vendor/laravel/framework/src/Illuminate/Foundation/Http/Kernel.php(200): Illuminate\\Routing\\Router->dispatch()
#45 /home/debian/VivaBioApp/vendor/laravel/framework/src/Illuminate/Pipeline/Pipeline.php(180): Illuminate\\Foundation\\Http\\Kernel->Illuminate\\Foundation\\Http\\{closure}()
#46 /home/debian/VivaBioApp/vendor/laravel/framework/src/Illuminate/Foundation/Http/Middleware/TransformsRequest.php(21): Illuminate\\Pipeline\\Pipeline->Illuminate\\Pipeline\\{closure}()
#47 /home/debian/VivaBioApp/vendor/laravel/framework/src/Illuminate/Foundation/Http/Middleware/ConvertEmptyStringsToNull.php(31): Illuminate\\Foundation\\Http\\Middleware\\TransformsRequest->handle()
#48 /home/debian/VivaBioApp/vendor/laravel/framework/src/Illuminate/Pipeline/Pipeline.php(219): Illuminate\\Foundation\\Http\\Middleware\\ConvertEmptyStringsToNull->handle()
#49 /home/debian/VivaBioApp/vendor/laravel/framework/src/Illuminate/Foundation/Http/Middleware/TransformsRequest.php(21): Illuminate\\Pipeline\\Pipeline->Illuminate\\Pipeline\\{closure}()
#50 /home/debian/VivaBioApp/vendor/laravel/framework/src/Illuminate/Foundation/Http/Middleware/TrimStrings.php(51): Illuminate\\Foundation\\Http\\Middleware\\TransformsRequest->handle()
#51 /home/debian/VivaBioApp/vendor/laravel/framework/src/Illuminate/Pipeline/Pipeline.php(219): Illuminate\\Foundation\\Http\\Middleware\\TrimStrings->handle()
#52 /home/debian/VivaBioApp/vendor/laravel/framework/src/Illuminate/Http/Middleware/ValidatePostSize.php(27): Illuminate\\Pipeline\\Pipeline->Illuminate\\Pipeline\\{closure}()
#53 /home/debian/VivaBioApp/vendor/laravel/framework/src/Illuminate/Pipeline/Pipeline.php(219): Illuminate\\Http\\Middleware\\ValidatePostSize->handle()
#54 /home/debian/VivaBioApp/vendor/laravel/framework/src/Illuminate/Foundation/Http/Middleware/PreventRequestsDuringMaintenance.php(109): Illuminate\\Pipeline\\Pipeline->Illuminate\\Pipeline\\{closure}()
#55 /home/debian/VivaBioApp/vendor/laravel/framework/src/Illuminate/Pipeline/Pipeline.php(219): Illuminate\\Foundation\\Http\\Middleware\\PreventRequestsDuringMaintenance->handle()
#56 /home/debian/VivaBioApp/vendor/laravel/framework/src/Illuminate/Http/Middleware/HandleCors.php(48): Illuminate\\Pipeline\\Pipeline->Illuminate\\Pipeline\\{closure}()
#57 /home/debian/VivaBioApp/vendor/laravel/framework/src/Illuminate/Pipeline/Pipeline.php(219): Illuminate\\Http\\Middleware\\HandleCors->handle()
#58 /home/debian/VivaBioApp/vendor/laravel/framework/src/Illuminate/Http/Middleware/TrustProxies.php(58): Illuminate\\Pipeline\\Pipeline->Illuminate\\Pipeline\\{closure}()
#59 /home/debian/VivaBioApp/vendor/laravel/framework/src/Illuminate/Pipeline/Pipeline.php(219): Illuminate\\Http\\Middleware\\TrustProxies->handle()
#60 /home/debian/VivaBioApp/vendor/laravel/framework/src/Illuminate/Foundation/Http/Middleware/InvokeDeferredCallbacks.php(22): Illuminate\\Pipeline\\Pipeline->Illuminate\\Pipeline\\{closure}()
#61 /home/debian/VivaBioApp/vendor/laravel/framework/src/Illuminate/Pipeline/Pipeline.php(219): Illuminate\\Foundation\\Http\\Middleware\\InvokeDeferredCallbacks->handle()
#62 /home/debian/VivaBioApp/vendor/laravel/framework/src/Illuminate/Http/Middleware/ValidatePathEncoding.php(26): Illuminate\\Pipeline\\Pipeline->Illuminate\\Pipeline\\{closure}()
#63 /home/debian/VivaBioApp/vendor/laravel/framework/src/Illuminate/Pipeline/Pipeline.php(219): Illuminate\\Http\\Middleware\\ValidatePathEncoding->handle()
#64 /home/debian/VivaBioApp/vendor/laravel/framework/src/Illuminate/Pipeline/Pipeline.php(137): Illuminate\\Pipeline\\Pipeline->Illuminate\\Pipeline\\{closure}()
#65 /home/debian/VivaBioApp/vendor/laravel/framework/src/Illuminate/Foundation/Http/Kernel.php(175): Illuminate\\Pipeline\\Pipeline->then()
#66 /home/debian/VivaBioApp/vendor/laravel/framework/src/Illuminate/Foundation/Http/Kernel.php(144): Illuminate\\Foundation\\Http\\Kernel->sendRequestThroughRouter()
#67 /home/debian/VivaBioApp/vendor/laravel/framework/src/Illuminate/Foundation/Application.php(1220): Illuminate\\Foundation\\Http\\Kernel->handle()
#68 /home/debian/VivaBioApp/public/index.php(20): Illuminate\\Foundation\\Application->handleRequest()
#69 /home/debian/VivaBioApp/vendor/laravel/framework/src/Illuminate/Foundation/resources/server.php(23): require_once('...')
#70 {main}
"} 
[2025-10-31 17:21:16] local.ERROR: SQLSTATE[23000]: Integrity constraint violation: 1062 Duplicate entry 'test@example.com' for key 'users_email_unique' (Connection: mysql, SQL: insert into `users` (`name`, `email`, `email_verified_at`, `password`, `remember_token`, `updated_at`, `created_at`) values (Test User, test@example.com, 2025-10-31 17:21:16, $2y$12$/aVnwrUPjD8LK1cPa6TEV.c/l7WrGEOhojKCM.anEKAE5RNYVmA3W, YAuEw6X1DW, 2025-10-31 17:21:16, 2025-10-31 17:21:16)) {"exception":"[object] (Illuminate\\Database\\UniqueConstraintViolationException(code: 23000): SQLSTATE[23000]: Integrity constraint violation: 1062 Duplicate entry 'test@example.com' for key 'users_email_unique' (Connection: mysql, SQL: insert into `users` (`name`, `email`, `email_verified_at`, `password`, `remember_token`, `updated_at`, `created_at`) values (Test User, test@example.com, 2025-10-31 17:21:16, $2y$12$/aVnwrUPjD8LK1cPa6TEV.c/l7WrGEOhojKCM.anEKAE5RNYVmA3W, YAuEw6X1DW, 2025-10-31 17:21:16, 2025-10-31 17:21:16)) at /home/debian/VivaBioApp/vendor/laravel/framework/src/Illuminate/Database/Connection.php:819)
[stacktrace]
#0 /home/debian/VivaBioApp/vendor/laravel/framework/src/Illuminate/Database/Connection.php(778): Illuminate\\Database\\Connection->runQueryCallback()
#1 /home/debian/VivaBioApp/vendor/laravel/framework/src/Illuminate/Database/MySqlConnection.php(42): Illuminate\\Database\\Connection->run()
#2 /home/debian/VivaBioApp/vendor/laravel/framework/src/Illuminate/Database/Query/Processors/MySqlProcessor.php(35): Illuminate\\Database\\MySqlConnection->insert()
#3 /home/debian/VivaBioApp/vendor/laravel/framework/src/Illuminate/Database/Query/Builder.php(3853): Illuminate\\Database\\Query\\Processors\\MySqlProcessor->processInsertGetId()
#4 /home/debian/VivaBioApp/vendor/laravel/framework/src/Illuminate/Database/Eloquent/Builder.php(2235): Illuminate\\Database\\Query\\Builder->insertGetId()
#5 /home/debian/VivaBioApp/vendor/laravel/framework/src/Illuminate/Database/Eloquent/Model.php(1436): Illuminate\\Database\\Eloquent\\Builder->__call()
#6 /home/debian/VivaBioApp/vendor/laravel/framework/src/Illuminate/Database/Eloquent/Model.php(1401): Illuminate\\Database\\Eloquent\\Model->insertAndSetId()
#7 /home/debian/VivaBioApp/vendor/laravel/framework/src/Illuminate/Database/Eloquent/Model.php(1240): Illuminate\\Database\\Eloquent\\Model->performInsert()
#8 /home/debian/VivaBioApp/vendor/laravel/framework/src/Illuminate/Database/Eloquent/Factories/Factory.php(370): Illuminate\\Database\\Eloquent\\Model->save()
#9 /home/debian/VivaBioApp/vendor/laravel/framework/src/Illuminate/Collections/Traits/EnumeratesValues.php(271): Illuminate\\Database\\Eloquent\\Factories\\Factory->Illuminate\\Database\\Eloquent\\Factories\\{closure}()
#10 /home/debian/VivaBioApp/vendor/laravel/framework/src/Illuminate/Database/Eloquent/Factories/Factory.php(365): Illuminate\\Support\\Collection->each()
#11 /home/debian/VivaBioApp/vendor/laravel/framework/src/Illuminate/Database/Eloquent/Factories/Factory.php(321): Illuminate\\Database\\Eloquent\\Factories\\Factory->store()
#12 /home/debian/VivaBioApp/vendor/laravel/framework/src/Illuminate/Database/Eloquent/Factories/Factory.php(315): Illuminate\\Database\\Eloquent\\Factories\\Factory->create()
#13 /home/debian/VivaBioApp/database/seeders/DatabaseSeeder.php(18): Illuminate\\Database\\Eloquent\\Factories\\Factory->create()
#14 /home/debian/VivaBioApp/vendor/laravel/framework/src/Illuminate/Container/BoundMethod.php(36): Database\\Seeders\\DatabaseSeeder->run()
#15 /home/debian/VivaBioApp/vendor/laravel/framework/src/Illuminate/Container/Util.php(43): Illuminate\\Container\\BoundMethod::Illuminate\\Container\\{closure}()
#16 /home/debian/VivaBioApp/vendor/laravel/framework/src/Illuminate/Container/BoundMethod.php(96): Illuminate\\Container\\Util::unwrapIfClosure()
#17 /home/debian/VivaBioApp/vendor/laravel/framework/src/Illuminate/Container/BoundMethod.php(35): Illuminate\\Container\\BoundMethod::callBoundMethod()
#18 /home/debian/VivaBioApp/vendor/laravel/framework/src/Illuminate/Container/Container.php(836): Illuminate\\Container\\BoundMethod::call()
#19 /home/debian/VivaBioApp/vendor/laravel/framework/src/Illuminate/Database/Seeder.php(184): Illuminate\\Container\\Container->call()
#20 /home/debian/VivaBioApp/vendor/laravel/framework/src/Illuminate/Database/Seeder.php(193): Illuminate\\Database\\Seeder->Illuminate\\Database\\{closure}()
#21 /home/debian/VivaBioApp/vendor/laravel/framework/src/Illuminate/Database/Console/Seeds/SeedCommand.php(71): Illuminate\\Database\\Seeder->__invoke()
#22 /home/debian/VivaBioApp/vendor/laravel/framework/src/Illuminate/Database/Eloquent/Concerns/GuardsAttributes.php(157): Illuminate\\Database\\Console\\Seeds\\SeedCommand->Illuminate\\Database\\Console\\Seeds\\{closure}()
#23 /home/debian/VivaBioApp/vendor/laravel/framework/src/Illuminate/Database/Console/Seeds/SeedCommand.php(70): Illuminate\\Database\\Eloquent\\Model::unguarded()
#24 /home/debian/VivaBioApp/vendor/laravel/framework/src/Illuminate/Container/BoundMethod.php(36): Illuminate\\Database\\Console\\Seeds\\SeedCommand->handle()
#25 /home/debian/VivaBioApp/vendor/laravel/framework/src/Illuminate/Container/Util.php(43): Illuminate\\Container\\BoundMethod::Illuminate\\Container\\{closure}()
#26 /home/debian/VivaBioApp/vendor/laravel/framework/src/Illuminate/Container/BoundMethod.php(96): Illuminate\\Container\\Util::unwrapIfClosure()
#27 /home/debian/VivaBioApp/vendor/laravel/framework/src/Illuminate/Container/BoundMethod.php(35): Illuminate\\Container\\BoundMethod::callBoundMethod()
#28 /home/debian/VivaBioApp/vendor/laravel/framework/src/Illuminate/Container/Container.php(836): Illuminate\\Container\\BoundMethod::call()
#29 /home/debian/VivaBioApp/vendor/laravel/framework/src/Illuminate/Console/Command.php(211): Illuminate\\Container\\Container->call()
#30 /home/debian/VivaBioApp/vendor/symfony/console/Command/Command.php(318): Illuminate\\Console\\Command->execute()
#31 /home/debian/VivaBioApp/vendor/laravel/framework/src/Illuminate/Console/Command.php(180): Symfony\\Component\\Console\\Command\\Command->run()
#32 /home/debian/VivaBioApp/vendor/laravel/framework/src/Illuminate/Console/Concerns/CallsCommands.php(68): Illuminate\\Console\\Command->run()
#33 /home/debian/VivaBioApp/vendor/laravel/framework/src/Illuminate/Console/Concerns/CallsCommands.php(29): Illuminate\\Console\\Command->runCommand()
#34 /home/debian/VivaBioApp/vendor/laravel/framework/src/Illuminate/Database/Console/Migrations/MigrateCommand.php(125): Illuminate\\Console\\Command->call()
#35 /home/debian/VivaBioApp/vendor/laravel/framework/src/Illuminate/Database/Migrations/Migrator.php(666): Illuminate\\Database\\Console\\Migrations\\MigrateCommand->Illuminate\\Database\\Console\\Migrations\\{closure}()
#36 /home/debian/VivaBioApp/vendor/laravel/framework/src/Illuminate/Database/Console/Migrations/MigrateCommand.php(109): Illuminate\\Database\\Migrations\\Migrator->usingConnection()
#37 /home/debian/VivaBioApp/vendor/laravel/framework/src/Illuminate/Database/Console/Migrations/MigrateCommand.php(88): Illuminate\\Database\\Console\\Migrations\\MigrateCommand->runMigrations()
#38 /home/debian/VivaBioApp/vendor/laravel/framework/src/Illuminate/Container/BoundMethod.php(36): Illuminate\\Database\\Console\\Migrations\\MigrateCommand->handle()
#39 /home/debian/VivaBioApp/vendor/laravel/framework/src/Illuminate/Container/Util.php(43): Illuminate\\Container\\BoundMethod::Illuminate\\Container\\{closure}()
#40 /home/debian/VivaBioApp/vendor/laravel/framework/src/Illuminate/Container/BoundMethod.php(96): Illuminate\\Container\\Util::unwrapIfClosure()
#41 /home/debian/VivaBioApp/vendor/laravel/framework/src/Illuminate/Container/BoundMethod.php(35): Illuminate\\Container\\BoundMethod::callBoundMethod()
#42 /home/debian/VivaBioApp/vendor/laravel/framework/src/Illuminate/Container/Container.php(836): Illuminate\\Container\\BoundMethod::call()
#43 /home/debian/VivaBioApp/vendor/laravel/framework/src/Illuminate/Console/Command.php(211): Illuminate\\Container\\Container->call()
#44 /home/debian/VivaBioApp/vendor/symfony/console/Command/Command.php(318): Illuminate\\Console\\Command->execute()
#45 /home/debian/VivaBioApp/vendor/laravel/framework/src/Illuminate/Console/Command.php(180): Symfony\\Component\\Console\\Command\\Command->run()
#46 /home/debian/VivaBioApp/vendor/symfony/console/Application.php(1110): Illuminate\\Console\\Command->run()
#47 /home/debian/VivaBioApp/vendor/symfony/console/Application.php(359): Symfony\\Component\\Console\\Application->doRunCommand()
#48 /home/debian/VivaBioApp/vendor/symfony/console/Application.php(194): Symfony\\Component\\Console\\Application->doRun()
#49 /home/debian/VivaBioApp/vendor/laravel/framework/src/Illuminate/Foundation/Console/Kernel.php(197): Symfony\\Component\\Console\\Application->run()
#50 /home/debian/VivaBioApp/vendor/laravel/framework/src/Illuminate/Foundation/Application.php(1235): Illuminate\\Foundation\\Console\\Kernel->handle()
#51 /home/debian/VivaBioApp/artisan(16): Illuminate\\Foundation\\Application->handleCommand()
#52 {main}

[previous exception] [object] (PDOException(code: 23000): SQLSTATE[23000]: Integrity constraint violation: 1062 Duplicate entry 'test@example.com' for key 'users_email_unique' at /home/debian/VivaBioApp/vendor/laravel/framework/src/Illuminate/Database/MySqlConnection.php:53)
[stacktrace]
#0 /home/debian/VivaBioApp/vendor/laravel/framework/src/Illuminate/Database/MySqlConnection.php(53): PDOStatement->execute()
#1 /home/debian/VivaBioApp/vendor/laravel/framework/src/Illuminate/Database/Connection.php(811): Illuminate\\Database\\MySqlConnection->Illuminate\\Database\\{closure}()
#2 /home/debian/VivaBioApp/vendor/laravel/framework/src/Illuminate/Database/Connection.php(778): Illuminate\\Database\\Connection->runQueryCallback()
#3 /home/debian/VivaBioApp/vendor/laravel/framework/src/Illuminate/Database/MySqlConnection.php(42): Illuminate\\Database\\Connection->run()
#4 /home/debian/VivaBioApp/vendor/laravel/framework/src/Illuminate/Database/Query/Processors/MySqlProcessor.php(35): Illuminate\\Database\\MySqlConnection->insert()
#5 /home/debian/VivaBioApp/vendor/laravel/framework/src/Illuminate/Database/Query/Builder.php(3853): Illuminate\\Database\\Query\\Processors\\MySqlProcessor->processInsertGetId()
#6 /home/debian/VivaBioApp/vendor/laravel/framework/src/Illuminate/Database/Eloquent/Builder.php(2235): Illuminate\\Database\\Query\\Builder->insertGetId()
#7 /home/debian/VivaBioApp/vendor/laravel/framework/src/Illuminate/Database/Eloquent/Model.php(1436): Illuminate\\Database\\Eloquent\\Builder->__call()
#8 /home/debian/VivaBioApp/vendor/laravel/framework/src/Illuminate/Database/Eloquent/Model.php(1401): Illuminate\\Database\\Eloquent\\Model->insertAndSetId()
#9 /home/debian/VivaBioApp/vendor/laravel/framework/src/Illuminate/Database/Eloquent/Model.php(1240): Illuminate\\Database\\Eloquent\\Model->performInsert()
#10 /home/debian/VivaBioApp/vendor/laravel/framework/src/Illuminate/Database/Eloquent/Factories/Factory.php(370): Illuminate\\Database\\Eloquent\\Model->save()
#11 /home/debian/VivaBioApp/vendor/laravel/framework/src/Illuminate/Collections/Traits/EnumeratesValues.php(271): Illuminate\\Database\\Eloquent\\Factories\\Factory->Illuminate\\Database\\Eloquent\\Factories\\{closure}()
#12 /home/debian/VivaBioApp/vendor/laravel/framework/src/Illuminate/Database/Eloquent/Factories/Factory.php(365): Illuminate\\Support\\Collection->each()
#13 /home/debian/VivaBioApp/vendor/laravel/framework/src/Illuminate/Database/Eloquent/Factories/Factory.php(321): Illuminate\\Database\\Eloquent\\Factories\\Factory->store()
#14 /home/debian/VivaBioApp/vendor/laravel/framework/src/Illuminate/Database/Eloquent/Factories/Factory.php(315): Illuminate\\Database\\Eloquent\\Factories\\Factory->create()
#15 /home/debian/VivaBioApp/database/seeders/DatabaseSeeder.php(18): Illuminate\\Database\\Eloquent\\Factories\\Factory->create()
#16 /home/debian/VivaBioApp/vendor/laravel/framework/src/Illuminate/Container/BoundMethod.php(36): Database\\Seeders\\DatabaseSeeder->run()
#17 /home/debian/VivaBioApp/vendor/laravel/framework/src/Illuminate/Container/Util.php(43): Illuminate\\Container\\BoundMethod::Illuminate\\Container\\{closure}()
#18 /home/debian/VivaBioApp/vendor/laravel/framework/src/Illuminate/Container/BoundMethod.php(96): Illuminate\\Container\\Util::unwrapIfClosure()
#19 /home/debian/VivaBioApp/vendor/laravel/framework/src/Illuminate/Container/BoundMethod.php(35): Illuminate\\Container\\BoundMethod::callBoundMethod()
#20 /home/debian/VivaBioApp/vendor/laravel/framework/src/Illuminate/Container/Container.php(836): Illuminate\\Container\\BoundMethod::call()
#21 /home/debian/VivaBioApp/vendor/laravel/framework/src/Illuminate/Database/Seeder.php(184): Illuminate\\Container\\Container->call()
#22 /home/debian/VivaBioApp/vendor/laravel/framework/src/Illuminate/Database/Seeder.php(193): Illuminate\\Database\\Seeder->Illuminate\\Database\\{closure}()
#23 /home/debian/VivaBioApp/vendor/laravel/framework/src/Illuminate/Database/Console/Seeds/SeedCommand.php(71): Illuminate\\Database\\Seeder->__invoke()
#24 /home/debian/VivaBioApp/vendor/laravel/framework/src/Illuminate/Database/Eloquent/Concerns/GuardsAttributes.php(157): Illuminate\\Database\\Console\\Seeds\\SeedCommand->Illuminate\\Database\\Console\\Seeds\\{closure}()
#25 /home/debian/VivaBioApp/vendor/laravel/framework/src/Illuminate/Database/Console/Seeds/SeedCommand.php(70): Illuminate\\Database\\Eloquent\\Model::unguarded()
#26 /home/debian/VivaBioApp/vendor/laravel/framework/src/Illuminate/Container/BoundMethod.php(36): Illuminate\\Database\\Console\\Seeds\\SeedCommand->handle()
#27 /home/debian/VivaBioApp/vendor/laravel/framework/src/Illuminate/Container/Util.php(43): Illuminate\\Container\\BoundMethod::Illuminate\\Container\\{closure}()
#28 /home/debian/VivaBioApp/vendor/laravel/framework/src/Illuminate/Container/BoundMethod.php(96): Illuminate\\Container\\Util::unwrapIfClosure()
#29 /home/debian/VivaBioApp/vendor/laravel/framework/src/Illuminate/Container/BoundMethod.php(35): Illuminate\\Container\\BoundMethod::callBoundMethod()
#30 /home/debian/VivaBioApp/vendor/laravel/framework/src/Illuminate/Container/Container.php(836): Illuminate\\Container\\BoundMethod::call()
#31 /home/debian/VivaBioApp/vendor/laravel/framework/src/Illuminate/Console/Command.php(211): Illuminate\\Container\\Container->call()
#32 /home/debian/VivaBioApp/vendor/symfony/console/Command/Command.php(318): Illuminate\\Console\\Command->execute()
#33 /home/debian/VivaBioApp/vendor/laravel/framework/src/Illuminate/Console/Command.php(180): Symfony\\Component\\Console\\Command\\Command->run()
#34 /home/debian/VivaBioApp/vendor/laravel/framework/src/Illuminate/Console/Concerns/CallsCommands.php(68): Illuminate\\Console\\Command->run()
#35 /home/debian/VivaBioApp/vendor/laravel/framework/src/Illuminate/Console/Concerns/CallsCommands.php(29): Illuminate\\Console\\Command->runCommand()
#36 /home/debian/VivaBioApp/vendor/laravel/framework/src/Illuminate/Database/Console/Migrations/MigrateCommand.php(125): Illuminate\\Console\\Command->call()
#37 /home/debian/VivaBioApp/vendor/laravel/framework/src/Illuminate/Database/Migrations/Migrator.php(666): Illuminate\\Database\\Console\\Migrations\\MigrateCommand->Illuminate\\Database\\Console\\Migrations\\{closure}()
#38 /home/debian/VivaBioApp/vendor/laravel/framework/src/Illuminate/Database/Console/Migrations/MigrateCommand.php(109): Illuminate\\Database\\Migrations\\Migrator->usingConnection()
#39 /home/debian/VivaBioApp/vendor/laravel/framework/src/Illuminate/Database/Console/Migrations/MigrateCommand.php(88): Illuminate\\Database\\Console\\Migrations\\MigrateCommand->runMigrations()
#40 /home/debian/VivaBioApp/vendor/laravel/framework/src/Illuminate/Container/BoundMethod.php(36): Illuminate\\Database\\Console\\Migrations\\MigrateCommand->handle()
#41 /home/debian/VivaBioApp/vendor/laravel/framework/src/Illuminate/Container/Util.php(43): Illuminate\\Container\\BoundMethod::Illuminate\\Container\\{closure}()
#42 /home/debian/VivaBioApp/vendor/laravel/framework/src/Illuminate/Container/BoundMethod.php(96): Illuminate\\Container\\Util::unwrapIfClosure()
#43 /home/debian/VivaBioApp/vendor/laravel/framework/src/Illuminate/Container/BoundMethod.php(35): Illuminate\\Container\\BoundMethod::callBoundMethod()
#44 /home/debian/VivaBioApp/vendor/laravel/framework/src/Illuminate/Container/Container.php(836): Illuminate\\Container\\BoundMethod::call()
#45 /home/debian/VivaBioApp/vendor/laravel/framework/src/Illuminate/Console/Command.php(211): Illuminate\\Container\\Container->call()
#46 /home/debian/VivaBioApp/vendor/symfony/console/Command/Command.php(318): Illuminate\\Console\\Command->execute()
#47 /home/debian/VivaBioApp/vendor/laravel/framework/src/Illuminate/Console/Command.php(180): Symfony\\Component\\Console\\Command\\Command->run()
#48 /home/debian/VivaBioApp/vendor/symfony/console/Application.php(1110): Illuminate\\Console\\Command->run()
#49 /home/debian/VivaBioApp/vendor/symfony/console/Application.php(359): Symfony\\Component\\Console\\Application->doRunCommand()
#50 /home/debian/VivaBioApp/vendor/symfony/console/Application.php(194): Symfony\\Component\\Console\\Application->doRun()
#51 /home/debian/VivaBioApp/vendor/laravel/framework/src/Illuminate/Foundation/Console/Kernel.php(197): Symfony\\Component\\Console\\Application->run()
#52 /home/debian/VivaBioApp/vendor/laravel/framework/src/Illuminate/Foundation/Application.php(1235): Illuminate\\Foundation\\Console\\Kernel->handle()
#53 /home/debian/VivaBioApp/artisan(16): Illuminate\\Foundation\\Application->handleCommand()
#54 {main}
"} 
[2025-10-31 17:22:05] local.ERROR: Database connection [VivaDB] not configured. {"exception":"[object] (InvalidArgumentException(code: 0): Database connection [VivaDB] not configured. at /home/debian/VivaBioApp/vendor/laravel/framework/src/Illuminate/Database/DatabaseManager.php:221)
[stacktrace]
#0 /home/debian/VivaBioApp/vendor/laravel/framework/src/Illuminate/Database/DatabaseManager.php(187): Illuminate\\Database\\DatabaseManager->configuration()
#1 /home/debian/VivaBioApp/vendor/laravel/framework/src/Illuminate/Database/DatabaseManager.php(102): Illuminate\\Database\\DatabaseManager->makeConnection()
#2 /home/debian/VivaBioApp/vendor/laravel/framework/src/Illuminate/Database/Migrations/DatabaseMigrationRepository.php(227): Illuminate\\Database\\DatabaseManager->connection()
#3 /home/debian/VivaBioApp/vendor/laravel/framework/src/Illuminate/Database/Migrations/DatabaseMigrationRepository.php(183): Illuminate\\Database\\Migrations\\DatabaseMigrationRepository->getConnection()
#4 /home/debian/VivaBioApp/vendor/laravel/framework/src/Illuminate/Database/Migrations/Migrator.php(753): Illuminate\\Database\\Migrations\\DatabaseMigrationRepository->repositoryExists()
#5 /home/debian/VivaBioApp/vendor/laravel/framework/src/Illuminate/Database/Console/Migrations/MigrateCommand.php(164): Illuminate\\Database\\Migrations\\Migrator->repositoryExists()
#6 /home/debian/VivaBioApp/vendor/laravel/framework/src/Illuminate/Support/helpers.php(329): Illuminate\\Database\\Console\\Migrations\\MigrateCommand->Illuminate\\Database\\Console\\Migrations\\{closure}()
#7 /home/debian/VivaBioApp/vendor/laravel/framework/src/Illuminate/Database/Console/Migrations/MigrateCommand.php(164): retry()
#8 /home/debian/VivaBioApp/vendor/laravel/framework/src/Illuminate/Database/Console/Migrations/MigrateCommand.php(140): Illuminate\\Database\\Console\\Migrations\\MigrateCommand->repositoryExists()
#9 /home/debian/VivaBioApp/vendor/laravel/framework/src/Illuminate/Database/Console/Migrations/MigrateCommand.php(110): Illuminate\\Database\\Console\\Migrations\\MigrateCommand->prepareDatabase()
#10 /home/debian/VivaBioApp/vendor/laravel/framework/src/Illuminate/Database/Migrations/Migrator.php(666): Illuminate\\Database\\Console\\Migrations\\MigrateCommand->Illuminate\\Database\\Console\\Migrations\\{closure}()
#11 /home/debian/VivaBioApp/vendor/laravel/framework/src/Illuminate/Database/Console/Migrations/MigrateCommand.php(109): Illuminate\\Database\\Migrations\\Migrator->usingConnection()
#12 /home/debian/VivaBioApp/vendor/laravel/framework/src/Illuminate/Database/Console/Migrations/MigrateCommand.php(88): Illuminate\\Database\\Console\\Migrations\\MigrateCommand->runMigrations()
#13 /home/debian/VivaBioApp/vendor/laravel/framework/src/Illuminate/Container/BoundMethod.php(36): Illuminate\\Database\\Console\\Migrations\\MigrateCommand->handle()
#14 /home/debian/VivaBioApp/vendor/laravel/framework/src/Illuminate/Container/Util.php(43): Illuminate\\Container\\BoundMethod::Illuminate\\Container\\{closure}()
#15 /home/debian/VivaBioApp/vendor/laravel/framework/src/Illuminate/Container/BoundMethod.php(96): Illuminate\\Container\\Util::unwrapIfClosure()
#16 /home/debian/VivaBioApp/vendor/laravel/framework/src/Illuminate/Container/BoundMethod.php(35): Illuminate\\Container\\BoundMethod::callBoundMethod()
#17 /home/debian/VivaBioApp/vendor/laravel/framework/src/Illuminate/Container/Container.php(836): Illuminate\\Container\\BoundMethod::call()
#18 /home/debian/VivaBioApp/vendor/laravel/framework/src/Illuminate/Console/Command.php(211): Illuminate\\Container\\Container->call()
#19 /home/debian/VivaBioApp/vendor/symfony/console/Command/Command.php(318): Illuminate\\Console\\Command->execute()
#20 /home/debian/VivaBioApp/vendor/laravel/framework/src/Illuminate/Console/Command.php(180): Symfony\\Component\\Console\\Command\\Command->run()
#21 /home/debian/VivaBioApp/vendor/symfony/console/Application.php(1110): Illuminate\\Console\\Command->run()
#22 /home/debian/VivaBioApp/vendor/symfony/console/Application.php(359): Symfony\\Component\\Console\\Application->doRunCommand()
#23 /home/debian/VivaBioApp/vendor/symfony/console/Application.php(194): Symfony\\Component\\Console\\Application->doRun()
#24 /home/debian/VivaBioApp/vendor/laravel/framework/src/Illuminate/Foundation/Console/Kernel.php(197): Symfony\\Component\\Console\\Application->run()
#25 /home/debian/VivaBioApp/vendor/laravel/framework/src/Illuminate/Foundation/Application.php(1235): Illuminate\\Foundation\\Console\\Kernel->handle()
#26 /home/debian/VivaBioApp/artisan(16): Illuminate\\Foundation\\Application->handleCommand()
#27 {main}
"} 
[2025-10-31 17:23:16] local.ERROR: Database connection [VivaDB] not configured. {"exception":"[object] (InvalidArgumentException(code: 0): Database connection [VivaDB] not configured. at /home/debian/VivaBioApp/vendor/laravel/framework/src/Illuminate/Database/DatabaseManager.php:221)
[stacktrace]
#0 /home/debian/VivaBioApp/vendor/laravel/framework/src/Illuminate/Database/DatabaseManager.php(187): Illuminate\\Database\\DatabaseManager->configuration()
#1 /home/debian/VivaBioApp/vendor/laravel/framework/src/Illuminate/Database/DatabaseManager.php(102): Illuminate\\Database\\DatabaseManager->makeConnection()
#2 /home/debian/VivaBioApp/vendor/laravel/framework/src/Illuminate/Database/Migrations/DatabaseMigrationRepository.php(227): Illuminate\\Database\\DatabaseManager->connection()
#3 /home/debian/VivaBioApp/vendor/laravel/framework/src/Illuminate/Database/Migrations/DatabaseMigrationRepository.php(183): Illuminate\\Database\\Migrations\\DatabaseMigrationRepository->getConnection()
#4 /home/debian/VivaBioApp/vendor/laravel/framework/src/Illuminate/Database/Migrations/Migrator.php(753): Illuminate\\Database\\Migrations\\DatabaseMigrationRepository->repositoryExists()
#5 /home/debian/VivaBioApp/vendor/laravel/framework/src/Illuminate/Database/Console/Migrations/MigrateCommand.php(164): Illuminate\\Database\\Migrations\\Migrator->repositoryExists()
#6 /home/debian/VivaBioApp/vendor/laravel/framework/src/Illuminate/Support/helpers.php(329): Illuminate\\Database\\Console\\Migrations\\MigrateCommand->Illuminate\\Database\\Console\\Migrations\\{closure}()
#7 /home/debian/VivaBioApp/vendor/laravel/framework/src/Illuminate/Database/Console/Migrations/MigrateCommand.php(164): retry()
#8 /home/debian/VivaBioApp/vendor/laravel/framework/src/Illuminate/Database/Console/Migrations/MigrateCommand.php(140): Illuminate\\Database\\Console\\Migrations\\MigrateCommand->repositoryExists()
#9 /home/debian/VivaBioApp/vendor/laravel/framework/src/Illuminate/Database/Console/Migrations/MigrateCommand.php(110): Illuminate\\Database\\Console\\Migrations\\MigrateCommand->prepareDatabase()
#10 /home/debian/VivaBioApp/vendor/laravel/framework/src/Illuminate/Database/Migrations/Migrator.php(666): Illuminate\\Database\\Console\\Migrations\\MigrateCommand->Illuminate\\Database\\Console\\Migrations\\{closure}()
#11 /home/debian/VivaBioApp/vendor/laravel/framework/src/Illuminate/Database/Console/Migrations/MigrateCommand.php(109): Illuminate\\Database\\Migrations\\Migrator->usingConnection()
#12 /home/debian/VivaBioApp/vendor/laravel/framework/src/Illuminate/Database/Console/Migrations/MigrateCommand.php(88): Illuminate\\Database\\Console\\Migrations\\MigrateCommand->runMigrations()
#13 /home/debian/VivaBioApp/vendor/laravel/framework/src/Illuminate/Container/BoundMethod.php(36): Illuminate\\Database\\Console\\Migrations\\MigrateCommand->handle()
#14 /home/debian/VivaBioApp/vendor/laravel/framework/src/Illuminate/Container/Util.php(43): Illuminate\\Container\\BoundMethod::Illuminate\\Container\\{closure}()
#15 /home/debian/VivaBioApp/vendor/laravel/framework/src/Illuminate/Container/BoundMethod.php(96): Illuminate\\Container\\Util::unwrapIfClosure()
#16 /home/debian/VivaBioApp/vendor/laravel/framework/src/Illuminate/Container/BoundMethod.php(35): Illuminate\\Container\\BoundMethod::callBoundMethod()
#17 /home/debian/VivaBioApp/vendor/laravel/framework/src/Illuminate/Container/Container.php(836): Illuminate\\Container\\BoundMethod::call()
#18 /home/debian/VivaBioApp/vendor/laravel/framework/src/Illuminate/Console/Command.php(211): Illuminate\\Container\\Container->call()
#19 /home/debian/VivaBioApp/vendor/symfony/console/Command/Command.php(318): Illuminate\\Console\\Command->execute()
#20 /home/debian/VivaBioApp/vendor/laravel/framework/src/Illuminate/Console/Command.php(180): Symfony\\Component\\Console\\Command\\Command->run()
#21 /home/debian/VivaBioApp/vendor/symfony/console/Application.php(1110): Illuminate\\Console\\Command->run()
#22 /home/debian/VivaBioApp/vendor/symfony/console/Application.php(359): Symfony\\Component\\Console\\Application->doRunCommand()
#23 /home/debian/VivaBioApp/vendor/symfony/console/Application.php(194): Symfony\\Component\\Console\\Application->doRun()
#24 /home/debian/VivaBioApp/vendor/laravel/framework/src/Illuminate/Foundation/Console/Kernel.php(197): Symfony\\Component\\Console\\Application->run()
#25 /home/debian/VivaBioApp/vendor/laravel/framework/src/Illuminate/Foundation/Application.php(1235): Illuminate\\Foundation\\Console\\Kernel->handle()
#26 /home/debian/VivaBioApp/artisan(16): Illuminate\\Foundation\\Application->handleCommand()
#27 {main}
"} 
[2025-10-31 17:32:24] local.ERROR: Database connection [VivaDB] not configured. {"exception":"[object] (InvalidArgumentException(code: 0): Database connection [VivaDB] not configured. at /home/debian/VivaBioApp/vendor/laravel/framework/src/Illuminate/Database/DatabaseManager.php:221)
[stacktrace]
#0 /home/debian/VivaBioApp/vendor/laravel/framework/src/Illuminate/Database/DatabaseManager.php(187): Illuminate\\Database\\DatabaseManager->configuration()
#1 /home/debian/VivaBioApp/vendor/laravel/framework/src/Illuminate/Database/DatabaseManager.php(102): Illuminate\\Database\\DatabaseManager->makeConnection()
#2 /home/debian/VivaBioApp/vendor/laravel/framework/src/Illuminate/Database/Migrations/DatabaseMigrationRepository.php(227): Illuminate\\Database\\DatabaseManager->connection()
#3 /home/debian/VivaBioApp/vendor/laravel/framework/src/Illuminate/Database/Migrations/DatabaseMigrationRepository.php(183): Illuminate\\Database\\Migrations\\DatabaseMigrationRepository->getConnection()
#4 /home/debian/VivaBioApp/vendor/laravel/framework/src/Illuminate/Database/Migrations/Migrator.php(753): Illuminate\\Database\\Migrations\\DatabaseMigrationRepository->repositoryExists()
#5 /home/debian/VivaBioApp/vendor/laravel/framework/src/Illuminate/Database/Console/Migrations/ResetCommand.php(66): Illuminate\\Database\\Migrations\\Migrator->repositoryExists()
#6 /home/debian/VivaBioApp/vendor/laravel/framework/src/Illuminate/Database/Migrations/Migrator.php(666): Illuminate\\Database\\Console\\Migrations\\ResetCommand->Illuminate\\Database\\Console\\Migrations\\{closure}()
#7 /home/debian/VivaBioApp/vendor/laravel/framework/src/Illuminate/Database/Console/Migrations/ResetCommand.php(62): Illuminate\\Database\\Migrations\\Migrator->usingConnection()
#8 /home/debian/VivaBioApp/vendor/laravel/framework/src/Illuminate/Container/BoundMethod.php(36): Illuminate\\Database\\Console\\Migrations\\ResetCommand->handle()
#9 /home/debian/VivaBioApp/vendor/laravel/framework/src/Illuminate/Container/Util.php(43): Illuminate\\Container\\BoundMethod::Illuminate\\Container\\{closure}()
#10 /home/debian/VivaBioApp/vendor/laravel/framework/src/Illuminate/Container/BoundMethod.php(96): Illuminate\\Container\\Util::unwrapIfClosure()
#11 /home/debian/VivaBioApp/vendor/laravel/framework/src/Illuminate/Container/BoundMethod.php(35): Illuminate\\Container\\BoundMethod::callBoundMethod()
#12 /home/debian/VivaBioApp/vendor/laravel/framework/src/Illuminate/Container/Container.php(836): Illuminate\\Container\\BoundMethod::call()
#13 /home/debian/VivaBioApp/vendor/laravel/framework/src/Illuminate/Console/Command.php(211): Illuminate\\Container\\Container->call()
#14 /home/debian/VivaBioApp/vendor/symfony/console/Command/Command.php(318): Illuminate\\Console\\Command->execute()
#15 /home/debian/VivaBioApp/vendor/laravel/framework/src/Illuminate/Console/Command.php(180): Symfony\\Component\\Console\\Command\\Command->run()
#16 /home/debian/VivaBioApp/vendor/laravel/framework/src/Illuminate/Console/Concerns/CallsCommands.php(68): Illuminate\\Console\\Command->run()
#17 /home/debian/VivaBioApp/vendor/laravel/framework/src/Illuminate/Console/Concerns/CallsCommands.php(29): Illuminate\\Console\\Command->runCommand()
#18 /home/debian/VivaBioApp/vendor/laravel/framework/src/Illuminate/Database/Console/Migrations/RefreshCommand.php(113): Illuminate\\Console\\Command->call()
#19 /home/debian/VivaBioApp/vendor/laravel/framework/src/Illuminate/Database/Console/Migrations/RefreshCommand.php(59): Illuminate\\Database\\Console\\Migrations\\RefreshCommand->runReset()
#20 /home/debian/VivaBioApp/vendor/laravel/framework/src/Illuminate/Container/BoundMethod.php(36): Illuminate\\Database\\Console\\Migrations\\RefreshCommand->handle()
#21 /home/debian/VivaBioApp/vendor/laravel/framework/src/Illuminate/Container/Util.php(43): Illuminate\\Container\\BoundMethod::Illuminate\\Container\\{closure}()
#22 /home/debian/VivaBioApp/vendor/laravel/framework/src/Illuminate/Container/BoundMethod.php(96): Illuminate\\Container\\Util::unwrapIfClosure()
#23 /home/debian/VivaBioApp/vendor/laravel/framework/src/Illuminate/Container/BoundMethod.php(35): Illuminate\\Container\\BoundMethod::callBoundMethod()
#24 /home/debian/VivaBioApp/vendor/laravel/framework/src/Illuminate/Container/Container.php(836): Illuminate\\Container\\BoundMethod::call()
#25 /home/debian/VivaBioApp/vendor/laravel/framework/src/Illuminate/Console/Command.php(211): Illuminate\\Container\\Container->call()
#26 /home/debian/VivaBioApp/vendor/symfony/console/Command/Command.php(318): Illuminate\\Console\\Command->execute()
#27 /home/debian/VivaBioApp/vendor/laravel/framework/src/Illuminate/Console/Command.php(180): Symfony\\Component\\Console\\Command\\Command->run()
#28 /home/debian/VivaBioApp/vendor/symfony/console/Application.php(1110): Illuminate\\Console\\Command->run()
#29 /home/debian/VivaBioApp/vendor/symfony/console/Application.php(359): Symfony\\Component\\Console\\Application->doRunCommand()
#30 /home/debian/VivaBioApp/vendor/symfony/console/Application.php(194): Symfony\\Component\\Console\\Application->doRun()
#31 /home/debian/VivaBioApp/vendor/laravel/framework/src/Illuminate/Foundation/Console/Kernel.php(197): Symfony\\Component\\Console\\Application->run()
#32 /home/debian/VivaBioApp/vendor/laravel/framework/src/Illuminate/Foundation/Application.php(1235): Illuminate\\Foundation\\Console\\Kernel->handle()
#33 /home/debian/VivaBioApp/artisan(16): Illuminate\\Foundation\\Application->handleCommand()
#34 {main}
"} 
[2025-10-31 17:41:46] local.ERROR: Database connection [VivaDB] not configured. {"exception":"[object] (InvalidArgumentException(code: 0): Database connection [VivaDB] not configured. at /home/debian/VivaBioApp/vendor/laravel/framework/src/Illuminate/Database/DatabaseManager.php:221)
[stacktrace]
#0 /home/debian/VivaBioApp/vendor/laravel/framework/src/Illuminate/Database/DatabaseManager.php(187): Illuminate\\Database\\DatabaseManager->configuration()
#1 /home/debian/VivaBioApp/vendor/laravel/framework/src/Illuminate/Database/DatabaseManager.php(102): Illuminate\\Database\\DatabaseManager->makeConnection()
#2 /home/debian/VivaBioApp/vendor/laravel/framework/src/Illuminate/Database/Migrations/DatabaseMigrationRepository.php(227): Illuminate\\Database\\DatabaseManager->connection()
#3 /home/debian/VivaBioApp/vendor/laravel/framework/src/Illuminate/Database/Migrations/DatabaseMigrationRepository.php(183): Illuminate\\Database\\Migrations\\DatabaseMigrationRepository->getConnection()
#4 /home/debian/VivaBioApp/vendor/laravel/framework/src/Illuminate/Database/Migrations/Migrator.php(753): Illuminate\\Database\\Migrations\\DatabaseMigrationRepository->repositoryExists()
#5 /home/debian/VivaBioApp/vendor/laravel/framework/src/Illuminate/Database/Console/Migrations/MigrateCommand.php(164): Illuminate\\Database\\Migrations\\Migrator->repositoryExists()
#6 /home/debian/VivaBioApp/vendor/laravel/framework/src/Illuminate/Support/helpers.php(329): Illuminate\\Database\\Console\\Migrations\\MigrateCommand->Illuminate\\Database\\Console\\Migrations\\{closure}()
#7 /home/debian/VivaBioApp/vendor/laravel/framework/src/Illuminate/Database/Console/Migrations/MigrateCommand.php(164): retry()
#8 /home/debian/VivaBioApp/vendor/laravel/framework/src/Illuminate/Database/Console/Migrations/MigrateCommand.php(140): Illuminate\\Database\\Console\\Migrations\\MigrateCommand->repositoryExists()
#9 /home/debian/VivaBioApp/vendor/laravel/framework/src/Illuminate/Database/Console/Migrations/MigrateCommand.php(110): Illuminate\\Database\\Console\\Migrations\\MigrateCommand->prepareDatabase()
#10 /home/debian/VivaBioApp/vendor/laravel/framework/src/Illuminate/Database/Migrations/Migrator.php(666): Illuminate\\Database\\Console\\Migrations\\MigrateCommand->Illuminate\\Database\\Console\\Migrations\\{closure}()
#11 /home/debian/VivaBioApp/vendor/laravel/framework/src/Illuminate/Database/Console/Migrations/MigrateCommand.php(109): Illuminate\\Database\\Migrations\\Migrator->usingConnection()
#12 /home/debian/VivaBioApp/vendor/laravel/framework/src/Illuminate/Database/Console/Migrations/MigrateCommand.php(88): Illuminate\\Database\\Console\\Migrations\\MigrateCommand->runMigrations()
#13 /home/debian/VivaBioApp/vendor/laravel/framework/src/Illuminate/Container/BoundMethod.php(36): Illuminate\\Database\\Console\\Migrations\\MigrateCommand->handle()
#14 /home/debian/VivaBioApp/vendor/laravel/framework/src/Illuminate/Container/Util.php(43): Illuminate\\Container\\BoundMethod::Illuminate\\Container\\{closure}()
#15 /home/debian/VivaBioApp/vendor/laravel/framework/src/Illuminate/Container/BoundMethod.php(96): Illuminate\\Container\\Util::unwrapIfClosure()
#16 /home/debian/VivaBioApp/vendor/laravel/framework/src/Illuminate/Container/BoundMethod.php(35): Illuminate\\Container\\BoundMethod::callBoundMethod()
#17 /home/debian/VivaBioApp/vendor/laravel/framework/src/Illuminate/Container/Container.php(836): Illuminate\\Container\\BoundMethod::call()
#18 /home/debian/VivaBioApp/vendor/laravel/framework/src/Illuminate/Console/Command.php(211): Illuminate\\Container\\Container->call()
#19 /home/debian/VivaBioApp/vendor/symfony/console/Command/Command.php(318): Illuminate\\Console\\Command->execute()
#20 /home/debian/VivaBioApp/vendor/laravel/framework/src/Illuminate/Console/Command.php(180): Symfony\\Component\\Console\\Command\\Command->run()
#21 /home/debian/VivaBioApp/vendor/symfony/console/Application.php(1110): Illuminate\\Console\\Command->run()
#22 /home/debian/VivaBioApp/vendor/symfony/console/Application.php(359): Symfony\\Component\\Console\\Application->doRunCommand()
#23 /home/debian/VivaBioApp/vendor/symfony/console/Application.php(194): Symfony\\Component\\Console\\Application->doRun()
#24 /home/debian/VivaBioApp/vendor/laravel/framework/src/Illuminate/Foundation/Console/Kernel.php(197): Symfony\\Component\\Console\\Application->run()
#25 /home/debian/VivaBioApp/vendor/laravel/framework/src/Illuminate/Foundation/Application.php(1235): Illuminate\\Foundation\\Console\\Kernel->handle()
#26 /home/debian/VivaBioApp/artisan(16): Illuminate\\Foundation\\Application->handleCommand()
#27 {main}
"} 
[2025-10-31 17:44:00] local.ERROR: SQLSTATE[23000]: Integrity constraint violation: 1062 Duplicate entry 'test@example.com' for key 'users_email_unique' (Connection: mysql, SQL: insert into `users` (`name`, `email`, `email_verified_at`, `password`, `remember_token`, `updated_at`, `created_at`) values (Test User, test@example.com, 2025-10-31 17:44:00, $2y$12$FfvT9BENmIs0IDeOCcwyyes8FcGMhm7uy8nKz84YU7SpwHom0vrpi, LGcIcH2ttZ, 2025-10-31 17:44:00, 2025-10-31 17:44:00)) {"exception":"[object] (Illuminate\\Database\\UniqueConstraintViolationException(code: 23000): SQLSTATE[23000]: Integrity constraint violation: 1062 Duplicate entry 'test@example.com' for key 'users_email_unique' (Connection: mysql, SQL: insert into `users` (`name`, `email`, `email_verified_at`, `password`, `remember_token`, `updated_at`, `created_at`) values (Test User, test@example.com, 2025-10-31 17:44:00, $2y$12$FfvT9BENmIs0IDeOCcwyyes8FcGMhm7uy8nKz84YU7SpwHom0vrpi, LGcIcH2ttZ, 2025-10-31 17:44:00, 2025-10-31 17:44:00)) at /home/debian/VivaBioApp/vendor/laravel/framework/src/Illuminate/Database/Connection.php:819)
[stacktrace]
#0 /home/debian/VivaBioApp/vendor/laravel/framework/src/Illuminate/Database/Connection.php(778): Illuminate\\Database\\Connection->runQueryCallback()
#1 /home/debian/VivaBioApp/vendor/laravel/framework/src/Illuminate/Database/MySqlConnection.php(42): Illuminate\\Database\\Connection->run()
#2 /home/debian/VivaBioApp/vendor/laravel/framework/src/Illuminate/Database/Query/Processors/MySqlProcessor.php(35): Illuminate\\Database\\MySqlConnection->insert()
#3 /home/debian/VivaBioApp/vendor/laravel/framework/src/Illuminate/Database/Query/Builder.php(3853): Illuminate\\Database\\Query\\Processors\\MySqlProcessor->processInsertGetId()
#4 /home/debian/VivaBioApp/vendor/laravel/framework/src/Illuminate/Database/Eloquent/Builder.php(2235): Illuminate\\Database\\Query\\Builder->insertGetId()
#5 /home/debian/VivaBioApp/vendor/laravel/framework/src/Illuminate/Database/Eloquent/Model.php(1436): Illuminate\\Database\\Eloquent\\Builder->__call()
#6 /home/debian/VivaBioApp/vendor/laravel/framework/src/Illuminate/Database/Eloquent/Model.php(1401): Illuminate\\Database\\Eloquent\\Model->insertAndSetId()
#7 /home/debian/VivaBioApp/vendor/laravel/framework/src/Illuminate/Database/Eloquent/Model.php(1240): Illuminate\\Database\\Eloquent\\Model->performInsert()
#8 /home/debian/VivaBioApp/vendor/laravel/framework/src/Illuminate/Database/Eloquent/Factories/Factory.php(370): Illuminate\\Database\\Eloquent\\Model->save()
#9 /home/debian/VivaBioApp/vendor/laravel/framework/src/Illuminate/Collections/Traits/EnumeratesValues.php(271): Illuminate\\Database\\Eloquent\\Factories\\Factory->Illuminate\\Database\\Eloquent\\Factories\\{closure}()
#10 /home/debian/VivaBioApp/vendor/laravel/framework/src/Illuminate/Database/Eloquent/Factories/Factory.php(365): Illuminate\\Support\\Collection->each()
#11 /home/debian/VivaBioApp/vendor/laravel/framework/src/Illuminate/Database/Eloquent/Factories/Factory.php(321): Illuminate\\Database\\Eloquent\\Factories\\Factory->store()
#12 /home/debian/VivaBioApp/vendor/laravel/framework/src/Illuminate/Database/Eloquent/Factories/Factory.php(315): Illuminate\\Database\\Eloquent\\Factories\\Factory->create()
#13 /home/debian/VivaBioApp/database/seeders/DatabaseSeeder.php(18): Illuminate\\Database\\Eloquent\\Factories\\Factory->create()
#14 /home/debian/VivaBioApp/vendor/laravel/framework/src/Illuminate/Container/BoundMethod.php(36): Database\\Seeders\\DatabaseSeeder->run()
#15 /home/debian/VivaBioApp/vendor/laravel/framework/src/Illuminate/Container/Util.php(43): Illuminate\\Container\\BoundMethod::Illuminate\\Container\\{closure}()
#16 /home/debian/VivaBioApp/vendor/laravel/framework/src/Illuminate/Container/BoundMethod.php(96): Illuminate\\Container\\Util::unwrapIfClosure()
#17 /home/debian/VivaBioApp/vendor/laravel/framework/src/Illuminate/Container/BoundMethod.php(35): Illuminate\\Container\\BoundMethod::callBoundMethod()
#18 /home/debian/VivaBioApp/vendor/laravel/framework/src/Illuminate/Container/Container.php(836): Illuminate\\Container\\BoundMethod::call()
#19 /home/debian/VivaBioApp/vendor/laravel/framework/src/Illuminate/Database/Seeder.php(184): Illuminate\\Container\\Container->call()
#20 /home/debian/VivaBioApp/vendor/laravel/framework/src/Illuminate/Database/Seeder.php(193): Illuminate\\Database\\Seeder->Illuminate\\Database\\{closure}()
#21 /home/debian/VivaBioApp/vendor/laravel/framework/src/Illuminate/Database/Console/Seeds/SeedCommand.php(71): Illuminate\\Database\\Seeder->__invoke()
#22 /home/debian/VivaBioApp/vendor/laravel/framework/src/Illuminate/Database/Eloquent/Concerns/GuardsAttributes.php(157): Illuminate\\Database\\Console\\Seeds\\SeedCommand->Illuminate\\Database\\Console\\Seeds\\{closure}()
#23 /home/debian/VivaBioApp/vendor/laravel/framework/src/Illuminate/Database/Console/Seeds/SeedCommand.php(70): Illuminate\\Database\\Eloquent\\Model::unguarded()
#24 /home/debian/VivaBioApp/vendor/laravel/framework/src/Illuminate/Container/BoundMethod.php(36): Illuminate\\Database\\Console\\Seeds\\SeedCommand->handle()
#25 /home/debian/VivaBioApp/vendor/laravel/framework/src/Illuminate/Container/Util.php(43): Illuminate\\Container\\BoundMethod::Illuminate\\Container\\{closure}()
#26 /home/debian/VivaBioApp/vendor/laravel/framework/src/Illuminate/Container/BoundMethod.php(96): Illuminate\\Container\\Util::unwrapIfClosure()
#27 /home/debian/VivaBioApp/vendor/laravel/framework/src/Illuminate/Container/BoundMethod.php(35): Illuminate\\Container\\BoundMethod::callBoundMethod()
#28 /home/debian/VivaBioApp/vendor/laravel/framework/src/Illuminate/Container/Container.php(836): Illuminate\\Container\\BoundMethod::call()
#29 /home/debian/VivaBioApp/vendor/laravel/framework/src/Illuminate/Console/Command.php(211): Illuminate\\Container\\Container->call()
#30 /home/debian/VivaBioApp/vendor/symfony/console/Command/Command.php(318): Illuminate\\Console\\Command->execute()
#31 /home/debian/VivaBioApp/vendor/laravel/framework/src/Illuminate/Console/Command.php(180): Symfony\\Component\\Console\\Command\\Command->run()
#32 /home/debian/VivaBioApp/vendor/laravel/framework/src/Illuminate/Console/Concerns/CallsCommands.php(68): Illuminate\\Console\\Command->run()
#33 /home/debian/VivaBioApp/vendor/laravel/framework/src/Illuminate/Console/Concerns/CallsCommands.php(29): Illuminate\\Console\\Command->runCommand()
#34 /home/debian/VivaBioApp/vendor/laravel/framework/src/Illuminate/Database/Console/Migrations/MigrateCommand.php(125): Illuminate\\Console\\Command->call()
#35 /home/debian/VivaBioApp/vendor/laravel/framework/src/Illuminate/Database/Migrations/Migrator.php(666): Illuminate\\Database\\Console\\Migrations\\MigrateCommand->Illuminate\\Database\\Console\\Migrations\\{closure}()
#36 /home/debian/VivaBioApp/vendor/laravel/framework/src/Illuminate/Database/Console/Migrations/MigrateCommand.php(109): Illuminate\\Database\\Migrations\\Migrator->usingConnection()
#37 /home/debian/VivaBioApp/vendor/laravel/framework/src/Illuminate/Database/Console/Migrations/MigrateCommand.php(88): Illuminate\\Database\\Console\\Migrations\\MigrateCommand->runMigrations()
#38 /home/debian/VivaBioApp/vendor/laravel/framework/src/Illuminate/Container/BoundMethod.php(36): Illuminate\\Database\\Console\\Migrations\\MigrateCommand->handle()
#39 /home/debian/VivaBioApp/vendor/laravel/framework/src/Illuminate/Container/Util.php(43): Illuminate\\Container\\BoundMethod::Illuminate\\Container\\{closure}()
#40 /home/debian/VivaBioApp/vendor/laravel/framework/src/Illuminate/Container/BoundMethod.php(96): Illuminate\\Container\\Util::unwrapIfClosure()
#41 /home/debian/VivaBioApp/vendor/laravel/framework/src/Illuminate/Container/BoundMethod.php(35): Illuminate\\Container\\BoundMethod::callBoundMethod()
#42 /home/debian/VivaBioApp/vendor/laravel/framework/src/Illuminate/Container/Container.php(836): Illuminate\\Container\\BoundMethod::call()
#43 /home/debian/VivaBioApp/vendor/laravel/framework/src/Illuminate/Console/Command.php(211): Illuminate\\Container\\Container->call()
#44 /home/debian/VivaBioApp/vendor/symfony/console/Command/Command.php(318): Illuminate\\Console\\Command->execute()
#45 /home/debian/VivaBioApp/vendor/laravel/framework/src/Illuminate/Console/Command.php(180): Symfony\\Component\\Console\\Command\\Command->run()
#46 /home/debian/VivaBioApp/vendor/symfony/console/Application.php(1110): Illuminate\\Console\\Command->run()
#47 /home/debian/VivaBioApp/vendor/symfony/console/Application.php(359): Symfony\\Component\\Console\\Application->doRunCommand()
#48 /home/debian/VivaBioApp/vendor/symfony/console/Application.php(194): Symfony\\Component\\Console\\Application->doRun()
#49 /home/debian/VivaBioApp/vendor/laravel/framework/src/Illuminate/Foundation/Console/Kernel.php(197): Symfony\\Component\\Console\\Application->run()
#50 /home/debian/VivaBioApp/vendor/laravel/framework/src/Illuminate/Foundation/Application.php(1235): Illuminate\\Foundation\\Console\\Kernel->handle()
#51 /home/debian/VivaBioApp/artisan(16): Illuminate\\Foundation\\Application->handleCommand()
#52 {main}

[previous exception] [object] (PDOException(code: 23000): SQLSTATE[23000]: Integrity constraint violation: 1062 Duplicate entry 'test@example.com' for key 'users_email_unique' at /home/debian/VivaBioApp/vendor/laravel/framework/src/Illuminate/Database/MySqlConnection.php:53)
[stacktrace]
#0 /home/debian/VivaBioApp/vendor/laravel/framework/src/Illuminate/Database/MySqlConnection.php(53): PDOStatement->execute()
#1 /home/debian/VivaBioApp/vendor/laravel/framework/src/Illuminate/Database/Connection.php(811): Illuminate\\Database\\MySqlConnection->Illuminate\\Database\\{closure}()
#2 /home/debian/VivaBioApp/vendor/laravel/framework/src/Illuminate/Database/Connection.php(778): Illuminate\\Database\\Connection->runQueryCallback()
#3 /home/debian/VivaBioApp/vendor/laravel/framework/src/Illuminate/Database/MySqlConnection.php(42): Illuminate\\Database\\Connection->run()
#4 /home/debian/VivaBioApp/vendor/laravel/framework/src/Illuminate/Database/Query/Processors/MySqlProcessor.php(35): Illuminate\\Database\\MySqlConnection->insert()
#5 /home/debian/VivaBioApp/vendor/laravel/framework/src/Illuminate/Database/Query/Builder.php(3853): Illuminate\\Database\\Query\\Processors\\MySqlProcessor->processInsertGetId()
#6 /home/debian/VivaBioApp/vendor/laravel/framework/src/Illuminate/Database/Eloquent/Builder.php(2235): Illuminate\\Database\\Query\\Builder->insertGetId()
#7 /home/debian/VivaBioApp/vendor/laravel/framework/src/Illuminate/Database/Eloquent/Model.php(1436): Illuminate\\Database\\Eloquent\\Builder->__call()
#8 /home/debian/VivaBioApp/vendor/laravel/framework/src/Illuminate/Database/Eloquent/Model.php(1401): Illuminate\\Database\\Eloquent\\Model->insertAndSetId()
#9 /home/debian/VivaBioApp/vendor/laravel/framework/src/Illuminate/Database/Eloquent/Model.php(1240): Illuminate\\Database\\Eloquent\\Model->performInsert()
#10 /home/debian/VivaBioApp/vendor/laravel/framework/src/Illuminate/Database/Eloquent/Factories/Factory.php(370): Illuminate\\Database\\Eloquent\\Model->save()
#11 /home/debian/VivaBioApp/vendor/laravel/framework/src/Illuminate/Collections/Traits/EnumeratesValues.php(271): Illuminate\\Database\\Eloquent\\Factories\\Factory->Illuminate\\Database\\Eloquent\\Factories\\{closure}()
#12 /home/debian/VivaBioApp/vendor/laravel/framework/src/Illuminate/Database/Eloquent/Factories/Factory.php(365): Illuminate\\Support\\Collection->each()
#13 /home/debian/VivaBioApp/vendor/laravel/framework/src/Illuminate/Database/Eloquent/Factories/Factory.php(321): Illuminate\\Database\\Eloquent\\Factories\\Factory->store()
#14 /home/debian/VivaBioApp/vendor/laravel/framework/src/Illuminate/Database/Eloquent/Factories/Factory.php(315): Illuminate\\Database\\Eloquent\\Factories\\Factory->create()
#15 /home/debian/VivaBioApp/database/seeders/DatabaseSeeder.php(18): Illuminate\\Database\\Eloquent\\Factories\\Factory->create()
#16 /home/debian/VivaBioApp/vendor/laravel/framework/src/Illuminate/Container/BoundMethod.php(36): Database\\Seeders\\DatabaseSeeder->run()
#17 /home/debian/VivaBioApp/vendor/laravel/framework/src/Illuminate/Container/Util.php(43): Illuminate\\Container\\BoundMethod::Illuminate\\Container\\{closure}()
#18 /home/debian/VivaBioApp/vendor/laravel/framework/src/Illuminate/Container/BoundMethod.php(96): Illuminate\\Container\\Util::unwrapIfClosure()
#19 /home/debian/VivaBioApp/vendor/laravel/framework/src/Illuminate/Container/BoundMethod.php(35): Illuminate\\Container\\BoundMethod::callBoundMethod()
#20 /home/debian/VivaBioApp/vendor/laravel/framework/src/Illuminate/Container/Container.php(836): Illuminate\\Container\\BoundMethod::call()
#21 /home/debian/VivaBioApp/vendor/laravel/framework/src/Illuminate/Database/Seeder.php(184): Illuminate\\Container\\Container->call()
#22 /home/debian/VivaBioApp/vendor/laravel/framework/src/Illuminate/Database/Seeder.php(193): Illuminate\\Database\\Seeder->Illuminate\\Database\\{closure}()
#23 /home/debian/VivaBioApp/vendor/laravel/framework/src/Illuminate/Database/Console/Seeds/SeedCommand.php(71): Illuminate\\Database\\Seeder->__invoke()
#24 /home/debian/VivaBioApp/vendor/laravel/framework/src/Illuminate/Database/Eloquent/Concerns/GuardsAttributes.php(157): Illuminate\\Database\\Console\\Seeds\\SeedCommand->Illuminate\\Database\\Console\\Seeds\\{closure}()
#25 /home/debian/VivaBioApp/vendor/laravel/framework/src/Illuminate/Database/Console/Seeds/SeedCommand.php(70): Illuminate\\Database\\Eloquent\\Model::unguarded()
#26 /home/debian/VivaBioApp/vendor/laravel/framework/src/Illuminate/Container/BoundMethod.php(36): Illuminate\\Database\\Console\\Seeds\\SeedCommand->handle()
#27 /home/debian/VivaBioApp/vendor/laravel/framework/src/Illuminate/Container/Util.php(43): Illuminate\\Container\\BoundMethod::Illuminate\\Container\\{closure}()
#28 /home/debian/VivaBioApp/vendor/laravel/framework/src/Illuminate/Container/BoundMethod.php(96): Illuminate\\Container\\Util::unwrapIfClosure()
#29 /home/debian/VivaBioApp/vendor/laravel/framework/src/Illuminate/Container/BoundMethod.php(35): Illuminate\\Container\\BoundMethod::callBoundMethod()
#30 /home/debian/VivaBioApp/vendor/laravel/framework/src/Illuminate/Container/Container.php(836): Illuminate\\Container\\BoundMethod::call()
#31 /home/debian/VivaBioApp/vendor/laravel/framework/src/Illuminate/Console/Command.php(211): Illuminate\\Container\\Container->call()
#32 /home/debian/VivaBioApp/vendor/symfony/console/Command/Command.php(318): Illuminate\\Console\\Command->execute()
#33 /home/debian/VivaBioApp/vendor/laravel/framework/src/Illuminate/Console/Command.php(180): Symfony\\Component\\Console\\Command\\Command->run()
#34 /home/debian/VivaBioApp/vendor/laravel/framework/src/Illuminate/Console/Concerns/CallsCommands.php(68): Illuminate\\Console\\Command->run()
#35 /home/debian/VivaBioApp/vendor/laravel/framework/src/Illuminate/Console/Concerns/CallsCommands.php(29): Illuminate\\Console\\Command->runCommand()
#36 /home/debian/VivaBioApp/vendor/laravel/framework/src/Illuminate/Database/Console/Migrations/MigrateCommand.php(125): Illuminate\\Console\\Command->call()
#37 /home/debian/VivaBioApp/vendor/laravel/framework/src/Illuminate/Database/Migrations/Migrator.php(666): Illuminate\\Database\\Console\\Migrations\\MigrateCommand->Illuminate\\Database\\Console\\Migrations\\{closure}()
#38 /home/debian/VivaBioApp/vendor/laravel/framework/src/Illuminate/Database/Console/Migrations/MigrateCommand.php(109): Illuminate\\Database\\Migrations\\Migrator->usingConnection()
#39 /home/debian/VivaBioApp/vendor/laravel/framework/src/Illuminate/Database/Console/Migrations/MigrateCommand.php(88): Illuminate\\Database\\Console\\Migrations\\MigrateCommand->runMigrations()
#40 /home/debian/VivaBioApp/vendor/laravel/framework/src/Illuminate/Container/BoundMethod.php(36): Illuminate\\Database\\Console\\Migrations\\MigrateCommand->handle()
#41 /home/debian/VivaBioApp/vendor/laravel/framework/src/Illuminate/Container/Util.php(43): Illuminate\\Container\\BoundMethod::Illuminate\\Container\\{closure}()
#42 /home/debian/VivaBioApp/vendor/laravel/framework/src/Illuminate/Container/BoundMethod.php(96): Illuminate\\Container\\Util::unwrapIfClosure()
#43 /home/debian/VivaBioApp/vendor/laravel/framework/src/Illuminate/Container/BoundMethod.php(35): Illuminate\\Container\\BoundMethod::callBoundMethod()
#44 /home/debian/VivaBioApp/vendor/laravel/framework/src/Illuminate/Container/Container.php(836): Illuminate\\Container\\BoundMethod::call()
#45 /home/debian/VivaBioApp/vendor/laravel/framework/src/Illuminate/Console/Command.php(211): Illuminate\\Container\\Container->call()
#46 /home/debian/VivaBioApp/vendor/symfony/console/Command/Command.php(318): Illuminate\\Console\\Command->execute()
#47 /home/debian/VivaBioApp/vendor/laravel/framework/src/Illuminate/Console/Command.php(180): Symfony\\Component\\Console\\Command\\Command->run()
#48 /home/debian/VivaBioApp/vendor/symfony/console/Application.php(1110): Illuminate\\Console\\Command->run()
#49 /home/debian/VivaBioApp/vendor/symfony/console/Application.php(359): Symfony\\Component\\Console\\Application->doRunCommand()
#50 /home/debian/VivaBioApp/vendor/symfony/console/Application.php(194): Symfony\\Component\\Console\\Application->doRun()
#51 /home/debian/VivaBioApp/vendor/laravel/framework/src/Illuminate/Foundation/Console/Kernel.php(197): Symfony\\Component\\Console\\Application->run()
#52 /home/debian/VivaBioApp/vendor/laravel/framework/src/Illuminate/Foundation/Application.php(1235): Illuminate\\Foundation\\Console\\Kernel->handle()
#53 /home/debian/VivaBioApp/artisan(16): Illuminate\\Foundation\\Application->handleCommand()
#54 {main}
"} 
[2025-10-31 17:44:24] local.ERROR: SQLSTATE[23000]: Integrity constraint violation: 1062 Duplicate entry 'test@example.com' for key 'users_email_unique' (Connection: mysql, SQL: insert into `users` (`name`, `email`, `email_verified_at`, `password`, `remember_token`, `updated_at`, `created_at`) values (Test User, test@example.com, 2025-10-31 17:44:23, $2y$12$D6wsV0VQBvKFb.srwJ8M4u.ldFCmd7zNfGWG/FlLOZm6sCs5adpGa, letYx8cGXp, 2025-10-31 17:44:24, 2025-10-31 17:44:24)) {"exception":"[object] (Illuminate\\Database\\UniqueConstraintViolationException(code: 23000): SQLSTATE[23000]: Integrity constraint violation: 1062 Duplicate entry 'test@example.com' for key 'users_email_unique' (Connection: mysql, SQL: insert into `users` (`name`, `email`, `email_verified_at`, `password`, `remember_token`, `updated_at`, `created_at`) values (Test User, test@example.com, 2025-10-31 17:44:23, $2y$12$D6wsV0VQBvKFb.srwJ8M4u.ldFCmd7zNfGWG/FlLOZm6sCs5adpGa, letYx8cGXp, 2025-10-31 17:44:24, 2025-10-31 17:44:24)) at /home/debian/VivaBioApp/vendor/laravel/framework/src/Illuminate/Database/Connection.php:819)
[stacktrace]
#0 /home/debian/VivaBioApp/vendor/laravel/framework/src/Illuminate/Database/Connection.php(778): Illuminate\\Database\\Connection->runQueryCallback()
#1 /home/debian/VivaBioApp/vendor/laravel/framework/src/Illuminate/Database/MySqlConnection.php(42): Illuminate\\Database\\Connection->run()
#2 /home/debian/VivaBioApp/vendor/laravel/framework/src/Illuminate/Database/Query/Processors/MySqlProcessor.php(35): Illuminate\\Database\\MySqlConnection->insert()
#3 /home/debian/VivaBioApp/vendor/laravel/framework/src/Illuminate/Database/Query/Builder.php(3853): Illuminate\\Database\\Query\\Processors\\MySqlProcessor->processInsertGetId()
#4 /home/debian/VivaBioApp/vendor/laravel/framework/src/Illuminate/Database/Eloquent/Builder.php(2235): Illuminate\\Database\\Query\\Builder->insertGetId()
#5 /home/debian/VivaBioApp/vendor/laravel/framework/src/Illuminate/Database/Eloquent/Model.php(1436): Illuminate\\Database\\Eloquent\\Builder->__call()
#6 /home/debian/VivaBioApp/vendor/laravel/framework/src/Illuminate/Database/Eloquent/Model.php(1401): Illuminate\\Database\\Eloquent\\Model->insertAndSetId()
#7 /home/debian/VivaBioApp/vendor/laravel/framework/src/Illuminate/Database/Eloquent/Model.php(1240): Illuminate\\Database\\Eloquent\\Model->performInsert()
#8 /home/debian/VivaBioApp/vendor/laravel/framework/src/Illuminate/Database/Eloquent/Factories/Factory.php(370): Illuminate\\Database\\Eloquent\\Model->save()
#9 /home/debian/VivaBioApp/vendor/laravel/framework/src/Illuminate/Collections/Traits/EnumeratesValues.php(271): Illuminate\\Database\\Eloquent\\Factories\\Factory->Illuminate\\Database\\Eloquent\\Factories\\{closure}()
#10 /home/debian/VivaBioApp/vendor/laravel/framework/src/Illuminate/Database/Eloquent/Factories/Factory.php(365): Illuminate\\Support\\Collection->each()
#11 /home/debian/VivaBioApp/vendor/laravel/framework/src/Illuminate/Database/Eloquent/Factories/Factory.php(321): Illuminate\\Database\\Eloquent\\Factories\\Factory->store()
#12 /home/debian/VivaBioApp/vendor/laravel/framework/src/Illuminate/Database/Eloquent/Factories/Factory.php(315): Illuminate\\Database\\Eloquent\\Factories\\Factory->create()
#13 /home/debian/VivaBioApp/database/seeders/DatabaseSeeder.php(18): Illuminate\\Database\\Eloquent\\Factories\\Factory->create()
#14 /home/debian/VivaBioApp/vendor/laravel/framework/src/Illuminate/Container/BoundMethod.php(36): Database\\Seeders\\DatabaseSeeder->run()
#15 /home/debian/VivaBioApp/vendor/laravel/framework/src/Illuminate/Container/Util.php(43): Illuminate\\Container\\BoundMethod::Illuminate\\Container\\{closure}()
#16 /home/debian/VivaBioApp/vendor/laravel/framework/src/Illuminate/Container/BoundMethod.php(96): Illuminate\\Container\\Util::unwrapIfClosure()
#17 /home/debian/VivaBioApp/vendor/laravel/framework/src/Illuminate/Container/BoundMethod.php(35): Illuminate\\Container\\BoundMethod::callBoundMethod()
#18 /home/debian/VivaBioApp/vendor/laravel/framework/src/Illuminate/Container/Container.php(836): Illuminate\\Container\\BoundMethod::call()
#19 /home/debian/VivaBioApp/vendor/laravel/framework/src/Illuminate/Database/Seeder.php(184): Illuminate\\Container\\Container->call()
#20 /home/debian/VivaBioApp/vendor/laravel/framework/src/Illuminate/Database/Seeder.php(193): Illuminate\\Database\\Seeder->Illuminate\\Database\\{closure}()
#21 /home/debian/VivaBioApp/vendor/laravel/framework/src/Illuminate/Database/Console/Seeds/SeedCommand.php(71): Illuminate\\Database\\Seeder->__invoke()
#22 /home/debian/VivaBioApp/vendor/laravel/framework/src/Illuminate/Database/Eloquent/Concerns/GuardsAttributes.php(157): Illuminate\\Database\\Console\\Seeds\\SeedCommand->Illuminate\\Database\\Console\\Seeds\\{closure}()
#23 /home/debian/VivaBioApp/vendor/laravel/framework/src/Illuminate/Database/Console/Seeds/SeedCommand.php(70): Illuminate\\Database\\Eloquent\\Model::unguarded()
#24 /home/debian/VivaBioApp/vendor/laravel/framework/src/Illuminate/Container/BoundMethod.php(36): Illuminate\\Database\\Console\\Seeds\\SeedCommand->handle()
#25 /home/debian/VivaBioApp/vendor/laravel/framework/src/Illuminate/Container/Util.php(43): Illuminate\\Container\\BoundMethod::Illuminate\\Container\\{closure}()
#26 /home/debian/VivaBioApp/vendor/laravel/framework/src/Illuminate/Container/BoundMethod.php(96): Illuminate\\Container\\Util::unwrapIfClosure()
#27 /home/debian/VivaBioApp/vendor/laravel/framework/src/Illuminate/Container/BoundMethod.php(35): Illuminate\\Container\\BoundMethod::callBoundMethod()
#28 /home/debian/VivaBioApp/vendor/laravel/framework/src/Illuminate/Container/Container.php(836): Illuminate\\Container\\BoundMethod::call()
#29 /home/debian/VivaBioApp/vendor/laravel/framework/src/Illuminate/Console/Command.php(211): Illuminate\\Container\\Container->call()
#30 /home/debian/VivaBioApp/vendor/symfony/console/Command/Command.php(318): Illuminate\\Console\\Command->execute()
#31 /home/debian/VivaBioApp/vendor/laravel/framework/src/Illuminate/Console/Command.php(180): Symfony\\Component\\Console\\Command\\Command->run()
#32 /home/debian/VivaBioApp/vendor/laravel/framework/src/Illuminate/Console/Concerns/CallsCommands.php(68): Illuminate\\Console\\Command->run()
#33 /home/debian/VivaBioApp/vendor/laravel/framework/src/Illuminate/Console/Concerns/CallsCommands.php(29): Illuminate\\Console\\Command->runCommand()
#34 /home/debian/VivaBioApp/vendor/laravel/framework/src/Illuminate/Database/Console/Migrations/MigrateCommand.php(125): Illuminate\\Console\\Command->call()
#35 /home/debian/VivaBioApp/vendor/laravel/framework/src/Illuminate/Database/Migrations/Migrator.php(666): Illuminate\\Database\\Console\\Migrations\\MigrateCommand->Illuminate\\Database\\Console\\Migrations\\{closure}()
#36 /home/debian/VivaBioApp/vendor/laravel/framework/src/Illuminate/Database/Console/Migrations/MigrateCommand.php(109): Illuminate\\Database\\Migrations\\Migrator->usingConnection()
#37 /home/debian/VivaBioApp/vendor/laravel/framework/src/Illuminate/Database/Console/Migrations/MigrateCommand.php(88): Illuminate\\Database\\Console\\Migrations\\MigrateCommand->runMigrations()
#38 /home/debian/VivaBioApp/vendor/laravel/framework/src/Illuminate/Container/BoundMethod.php(36): Illuminate\\Database\\Console\\Migrations\\MigrateCommand->handle()
#39 /home/debian/VivaBioApp/vendor/laravel/framework/src/Illuminate/Container/Util.php(43): Illuminate\\Container\\BoundMethod::Illuminate\\Container\\{closure}()
#40 /home/debian/VivaBioApp/vendor/laravel/framework/src/Illuminate/Container/BoundMethod.php(96): Illuminate\\Container\\Util::unwrapIfClosure()
#41 /home/debian/VivaBioApp/vendor/laravel/framework/src/Illuminate/Container/BoundMethod.php(35): Illuminate\\Container\\BoundMethod::callBoundMethod()
#42 /home/debian/VivaBioApp/vendor/laravel/framework/src/Illuminate/Container/Container.php(836): Illuminate\\Container\\BoundMethod::call()
#43 /home/debian/VivaBioApp/vendor/laravel/framework/src/Illuminate/Console/Command.php(211): Illuminate\\Container\\Container->call()
#44 /home/debian/VivaBioApp/vendor/symfony/console/Command/Command.php(318): Illuminate\\Console\\Command->execute()
#45 /home/debian/VivaBioApp/vendor/laravel/framework/src/Illuminate/Console/Command.php(180): Symfony\\Component\\Console\\Command\\Command->run()
#46 /home/debian/VivaBioApp/vendor/symfony/console/Application.php(1110): Illuminate\\Console\\Command->run()
#47 /home/debian/VivaBioApp/vendor/symfony/console/Application.php(359): Symfony\\Component\\Console\\Application->doRunCommand()
#48 /home/debian/VivaBioApp/vendor/symfony/console/Application.php(194): Symfony\\Component\\Console\\Application->doRun()
#49 /home/debian/VivaBioApp/vendor/laravel/framework/src/Illuminate/Foundation/Console/Kernel.php(197): Symfony\\Component\\Console\\Application->run()
#50 /home/debian/VivaBioApp/vendor/laravel/framework/src/Illuminate/Foundation/Application.php(1235): Illuminate\\Foundation\\Console\\Kernel->handle()
#51 /home/debian/VivaBioApp/artisan(16): Illuminate\\Foundation\\Application->handleCommand()
#52 {main}

[previous exception] [object] (PDOException(code: 23000): SQLSTATE[23000]: Integrity constraint violation: 1062 Duplicate entry 'test@example.com' for key 'users_email_unique' at /home/debian/VivaBioApp/vendor/laravel/framework/src/Illuminate/Database/MySqlConnection.php:53)
[stacktrace]
#0 /home/debian/VivaBioApp/vendor/laravel/framework/src/Illuminate/Database/MySqlConnection.php(53): PDOStatement->execute()
#1 /home/debian/VivaBioApp/vendor/laravel/framework/src/Illuminate/Database/Connection.php(811): Illuminate\\Database\\MySqlConnection->Illuminate\\Database\\{closure}()
#2 /home/debian/VivaBioApp/vendor/laravel/framework/src/Illuminate/Database/Connection.php(778): Illuminate\\Database\\Connection->runQueryCallback()
#3 /home/debian/VivaBioApp/vendor/laravel/framework/src/Illuminate/Database/MySqlConnection.php(42): Illuminate\\Database\\Connection->run()
#4 /home/debian/VivaBioApp/vendor/laravel/framework/src/Illuminate/Database/Query/Processors/MySqlProcessor.php(35): Illuminate\\Database\\MySqlConnection->insert()
#5 /home/debian/VivaBioApp/vendor/laravel/framework/src/Illuminate/Database/Query/Builder.php(3853): Illuminate\\Database\\Query\\Processors\\MySqlProcessor->processInsertGetId()
#6 /home/debian/VivaBioApp/vendor/laravel/framework/src/Illuminate/Database/Eloquent/Builder.php(2235): Illuminate\\Database\\Query\\Builder->insertGetId()
#7 /home/debian/VivaBioApp/vendor/laravel/framework/src/Illuminate/Database/Eloquent/Model.php(1436): Illuminate\\Database\\Eloquent\\Builder->__call()
#8 /home/debian/VivaBioApp/vendor/laravel/framework/src/Illuminate/Database/Eloquent/Model.php(1401): Illuminate\\Database\\Eloquent\\Model->insertAndSetId()
#9 /home/debian/VivaBioApp/vendor/laravel/framework/src/Illuminate/Database/Eloquent/Model.php(1240): Illuminate\\Database\\Eloquent\\Model->performInsert()
#10 /home/debian/VivaBioApp/vendor/laravel/framework/src/Illuminate/Database/Eloquent/Factories/Factory.php(370): Illuminate\\Database\\Eloquent\\Model->save()
#11 /home/debian/VivaBioApp/vendor/laravel/framework/src/Illuminate/Collections/Traits/EnumeratesValues.php(271): Illuminate\\Database\\Eloquent\\Factories\\Factory->Illuminate\\Database\\Eloquent\\Factories\\{closure}()
#12 /home/debian/VivaBioApp/vendor/laravel/framework/src/Illuminate/Database/Eloquent/Factories/Factory.php(365): Illuminate\\Support\\Collection->each()
#13 /home/debian/VivaBioApp/vendor/laravel/framework/src/Illuminate/Database/Eloquent/Factories/Factory.php(321): Illuminate\\Database\\Eloquent\\Factories\\Factory->store()
#14 /home/debian/VivaBioApp/vendor/laravel/framework/src/Illuminate/Database/Eloquent/Factories/Factory.php(315): Illuminate\\Database\\Eloquent\\Factories\\Factory->create()
#15 /home/debian/VivaBioApp/database/seeders/DatabaseSeeder.php(18): Illuminate\\Database\\Eloquent\\Factories\\Factory->create()
#16 /home/debian/VivaBioApp/vendor/laravel/framework/src/Illuminate/Container/BoundMethod.php(36): Database\\Seeders\\DatabaseSeeder->run()
#17 /home/debian/VivaBioApp/vendor/laravel/framework/src/Illuminate/Container/Util.php(43): Illuminate\\Container\\BoundMethod::Illuminate\\Container\\{closure}()
#18 /home/debian/VivaBioApp/vendor/laravel/framework/src/Illuminate/Container/BoundMethod.php(96): Illuminate\\Container\\Util::unwrapIfClosure()
#19 /home/debian/VivaBioApp/vendor/laravel/framework/src/Illuminate/Container/BoundMethod.php(35): Illuminate\\Container\\BoundMethod::callBoundMethod()
#20 /home/debian/VivaBioApp/vendor/laravel/framework/src/Illuminate/Container/Container.php(836): Illuminate\\Container\\BoundMethod::call()
#21 /home/debian/VivaBioApp/vendor/laravel/framework/src/Illuminate/Database/Seeder.php(184): Illuminate\\Container\\Container->call()
#22 /home/debian/VivaBioApp/vendor/laravel/framework/src/Illuminate/Database/Seeder.php(193): Illuminate\\Database\\Seeder->Illuminate\\Database\\{closure}()
#23 /home/debian/VivaBioApp/vendor/laravel/framework/src/Illuminate/Database/Console/Seeds/SeedCommand.php(71): Illuminate\\Database\\Seeder->__invoke()
#24 /home/debian/VivaBioApp/vendor/laravel/framework/src/Illuminate/Database/Eloquent/Concerns/GuardsAttributes.php(157): Illuminate\\Database\\Console\\Seeds\\SeedCommand->Illuminate\\Database\\Console\\Seeds\\{closure}()
#25 /home/debian/VivaBioApp/vendor/laravel/framework/src/Illuminate/Database/Console/Seeds/SeedCommand.php(70): Illuminate\\Database\\Eloquent\\Model::unguarded()
#26 /home/debian/VivaBioApp/vendor/laravel/framework/src/Illuminate/Container/BoundMethod.php(36): Illuminate\\Database\\Console\\Seeds\\SeedCommand->handle()
#27 /home/debian/VivaBioApp/vendor/laravel/framework/src/Illuminate/Container/Util.php(43): Illuminate\\Container\\BoundMethod::Illuminate\\Container\\{closure}()
#28 /home/debian/VivaBioApp/vendor/laravel/framework/src/Illuminate/Container/BoundMethod.php(96): Illuminate\\Container\\Util::unwrapIfClosure()
#29 /home/debian/VivaBioApp/vendor/laravel/framework/src/Illuminate/Container/BoundMethod.php(35): Illuminate\\Container\\BoundMethod::callBoundMethod()
#30 /home/debian/VivaBioApp/vendor/laravel/framework/src/Illuminate/Container/Container.php(836): Illuminate\\Container\\BoundMethod::call()
#31 /home/debian/VivaBioApp/vendor/laravel/framework/src/Illuminate/Console/Command.php(211): Illuminate\\Container\\Container->call()
#32 /home/debian/VivaBioApp/vendor/symfony/console/Command/Command.php(318): Illuminate\\Console\\Command->execute()
#33 /home/debian/VivaBioApp/vendor/laravel/framework/src/Illuminate/Console/Command.php(180): Symfony\\Component\\Console\\Command\\Command->run()
#34 /home/debian/VivaBioApp/vendor/laravel/framework/src/Illuminate/Console/Concerns/CallsCommands.php(68): Illuminate\\Console\\Command->run()
#35 /home/debian/VivaBioApp/vendor/laravel/framework/src/Illuminate/Console/Concerns/CallsCommands.php(29): Illuminate\\Console\\Command->runCommand()
#36 /home/debian/VivaBioApp/vendor/laravel/framework/src/Illuminate/Database/Console/Migrations/MigrateCommand.php(125): Illuminate\\Console\\Command->call()
#37 /home/debian/VivaBioApp/vendor/laravel/framework/src/Illuminate/Database/Migrations/Migrator.php(666): Illuminate\\Database\\Console\\Migrations\\MigrateCommand->Illuminate\\Database\\Console\\Migrations\\{closure}()
#38 /home/debian/VivaBioApp/vendor/laravel/framework/src/Illuminate/Database/Console/Migrations/MigrateCommand.php(109): Illuminate\\Database\\Migrations\\Migrator->usingConnection()
#39 /home/debian/VivaBioApp/vendor/laravel/framework/src/Illuminate/Database/Console/Migrations/MigrateCommand.php(88): Illuminate\\Database\\Console\\Migrations\\MigrateCommand->runMigrations()
#40 /home/debian/VivaBioApp/vendor/laravel/framework/src/Illuminate/Container/BoundMethod.php(36): Illuminate\\Database\\Console\\Migrations\\MigrateCommand->handle()
#41 /home/debian/VivaBioApp/vendor/laravel/framework/src/Illuminate/Container/Util.php(43): Illuminate\\Container\\BoundMethod::Illuminate\\Container\\{closure}()
#42 /home/debian/VivaBioApp/vendor/laravel/framework/src/Illuminate/Container/BoundMethod.php(96): Illuminate\\Container\\Util::unwrapIfClosure()
#43 /home/debian/VivaBioApp/vendor/laravel/framework/src/Illuminate/Container/BoundMethod.php(35): Illuminate\\Container\\BoundMethod::callBoundMethod()
#44 /home/debian/VivaBioApp/vendor/laravel/framework/src/Illuminate/Container/Container.php(836): Illuminate\\Container\\BoundMethod::call()
#45 /home/debian/VivaBioApp/vendor/laravel/framework/src/Illuminate/Console/Command.php(211): Illuminate\\Container\\Container->call()
#46 /home/debian/VivaBioApp/vendor/symfony/console/Command/Command.php(318): Illuminate\\Console\\Command->execute()
#47 /home/debian/VivaBioApp/vendor/laravel/framework/src/Illuminate/Console/Command.php(180): Symfony\\Component\\Console\\Command\\Command->run()
#48 /home/debian/VivaBioApp/vendor/symfony/console/Application.php(1110): Illuminate\\Console\\Command->run()
#49 /home/debian/VivaBioApp/vendor/symfony/console/Application.php(359): Symfony\\Component\\Console\\Application->doRunCommand()
#50 /home/debian/VivaBioApp/vendor/symfony/console/Application.php(194): Symfony\\Component\\Console\\Application->doRun()
#51 /home/debian/VivaBioApp/vendor/laravel/framework/src/Illuminate/Foundation/Console/Kernel.php(197): Symfony\\Component\\Console\\Application->run()
#52 /home/debian/VivaBioApp/vendor/laravel/framework/src/Illuminate/Foundation/Application.php(1235): Illuminate\\Foundation\\Console\\Kernel->handle()
#53 /home/debian/VivaBioApp/artisan(16): Illuminate\\Foundation\\Application->handleCommand()
#54 {main}
"} 
[2025-10-31 17:48:21] local.ERROR: SQLSTATE[HY000]: General error: 1005 Can't create table `VivaDB`.`commande_fournisseurs` (errno: 150 "Foreign key constraint is incorrectly formed") (Connection: mysql, SQL: alter table `commande_fournisseurs` add constraint `commande_fournisseurs_id_fournisseur_foreign` foreign key (`id_fournisseur`) references `fournisseurs` (`id`)) {"exception":"[object] (Illuminate\\Database\\QueryException(code: HY000): SQLSTATE[HY000]: General error: 1005 Can't create table `VivaDB`.`commande_fournisseurs` (errno: 150 \"Foreign key constraint is incorrectly formed\") (Connection: mysql, SQL: alter table `commande_fournisseurs` add constraint `commande_fournisseurs_id_fournisseur_foreign` foreign key (`id_fournisseur`) references `fournisseurs` (`id`)) at /home/debian/VivaBioApp/vendor/laravel/framework/src/Illuminate/Database/Connection.php:824)
[stacktrace]
#0 /home/debian/VivaBioApp/vendor/laravel/framework/src/Illuminate/Database/Connection.php(778): Illuminate\\Database\\Connection->runQueryCallback()
#1 /home/debian/VivaBioApp/vendor/laravel/framework/src/Illuminate/Database/Connection.php(559): Illuminate\\Database\\Connection->run()
#2 /home/debian/VivaBioApp/vendor/laravel/framework/src/Illuminate/Database/Schema/Blueprint.php(121): Illuminate\\Database\\Connection->statement()
#3 /home/debian/VivaBioApp/vendor/laravel/framework/src/Illuminate/Database/Schema/Builder.php(618): Illuminate\\Database\\Schema\\Blueprint->build()
#4 /home/debian/VivaBioApp/vendor/laravel/framework/src/Illuminate/Database/Schema/Builder.php(472): Illuminate\\Database\\Schema\\Builder->build()
#5 /home/debian/VivaBioApp/vendor/laravel/framework/src/Illuminate/Support/Facades/Facade.php(363): Illuminate\\Database\\Schema\\Builder->create()
#6 /home/debian/VivaBioApp/database/migrations/2025_10_31_161249_create_commande_fournisseurs_table.php(14): Illuminate\\Support\\Facades\\Facade::__callStatic()
#7 /home/debian/VivaBioApp/vendor/laravel/framework/src/Illuminate/Database/Migrations/Migrator.php(514): Illuminate\\Database\\Migrations\\Migration@anonymous->up()
#8 /home/debian/VivaBioApp/vendor/laravel/framework/src/Illuminate/Database/Migrations/Migrator.php(439): Illuminate\\Database\\Migrations\\Migrator->runMethod()
#9 /home/debian/VivaBioApp/vendor/laravel/framework/src/Illuminate/Database/Migrations/Migrator.php(448): Illuminate\\Database\\Migrations\\Migrator->Illuminate\\Database\\Migrations\\{closure}()
#10 /home/debian/VivaBioApp/vendor/laravel/framework/src/Illuminate/Database/Migrations/Migrator.php(250): Illuminate\\Database\\Migrations\\Migrator->runMigration()
#11 /home/debian/VivaBioApp/vendor/laravel/framework/src/Illuminate/Console/View/Components/Task.php(41): Illuminate\\Database\\Migrations\\Migrator->Illuminate\\Database\\Migrations\\{closure}()
#12 /home/debian/VivaBioApp/vendor/laravel/framework/src/Illuminate/Database/Migrations/Migrator.php(809): Illuminate\\Console\\View\\Components\\Task->render()
#13 /home/debian/VivaBioApp/vendor/laravel/framework/src/Illuminate/Database/Migrations/Migrator.php(250): Illuminate\\Database\\Migrations\\Migrator->write()
#14 /home/debian/VivaBioApp/vendor/laravel/framework/src/Illuminate/Database/Migrations/Migrator.php(210): Illuminate\\Database\\Migrations\\Migrator->runUp()
#15 /home/debian/VivaBioApp/vendor/laravel/framework/src/Illuminate/Database/Migrations/Migrator.php(137): Illuminate\\Database\\Migrations\\Migrator->runPending()
#16 /home/debian/VivaBioApp/vendor/laravel/framework/src/Illuminate/Database/Console/Migrations/MigrateCommand.php(116): Illuminate\\Database\\Migrations\\Migrator->run()
#17 /home/debian/VivaBioApp/vendor/laravel/framework/src/Illuminate/Database/Migrations/Migrator.php(666): Illuminate\\Database\\Console\\Migrations\\MigrateCommand->Illuminate\\Database\\Console\\Migrations\\{closure}()
#18 /home/debian/VivaBioApp/vendor/laravel/framework/src/Illuminate/Database/Console/Migrations/MigrateCommand.php(109): Illuminate\\Database\\Migrations\\Migrator->usingConnection()
#19 /home/debian/VivaBioApp/vendor/laravel/framework/src/Illuminate/Database/Console/Migrations/MigrateCommand.php(88): Illuminate\\Database\\Console\\Migrations\\MigrateCommand->runMigrations()
#20 /home/debian/VivaBioApp/vendor/laravel/framework/src/Illuminate/Container/BoundMethod.php(36): Illuminate\\Database\\Console\\Migrations\\MigrateCommand->handle()
#21 /home/debian/VivaBioApp/vendor/laravel/framework/src/Illuminate/Container/Util.php(43): Illuminate\\Container\\BoundMethod::Illuminate\\Container\\{closure}()
#22 /home/debian/VivaBioApp/vendor/laravel/framework/src/Illuminate/Container/BoundMethod.php(96): Illuminate\\Container\\Util::unwrapIfClosure()
#23 /home/debian/VivaBioApp/vendor/laravel/framework/src/Illuminate/Container/BoundMethod.php(35): Illuminate\\Container\\BoundMethod::callBoundMethod()
#24 /home/debian/VivaBioApp/vendor/laravel/framework/src/Illuminate/Container/Container.php(836): Illuminate\\Container\\BoundMethod::call()
#25 /home/debian/VivaBioApp/vendor/laravel/framework/src/Illuminate/Console/Command.php(211): Illuminate\\Container\\Container->call()
#26 /home/debian/VivaBioApp/vendor/symfony/console/Command/Command.php(318): Illuminate\\Console\\Command->execute()
#27 /home/debian/VivaBioApp/vendor/laravel/framework/src/Illuminate/Console/Command.php(180): Symfony\\Component\\Console\\Command\\Command->run()
#28 /home/debian/VivaBioApp/vendor/laravel/framework/src/Illuminate/Console/Concerns/CallsCommands.php(68): Illuminate\\Console\\Command->run()
#29 /home/debian/VivaBioApp/vendor/laravel/framework/src/Illuminate/Console/Concerns/CallsCommands.php(29): Illuminate\\Console\\Command->runCommand()
#30 /home/debian/VivaBioApp/vendor/laravel/framework/src/Illuminate/Database/Console/Migrations/FreshCommand.php(81): Illuminate\\Console\\Command->call()
#31 /home/debian/VivaBioApp/vendor/laravel/framework/src/Illuminate/Container/BoundMethod.php(36): Illuminate\\Database\\Console\\Migrations\\FreshCommand->handle()
#32 /home/debian/VivaBioApp/vendor/laravel/framework/src/Illuminate/Container/Util.php(43): Illuminate\\Container\\BoundMethod::Illuminate\\Container\\{closure}()
#33 /home/debian/VivaBioApp/vendor/laravel/framework/src/Illuminate/Container/BoundMethod.php(96): Illuminate\\Container\\Util::unwrapIfClosure()
#34 /home/debian/VivaBioApp/vendor/laravel/framework/src/Illuminate/Container/BoundMethod.php(35): Illuminate\\Container\\BoundMethod::callBoundMethod()
#35 /home/debian/VivaBioApp/vendor/laravel/framework/src/Illuminate/Container/Container.php(836): Illuminate\\Container\\BoundMethod::call()
#36 /home/debian/VivaBioApp/vendor/laravel/framework/src/Illuminate/Console/Command.php(211): Illuminate\\Container\\Container->call()
#37 /home/debian/VivaBioApp/vendor/symfony/console/Command/Command.php(318): Illuminate\\Console\\Command->execute()
#38 /home/debian/VivaBioApp/vendor/laravel/framework/src/Illuminate/Console/Command.php(180): Symfony\\Component\\Console\\Command\\Command->run()
#39 /home/debian/VivaBioApp/vendor/symfony/console/Application.php(1110): Illuminate\\Console\\Command->run()
#40 /home/debian/VivaBioApp/vendor/symfony/console/Application.php(359): Symfony\\Component\\Console\\Application->doRunCommand()
#41 /home/debian/VivaBioApp/vendor/symfony/console/Application.php(194): Symfony\\Component\\Console\\Application->doRun()
#42 /home/debian/VivaBioApp/vendor/laravel/framework/src/Illuminate/Foundation/Console/Kernel.php(197): Symfony\\Component\\Console\\Application->run()
#43 /home/debian/VivaBioApp/vendor/laravel/framework/src/Illuminate/Foundation/Application.php(1235): Illuminate\\Foundation\\Console\\Kernel->handle()
#44 /home/debian/VivaBioApp/artisan(16): Illuminate\\Foundation\\Application->handleCommand()
#45 {main}

[previous exception] [object] (PDOException(code: HY000): SQLSTATE[HY000]: General error: 1005 Can't create table `VivaDB`.`commande_fournisseurs` (errno: 150 \"Foreign key constraint is incorrectly formed\") at /home/debian/VivaBioApp/vendor/laravel/framework/src/Illuminate/Database/Connection.php:570)
[stacktrace]
#0 /home/debian/VivaBioApp/vendor/laravel/framework/src/Illuminate/Database/Connection.php(570): PDOStatement->execute()
#1 /home/debian/VivaBioApp/vendor/laravel/framework/src/Illuminate/Database/Connection.php(811): Illuminate\\Database\\Connection->Illuminate\\Database\\{closure}()
#2 /home/debian/VivaBioApp/vendor/laravel/framework/src/Illuminate/Database/Connection.php(778): Illuminate\\Database\\Connection->runQueryCallback()
#3 /home/debian/VivaBioApp/vendor/laravel/framework/src/Illuminate/Database/Connection.php(559): Illuminate\\Database\\Connection->run()
#4 /home/debian/VivaBioApp/vendor/laravel/framework/src/Illuminate/Database/Schema/Blueprint.php(121): Illuminate\\Database\\Connection->statement()
#5 /home/debian/VivaBioApp/vendor/laravel/framework/src/Illuminate/Database/Schema/Builder.php(618): Illuminate\\Database\\Schema\\Blueprint->build()
#6 /home/debian/VivaBioApp/vendor/laravel/framework/src/Illuminate/Database/Schema/Builder.php(472): Illuminate\\Database\\Schema\\Builder->build()
#7 /home/debian/VivaBioApp/vendor/laravel/framework/src/Illuminate/Support/Facades/Facade.php(363): Illuminate\\Database\\Schema\\Builder->create()
#8 /home/debian/VivaBioApp/database/migrations/2025_10_31_161249_create_commande_fournisseurs_table.php(14): Illuminate\\Support\\Facades\\Facade::__callStatic()
#9 /home/debian/VivaBioApp/vendor/laravel/framework/src/Illuminate/Database/Migrations/Migrator.php(514): Illuminate\\Database\\Migrations\\Migration@anonymous->up()
#10 /home/debian/VivaBioApp/vendor/laravel/framework/src/Illuminate/Database/Migrations/Migrator.php(439): Illuminate\\Database\\Migrations\\Migrator->runMethod()
#11 /home/debian/VivaBioApp/vendor/laravel/framework/src/Illuminate/Database/Migrations/Migrator.php(448): Illuminate\\Database\\Migrations\\Migrator->Illuminate\\Database\\Migrations\\{closure}()
#12 /home/debian/VivaBioApp/vendor/laravel/framework/src/Illuminate/Database/Migrations/Migrator.php(250): Illuminate\\Database\\Migrations\\Migrator->runMigration()
#13 /home/debian/VivaBioApp/vendor/laravel/framework/src/Illuminate/Console/View/Components/Task.php(41): Illuminate\\Database\\Migrations\\Migrator->Illuminate\\Database\\Migrations\\{closure}()
#14 /home/debian/VivaBioApp/vendor/laravel/framework/src/Illuminate/Database/Migrations/Migrator.php(809): Illuminate\\Console\\View\\Components\\Task->render()
#15 /home/debian/VivaBioApp/vendor/laravel/framework/src/Illuminate/Database/Migrations/Migrator.php(250): Illuminate\\Database\\Migrations\\Migrator->write()
#16 /home/debian/VivaBioApp/vendor/laravel/framework/src/Illuminate/Database/Migrations/Migrator.php(210): Illuminate\\Database\\Migrations\\Migrator->runUp()
#17 /home/debian/VivaBioApp/vendor/laravel/framework/src/Illuminate/Database/Migrations/Migrator.php(137): Illuminate\\Database\\Migrations\\Migrator->runPending()
#18 /home/debian/VivaBioApp/vendor/laravel/framework/src/Illuminate/Database/Console/Migrations/MigrateCommand.php(116): Illuminate\\Database\\Migrations\\Migrator->run()
#19 /home/debian/VivaBioApp/vendor/laravel/framework/src/Illuminate/Database/Migrations/Migrator.php(666): Illuminate\\Database\\Console\\Migrations\\MigrateCommand->Illuminate\\Database\\Console\\Migrations\\{closure}()
#20 /home/debian/VivaBioApp/vendor/laravel/framework/src/Illuminate/Database/Console/Migrations/MigrateCommand.php(109): Illuminate\\Database\\Migrations\\Migrator->usingConnection()
#21 /home/debian/VivaBioApp/vendor/laravel/framework/src/Illuminate/Database/Console/Migrations/MigrateCommand.php(88): Illuminate\\Database\\Console\\Migrations\\MigrateCommand->runMigrations()
#22 /home/debian/VivaBioApp/vendor/laravel/framework/src/Illuminate/Container/BoundMethod.php(36): Illuminate\\Database\\Console\\Migrations\\MigrateCommand->handle()
#23 /home/debian/VivaBioApp/vendor/laravel/framework/src/Illuminate/Container/Util.php(43): Illuminate\\Container\\BoundMethod::Illuminate\\Container\\{closure}()
#24 /home/debian/VivaBioApp/vendor/laravel/framework/src/Illuminate/Container/BoundMethod.php(96): Illuminate\\Container\\Util::unwrapIfClosure()
#25 /home/debian/VivaBioApp/vendor/laravel/framework/src/Illuminate/Container/BoundMethod.php(35): Illuminate\\Container\\BoundMethod::callBoundMethod()
#26 /home/debian/VivaBioApp/vendor/laravel/framework/src/Illuminate/Container/Container.php(836): Illuminate\\Container\\BoundMethod::call()
#27 /home/debian/VivaBioApp/vendor/laravel/framework/src/Illuminate/Console/Command.php(211): Illuminate\\Container\\Container->call()
#28 /home/debian/VivaBioApp/vendor/symfony/console/Command/Command.php(318): Illuminate\\Console\\Command->execute()
#29 /home/debian/VivaBioApp/vendor/laravel/framework/src/Illuminate/Console/Command.php(180): Symfony\\Component\\Console\\Command\\Command->run()
#30 /home/debian/VivaBioApp/vendor/laravel/framework/src/Illuminate/Console/Concerns/CallsCommands.php(68): Illuminate\\Console\\Command->run()
#31 /home/debian/VivaBioApp/vendor/laravel/framework/src/Illuminate/Console/Concerns/CallsCommands.php(29): Illuminate\\Console\\Command->runCommand()
#32 /home/debian/VivaBioApp/vendor/laravel/framework/src/Illuminate/Database/Console/Migrations/FreshCommand.php(81): Illuminate\\Console\\Command->call()
#33 /home/debian/VivaBioApp/vendor/laravel/framework/src/Illuminate/Container/BoundMethod.php(36): Illuminate\\Database\\Console\\Migrations\\FreshCommand->handle()
#34 /home/debian/VivaBioApp/vendor/laravel/framework/src/Illuminate/Container/Util.php(43): Illuminate\\Container\\BoundMethod::Illuminate\\Container\\{closure}()
#35 /home/debian/VivaBioApp/vendor/laravel/framework/src/Illuminate/Container/BoundMethod.php(96): Illuminate\\Container\\Util::unwrapIfClosure()
#36 /home/debian/VivaBioApp/vendor/laravel/framework/src/Illuminate/Container/BoundMethod.php(35): Illuminate\\Container\\BoundMethod::callBoundMethod()
#37 /home/debian/VivaBioApp/vendor/laravel/framework/src/Illuminate/Container/Container.php(836): Illuminate\\Container\\BoundMethod::call()
#38 /home/debian/VivaBioApp/vendor/laravel/framework/src/Illuminate/Console/Command.php(211): Illuminate\\Container\\Container->call()
#39 /home/debian/VivaBioApp/vendor/symfony/console/Command/Command.php(318): Illuminate\\Console\\Command->execute()
#40 /home/debian/VivaBioApp/vendor/laravel/framework/src/Illuminate/Console/Command.php(180): Symfony\\Component\\Console\\Command\\Command->run()
#41 /home/debian/VivaBioApp/vendor/symfony/console/Application.php(1110): Illuminate\\Console\\Command->run()
#42 /home/debian/VivaBioApp/vendor/symfony/console/Application.php(359): Symfony\\Component\\Console\\Application->doRunCommand()
#43 /home/debian/VivaBioApp/vendor/symfony/console/Application.php(194): Symfony\\Component\\Console\\Application->doRun()
#44 /home/debian/VivaBioApp/vendor/laravel/framework/src/Illuminate/Foundation/Console/Kernel.php(197): Symfony\\Component\\Console\\Application->run()
#45 /home/debian/VivaBioApp/vendor/laravel/framework/src/Illuminate/Foundation/Application.php(1235): Illuminate\\Foundation\\Console\\Kernel->handle()
#46 /home/debian/VivaBioApp/artisan(16): Illuminate\\Foundation\\Application->handleCommand()
#47 {main}
"} 
[2025-10-31 17:49:37] local.ERROR: SQLSTATE[HY000]: General error: 1005 Can't create table `VivaDB`.`commande_fournisseurs` (errno: 150 "Foreign key constraint is incorrectly formed") (Connection: mysql, SQL: alter table `commande_fournisseurs` add constraint `commande_fournisseurs_id_fournisseur_foreign` foreign key (`id_fournisseur`) references `fournisseurs` (`id`)) {"exception":"[object] (Illuminate\\Database\\QueryException(code: HY000): SQLSTATE[HY000]: General error: 1005 Can't create table `VivaDB`.`commande_fournisseurs` (errno: 150 \"Foreign key constraint is incorrectly formed\") (Connection: mysql, SQL: alter table `commande_fournisseurs` add constraint `commande_fournisseurs_id_fournisseur_foreign` foreign key (`id_fournisseur`) references `fournisseurs` (`id`)) at /home/debian/VivaBioApp/vendor/laravel/framework/src/Illuminate/Database/Connection.php:824)
[stacktrace]
#0 /home/debian/VivaBioApp/vendor/laravel/framework/src/Illuminate/Database/Connection.php(778): Illuminate\\Database\\Connection->runQueryCallback()
#1 /home/debian/VivaBioApp/vendor/laravel/framework/src/Illuminate/Database/Connection.php(559): Illuminate\\Database\\Connection->run()
#2 /home/debian/VivaBioApp/vendor/laravel/framework/src/Illuminate/Database/Schema/Blueprint.php(121): Illuminate\\Database\\Connection->statement()
#3 /home/debian/VivaBioApp/vendor/laravel/framework/src/Illuminate/Database/Schema/Builder.php(618): Illuminate\\Database\\Schema\\Blueprint->build()
#4 /home/debian/VivaBioApp/vendor/laravel/framework/src/Illuminate/Database/Schema/Builder.php(472): Illuminate\\Database\\Schema\\Builder->build()
#5 /home/debian/VivaBioApp/vendor/laravel/framework/src/Illuminate/Support/Facades/Facade.php(363): Illuminate\\Database\\Schema\\Builder->create()
#6 /home/debian/VivaBioApp/database/migrations/2025_10_31_161249_create_commande_fournisseurs_table.php(14): Illuminate\\Support\\Facades\\Facade::__callStatic()
#7 /home/debian/VivaBioApp/vendor/laravel/framework/src/Illuminate/Database/Migrations/Migrator.php(514): Illuminate\\Database\\Migrations\\Migration@anonymous->up()
#8 /home/debian/VivaBioApp/vendor/laravel/framework/src/Illuminate/Database/Migrations/Migrator.php(439): Illuminate\\Database\\Migrations\\Migrator->runMethod()
#9 /home/debian/VivaBioApp/vendor/laravel/framework/src/Illuminate/Database/Migrations/Migrator.php(448): Illuminate\\Database\\Migrations\\Migrator->Illuminate\\Database\\Migrations\\{closure}()
#10 /home/debian/VivaBioApp/vendor/laravel/framework/src/Illuminate/Database/Migrations/Migrator.php(250): Illuminate\\Database\\Migrations\\Migrator->runMigration()
#11 /home/debian/VivaBioApp/vendor/laravel/framework/src/Illuminate/Console/View/Components/Task.php(41): Illuminate\\Database\\Migrations\\Migrator->Illuminate\\Database\\Migrations\\{closure}()
#12 /home/debian/VivaBioApp/vendor/laravel/framework/src/Illuminate/Database/Migrations/Migrator.php(809): Illuminate\\Console\\View\\Components\\Task->render()
#13 /home/debian/VivaBioApp/vendor/laravel/framework/src/Illuminate/Database/Migrations/Migrator.php(250): Illuminate\\Database\\Migrations\\Migrator->write()
#14 /home/debian/VivaBioApp/vendor/laravel/framework/src/Illuminate/Database/Migrations/Migrator.php(210): Illuminate\\Database\\Migrations\\Migrator->runUp()
#15 /home/debian/VivaBioApp/vendor/laravel/framework/src/Illuminate/Database/Migrations/Migrator.php(137): Illuminate\\Database\\Migrations\\Migrator->runPending()
#16 /home/debian/VivaBioApp/vendor/laravel/framework/src/Illuminate/Database/Console/Migrations/MigrateCommand.php(116): Illuminate\\Database\\Migrations\\Migrator->run()
#17 /home/debian/VivaBioApp/vendor/laravel/framework/src/Illuminate/Database/Migrations/Migrator.php(666): Illuminate\\Database\\Console\\Migrations\\MigrateCommand->Illuminate\\Database\\Console\\Migrations\\{closure}()
#18 /home/debian/VivaBioApp/vendor/laravel/framework/src/Illuminate/Database/Console/Migrations/MigrateCommand.php(109): Illuminate\\Database\\Migrations\\Migrator->usingConnection()
#19 /home/debian/VivaBioApp/vendor/laravel/framework/src/Illuminate/Database/Console/Migrations/MigrateCommand.php(88): Illuminate\\Database\\Console\\Migrations\\MigrateCommand->runMigrations()
#20 /home/debian/VivaBioApp/vendor/laravel/framework/src/Illuminate/Container/BoundMethod.php(36): Illuminate\\Database\\Console\\Migrations\\MigrateCommand->handle()
#21 /home/debian/VivaBioApp/vendor/laravel/framework/src/Illuminate/Container/Util.php(43): Illuminate\\Container\\BoundMethod::Illuminate\\Container\\{closure}()
#22 /home/debian/VivaBioApp/vendor/laravel/framework/src/Illuminate/Container/BoundMethod.php(96): Illuminate\\Container\\Util::unwrapIfClosure()
#23 /home/debian/VivaBioApp/vendor/laravel/framework/src/Illuminate/Container/BoundMethod.php(35): Illuminate\\Container\\BoundMethod::callBoundMethod()
#24 /home/debian/VivaBioApp/vendor/laravel/framework/src/Illuminate/Container/Container.php(836): Illuminate\\Container\\BoundMethod::call()
#25 /home/debian/VivaBioApp/vendor/laravel/framework/src/Illuminate/Console/Command.php(211): Illuminate\\Container\\Container->call()
#26 /home/debian/VivaBioApp/vendor/symfony/console/Command/Command.php(318): Illuminate\\Console\\Command->execute()
#27 /home/debian/VivaBioApp/vendor/laravel/framework/src/Illuminate/Console/Command.php(180): Symfony\\Component\\Console\\Command\\Command->run()
#28 /home/debian/VivaBioApp/vendor/laravel/framework/src/Illuminate/Console/Concerns/CallsCommands.php(68): Illuminate\\Console\\Command->run()
#29 /home/debian/VivaBioApp/vendor/laravel/framework/src/Illuminate/Console/Concerns/CallsCommands.php(29): Illuminate\\Console\\Command->runCommand()
#30 /home/debian/VivaBioApp/vendor/laravel/framework/src/Illuminate/Database/Console/Migrations/FreshCommand.php(81): Illuminate\\Console\\Command->call()
#31 /home/debian/VivaBioApp/vendor/laravel/framework/src/Illuminate/Container/BoundMethod.php(36): Illuminate\\Database\\Console\\Migrations\\FreshCommand->handle()
#32 /home/debian/VivaBioApp/vendor/laravel/framework/src/Illuminate/Container/Util.php(43): Illuminate\\Container\\BoundMethod::Illuminate\\Container\\{closure}()
#33 /home/debian/VivaBioApp/vendor/laravel/framework/src/Illuminate/Container/BoundMethod.php(96): Illuminate\\Container\\Util::unwrapIfClosure()
#34 /home/debian/VivaBioApp/vendor/laravel/framework/src/Illuminate/Container/BoundMethod.php(35): Illuminate\\Container\\BoundMethod::callBoundMethod()
#35 /home/debian/VivaBioApp/vendor/laravel/framework/src/Illuminate/Container/Container.php(836): Illuminate\\Container\\BoundMethod::call()
#36 /home/debian/VivaBioApp/vendor/laravel/framework/src/Illuminate/Console/Command.php(211): Illuminate\\Container\\Container->call()
#37 /home/debian/VivaBioApp/vendor/symfony/console/Command/Command.php(318): Illuminate\\Console\\Command->execute()
#38 /home/debian/VivaBioApp/vendor/laravel/framework/src/Illuminate/Console/Command.php(180): Symfony\\Component\\Console\\Command\\Command->run()
#39 /home/debian/VivaBioApp/vendor/symfony/console/Application.php(1110): Illuminate\\Console\\Command->run()
#40 /home/debian/VivaBioApp/vendor/symfony/console/Application.php(359): Symfony\\Component\\Console\\Application->doRunCommand()
#41 /home/debian/VivaBioApp/vendor/symfony/console/Application.php(194): Symfony\\Component\\Console\\Application->doRun()
#42 /home/debian/VivaBioApp/vendor/laravel/framework/src/Illuminate/Foundation/Console/Kernel.php(197): Symfony\\Component\\Console\\Application->run()
#43 /home/debian/VivaBioApp/vendor/laravel/framework/src/Illuminate/Foundation/Application.php(1235): Illuminate\\Foundation\\Console\\Kernel->handle()
#44 /home/debian/VivaBioApp/artisan(16): Illuminate\\Foundation\\Application->handleCommand()
#45 {main}

[previous exception] [object] (PDOException(code: HY000): SQLSTATE[HY000]: General error: 1005 Can't create table `VivaDB`.`commande_fournisseurs` (errno: 150 \"Foreign key constraint is incorrectly formed\") at /home/debian/VivaBioApp/vendor/laravel/framework/src/Illuminate/Database/Connection.php:570)
[stacktrace]
#0 /home/debian/VivaBioApp/vendor/laravel/framework/src/Illuminate/Database/Connection.php(570): PDOStatement->execute()
#1 /home/debian/VivaBioApp/vendor/laravel/framework/src/Illuminate/Database/Connection.php(811): Illuminate\\Database\\Connection->Illuminate\\Database\\{closure}()
#2 /home/debian/VivaBioApp/vendor/laravel/framework/src/Illuminate/Database/Connection.php(778): Illuminate\\Database\\Connection->runQueryCallback()
#3 /home/debian/VivaBioApp/vendor/laravel/framework/src/Illuminate/Database/Connection.php(559): Illuminate\\Database\\Connection->run()
#4 /home/debian/VivaBioApp/vendor/laravel/framework/src/Illuminate/Database/Schema/Blueprint.php(121): Illuminate\\Database\\Connection->statement()
#5 /home/debian/VivaBioApp/vendor/laravel/framework/src/Illuminate/Database/Schema/Builder.php(618): Illuminate\\Database\\Schema\\Blueprint->build()
#6 /home/debian/VivaBioApp/vendor/laravel/framework/src/Illuminate/Database/Schema/Builder.php(472): Illuminate\\Database\\Schema\\Builder->build()
#7 /home/debian/VivaBioApp/vendor/laravel/framework/src/Illuminate/Support/Facades/Facade.php(363): Illuminate\\Database\\Schema\\Builder->create()
#8 /home/debian/VivaBioApp/database/migrations/2025_10_31_161249_create_commande_fournisseurs_table.php(14): Illuminate\\Support\\Facades\\Facade::__callStatic()
#9 /home/debian/VivaBioApp/vendor/laravel/framework/src/Illuminate/Database/Migrations/Migrator.php(514): Illuminate\\Database\\Migrations\\Migration@anonymous->up()
#10 /home/debian/VivaBioApp/vendor/laravel/framework/src/Illuminate/Database/Migrations/Migrator.php(439): Illuminate\\Database\\Migrations\\Migrator->runMethod()
#11 /home/debian/VivaBioApp/vendor/laravel/framework/src/Illuminate/Database/Migrations/Migrator.php(448): Illuminate\\Database\\Migrations\\Migrator->Illuminate\\Database\\Migrations\\{closure}()
#12 /home/debian/VivaBioApp/vendor/laravel/framework/src/Illuminate/Database/Migrations/Migrator.php(250): Illuminate\\Database\\Migrations\\Migrator->runMigration()
#13 /home/debian/VivaBioApp/vendor/laravel/framework/src/Illuminate/Console/View/Components/Task.php(41): Illuminate\\Database\\Migrations\\Migrator->Illuminate\\Database\\Migrations\\{closure}()
#14 /home/debian/VivaBioApp/vendor/laravel/framework/src/Illuminate/Database/Migrations/Migrator.php(809): Illuminate\\Console\\View\\Components\\Task->render()
#15 /home/debian/VivaBioApp/vendor/laravel/framework/src/Illuminate/Database/Migrations/Migrator.php(250): Illuminate\\Database\\Migrations\\Migrator->write()
#16 /home/debian/VivaBioApp/vendor/laravel/framework/src/Illuminate/Database/Migrations/Migrator.php(210): Illuminate\\Database\\Migrations\\Migrator->runUp()
#17 /home/debian/VivaBioApp/vendor/laravel/framework/src/Illuminate/Database/Migrations/Migrator.php(137): Illuminate\\Database\\Migrations\\Migrator->runPending()
#18 /home/debian/VivaBioApp/vendor/laravel/framework/src/Illuminate/Database/Console/Migrations/MigrateCommand.php(116): Illuminate\\Database\\Migrations\\Migrator->run()
#19 /home/debian/VivaBioApp/vendor/laravel/framework/src/Illuminate/Database/Migrations/Migrator.php(666): Illuminate\\Database\\Console\\Migrations\\MigrateCommand->Illuminate\\Database\\Console\\Migrations\\{closure}()
#20 /home/debian/VivaBioApp/vendor/laravel/framework/src/Illuminate/Database/Console/Migrations/MigrateCommand.php(109): Illuminate\\Database\\Migrations\\Migrator->usingConnection()
#21 /home/debian/VivaBioApp/vendor/laravel/framework/src/Illuminate/Database/Console/Migrations/MigrateCommand.php(88): Illuminate\\Database\\Console\\Migrations\\MigrateCommand->runMigrations()
#22 /home/debian/VivaBioApp/vendor/laravel/framework/src/Illuminate/Container/BoundMethod.php(36): Illuminate\\Database\\Console\\Migrations\\MigrateCommand->handle()
#23 /home/debian/VivaBioApp/vendor/laravel/framework/src/Illuminate/Container/Util.php(43): Illuminate\\Container\\BoundMethod::Illuminate\\Container\\{closure}()
#24 /home/debian/VivaBioApp/vendor/laravel/framework/src/Illuminate/Container/BoundMethod.php(96): Illuminate\\Container\\Util::unwrapIfClosure()
#25 /home/debian/VivaBioApp/vendor/laravel/framework/src/Illuminate/Container/BoundMethod.php(35): Illuminate\\Container\\BoundMethod::callBoundMethod()
#26 /home/debian/VivaBioApp/vendor/laravel/framework/src/Illuminate/Container/Container.php(836): Illuminate\\Container\\BoundMethod::call()
#27 /home/debian/VivaBioApp/vendor/laravel/framework/src/Illuminate/Console/Command.php(211): Illuminate\\Container\\Container->call()
#28 /home/debian/VivaBioApp/vendor/symfony/console/Command/Command.php(318): Illuminate\\Console\\Command->execute()
#29 /home/debian/VivaBioApp/vendor/laravel/framework/src/Illuminate/Console/Command.php(180): Symfony\\Component\\Console\\Command\\Command->run()
#30 /home/debian/VivaBioApp/vendor/laravel/framework/src/Illuminate/Console/Concerns/CallsCommands.php(68): Illuminate\\Console\\Command->run()
#31 /home/debian/VivaBioApp/vendor/laravel/framework/src/Illuminate/Console/Concerns/CallsCommands.php(29): Illuminate\\Console\\Command->runCommand()
#32 /home/debian/VivaBioApp/vendor/laravel/framework/src/Illuminate/Database/Console/Migrations/FreshCommand.php(81): Illuminate\\Console\\Command->call()
#33 /home/debian/VivaBioApp/vendor/laravel/framework/src/Illuminate/Container/BoundMethod.php(36): Illuminate\\Database\\Console\\Migrations\\FreshCommand->handle()
#34 /home/debian/VivaBioApp/vendor/laravel/framework/src/Illuminate/Container/Util.php(43): Illuminate\\Container\\BoundMethod::Illuminate\\Container\\{closure}()
#35 /home/debian/VivaBioApp/vendor/laravel/framework/src/Illuminate/Container/BoundMethod.php(96): Illuminate\\Container\\Util::unwrapIfClosure()
#36 /home/debian/VivaBioApp/vendor/laravel/framework/src/Illuminate/Container/BoundMethod.php(35): Illuminate\\Container\\BoundMethod::callBoundMethod()
#37 /home/debian/VivaBioApp/vendor/laravel/framework/src/Illuminate/Container/Container.php(836): Illuminate\\Container\\BoundMethod::call()
#38 /home/debian/VivaBioApp/vendor/laravel/framework/src/Illuminate/Console/Command.php(211): Illuminate\\Container\\Container->call()
#39 /home/debian/VivaBioApp/vendor/symfony/console/Command/Command.php(318): Illuminate\\Console\\Command->execute()
#40 /home/debian/VivaBioApp/vendor/laravel/framework/src/Illuminate/Console/Command.php(180): Symfony\\Component\\Console\\Command\\Command->run()
#41 /home/debian/VivaBioApp/vendor/symfony/console/Application.php(1110): Illuminate\\Console\\Command->run()
#42 /home/debian/VivaBioApp/vendor/symfony/console/Application.php(359): Symfony\\Component\\Console\\Application->doRunCommand()
#43 /home/debian/VivaBioApp/vendor/symfony/console/Application.php(194): Symfony\\Component\\Console\\Application->doRun()
#44 /home/debian/VivaBioApp/vendor/laravel/framework/src/Illuminate/Foundation/Console/Kernel.php(197): Symfony\\Component\\Console\\Application->run()
#45 /home/debian/VivaBioApp/vendor/laravel/framework/src/Illuminate/Foundation/Application.php(1235): Illuminate\\Foundation\\Console\\Kernel->handle()
#46 /home/debian/VivaBioApp/artisan(16): Illuminate\\Foundation\\Application->handleCommand()
#47 {main}
"} 
[2025-10-31 17:51:19] local.ERROR: SQLSTATE[HY000]: General error: 1005 Can't create table `VivaDB`.`commande_fournisseurs` (errno: 150 "Foreign key constraint is incorrectly formed") (Connection: mysql, SQL: alter table `commande_fournisseurs` add constraint `commande_fournisseurs_id_fournisseur_foreign` foreign key (`id_fournisseur`) references `fournisseurs` (`id`)) {"exception":"[object] (Illuminate\\Database\\QueryException(code: HY000): SQLSTATE[HY000]: General error: 1005 Can't create table `VivaDB`.`commande_fournisseurs` (errno: 150 \"Foreign key constraint is incorrectly formed\") (Connection: mysql, SQL: alter table `commande_fournisseurs` add constraint `commande_fournisseurs_id_fournisseur_foreign` foreign key (`id_fournisseur`) references `fournisseurs` (`id`)) at /home/debian/VivaBioApp/vendor/laravel/framework/src/Illuminate/Database/Connection.php:824)
[stacktrace]
#0 /home/debian/VivaBioApp/vendor/laravel/framework/src/Illuminate/Database/Connection.php(778): Illuminate\\Database\\Connection->runQueryCallback()
#1 /home/debian/VivaBioApp/vendor/laravel/framework/src/Illuminate/Database/Connection.php(559): Illuminate\\Database\\Connection->run()
#2 /home/debian/VivaBioApp/vendor/laravel/framework/src/Illuminate/Database/Schema/Blueprint.php(121): Illuminate\\Database\\Connection->statement()
#3 /home/debian/VivaBioApp/vendor/laravel/framework/src/Illuminate/Database/Schema/Builder.php(618): Illuminate\\Database\\Schema\\Blueprint->build()
#4 /home/debian/VivaBioApp/vendor/laravel/framework/src/Illuminate/Database/Schema/Builder.php(472): Illuminate\\Database\\Schema\\Builder->build()
#5 /home/debian/VivaBioApp/vendor/laravel/framework/src/Illuminate/Support/Facades/Facade.php(363): Illuminate\\Database\\Schema\\Builder->create()
#6 /home/debian/VivaBioApp/database/migrations/2025_10_31_161249_create_commande_fournisseurs_table.php(14): Illuminate\\Support\\Facades\\Facade::__callStatic()
#7 /home/debian/VivaBioApp/vendor/laravel/framework/src/Illuminate/Database/Migrations/Migrator.php(514): Illuminate\\Database\\Migrations\\Migration@anonymous->up()
#8 /home/debian/VivaBioApp/vendor/laravel/framework/src/Illuminate/Database/Migrations/Migrator.php(439): Illuminate\\Database\\Migrations\\Migrator->runMethod()
#9 /home/debian/VivaBioApp/vendor/laravel/framework/src/Illuminate/Database/Migrations/Migrator.php(448): Illuminate\\Database\\Migrations\\Migrator->Illuminate\\Database\\Migrations\\{closure}()
#10 /home/debian/VivaBioApp/vendor/laravel/framework/src/Illuminate/Database/Migrations/Migrator.php(250): Illuminate\\Database\\Migrations\\Migrator->runMigration()
#11 /home/debian/VivaBioApp/vendor/laravel/framework/src/Illuminate/Console/View/Components/Task.php(41): Illuminate\\Database\\Migrations\\Migrator->Illuminate\\Database\\Migrations\\{closure}()
#12 /home/debian/VivaBioApp/vendor/laravel/framework/src/Illuminate/Database/Migrations/Migrator.php(809): Illuminate\\Console\\View\\Components\\Task->render()
#13 /home/debian/VivaBioApp/vendor/laravel/framework/src/Illuminate/Database/Migrations/Migrator.php(250): Illuminate\\Database\\Migrations\\Migrator->write()
#14 /home/debian/VivaBioApp/vendor/laravel/framework/src/Illuminate/Database/Migrations/Migrator.php(210): Illuminate\\Database\\Migrations\\Migrator->runUp()
#15 /home/debian/VivaBioApp/vendor/laravel/framework/src/Illuminate/Database/Migrations/Migrator.php(137): Illuminate\\Database\\Migrations\\Migrator->runPending()
#16 /home/debian/VivaBioApp/vendor/laravel/framework/src/Illuminate/Database/Console/Migrations/MigrateCommand.php(116): Illuminate\\Database\\Migrations\\Migrator->run()
#17 /home/debian/VivaBioApp/vendor/laravel/framework/src/Illuminate/Database/Migrations/Migrator.php(666): Illuminate\\Database\\Console\\Migrations\\MigrateCommand->Illuminate\\Database\\Console\\Migrations\\{closure}()
#18 /home/debian/VivaBioApp/vendor/laravel/framework/src/Illuminate/Database/Console/Migrations/MigrateCommand.php(109): Illuminate\\Database\\Migrations\\Migrator->usingConnection()
#19 /home/debian/VivaBioApp/vendor/laravel/framework/src/Illuminate/Database/Console/Migrations/MigrateCommand.php(88): Illuminate\\Database\\Console\\Migrations\\MigrateCommand->runMigrations()
#20 /home/debian/VivaBioApp/vendor/laravel/framework/src/Illuminate/Container/BoundMethod.php(36): Illuminate\\Database\\Console\\Migrations\\MigrateCommand->handle()
#21 /home/debian/VivaBioApp/vendor/laravel/framework/src/Illuminate/Container/Util.php(43): Illuminate\\Container\\BoundMethod::Illuminate\\Container\\{closure}()
#22 /home/debian/VivaBioApp/vendor/laravel/framework/src/Illuminate/Container/BoundMethod.php(96): Illuminate\\Container\\Util::unwrapIfClosure()
#23 /home/debian/VivaBioApp/vendor/laravel/framework/src/Illuminate/Container/BoundMethod.php(35): Illuminate\\Container\\BoundMethod::callBoundMethod()
#24 /home/debian/VivaBioApp/vendor/laravel/framework/src/Illuminate/Container/Container.php(836): Illuminate\\Container\\BoundMethod::call()
#25 /home/debian/VivaBioApp/vendor/laravel/framework/src/Illuminate/Console/Command.php(211): Illuminate\\Container\\Container->call()
#26 /home/debian/VivaBioApp/vendor/symfony/console/Command/Command.php(318): Illuminate\\Console\\Command->execute()
#27 /home/debian/VivaBioApp/vendor/laravel/framework/src/Illuminate/Console/Command.php(180): Symfony\\Component\\Console\\Command\\Command->run()
#28 /home/debian/VivaBioApp/vendor/laravel/framework/src/Illuminate/Console/Concerns/CallsCommands.php(68): Illuminate\\Console\\Command->run()
#29 /home/debian/VivaBioApp/vendor/laravel/framework/src/Illuminate/Console/Concerns/CallsCommands.php(29): Illuminate\\Console\\Command->runCommand()
#30 /home/debian/VivaBioApp/vendor/laravel/framework/src/Illuminate/Database/Console/Migrations/FreshCommand.php(81): Illuminate\\Console\\Command->call()
#31 /home/debian/VivaBioApp/vendor/laravel/framework/src/Illuminate/Container/BoundMethod.php(36): Illuminate\\Database\\Console\\Migrations\\FreshCommand->handle()
#32 /home/debian/VivaBioApp/vendor/laravel/framework/src/Illuminate/Container/Util.php(43): Illuminate\\Container\\BoundMethod::Illuminate\\Container\\{closure}()
#33 /home/debian/VivaBioApp/vendor/laravel/framework/src/Illuminate/Container/BoundMethod.php(96): Illuminate\\Container\\Util::unwrapIfClosure()
#34 /home/debian/VivaBioApp/vendor/laravel/framework/src/Illuminate/Container/BoundMethod.php(35): Illuminate\\Container\\BoundMethod::callBoundMethod()
#35 /home/debian/VivaBioApp/vendor/laravel/framework/src/Illuminate/Container/Container.php(836): Illuminate\\Container\\BoundMethod::call()
#36 /home/debian/VivaBioApp/vendor/laravel/framework/src/Illuminate/Console/Command.php(211): Illuminate\\Container\\Container->call()
#37 /home/debian/VivaBioApp/vendor/symfony/console/Command/Command.php(318): Illuminate\\Console\\Command->execute()
#38 /home/debian/VivaBioApp/vendor/laravel/framework/src/Illuminate/Console/Command.php(180): Symfony\\Component\\Console\\Command\\Command->run()
#39 /home/debian/VivaBioApp/vendor/symfony/console/Application.php(1110): Illuminate\\Console\\Command->run()
#40 /home/debian/VivaBioApp/vendor/symfony/console/Application.php(359): Symfony\\Component\\Console\\Application->doRunCommand()
#41 /home/debian/VivaBioApp/vendor/symfony/console/Application.php(194): Symfony\\Component\\Console\\Application->doRun()
#42 /home/debian/VivaBioApp/vendor/laravel/framework/src/Illuminate/Foundation/Console/Kernel.php(197): Symfony\\Component\\Console\\Application->run()
#43 /home/debian/VivaBioApp/vendor/laravel/framework/src/Illuminate/Foundation/Application.php(1235): Illuminate\\Foundation\\Console\\Kernel->handle()
#44 /home/debian/VivaBioApp/artisan(16): Illuminate\\Foundation\\Application->handleCommand()
#45 {main}

[previous exception] [object] (PDOException(code: HY000): SQLSTATE[HY000]: General error: 1005 Can't create table `VivaDB`.`commande_fournisseurs` (errno: 150 \"Foreign key constraint is incorrectly formed\") at /home/debian/VivaBioApp/vendor/laravel/framework/src/Illuminate/Database/Connection.php:570)
[stacktrace]
#0 /home/debian/VivaBioApp/vendor/laravel/framework/src/Illuminate/Database/Connection.php(570): PDOStatement->execute()
#1 /home/debian/VivaBioApp/vendor/laravel/framework/src/Illuminate/Database/Connection.php(811): Illuminate\\Database\\Connection->Illuminate\\Database\\{closure}()
#2 /home/debian/VivaBioApp/vendor/laravel/framework/src/Illuminate/Database/Connection.php(778): Illuminate\\Database\\Connection->runQueryCallback()
#3 /home/debian/VivaBioApp/vendor/laravel/framework/src/Illuminate/Database/Connection.php(559): Illuminate\\Database\\Connection->run()
#4 /home/debian/VivaBioApp/vendor/laravel/framework/src/Illuminate/Database/Schema/Blueprint.php(121): Illuminate\\Database\\Connection->statement()
#5 /home/debian/VivaBioApp/vendor/laravel/framework/src/Illuminate/Database/Schema/Builder.php(618): Illuminate\\Database\\Schema\\Blueprint->build()
#6 /home/debian/VivaBioApp/vendor/laravel/framework/src/Illuminate/Database/Schema/Builder.php(472): Illuminate\\Database\\Schema\\Builder->build()
#7 /home/debian/VivaBioApp/vendor/laravel/framework/src/Illuminate/Support/Facades/Facade.php(363): Illuminate\\Database\\Schema\\Builder->create()
#8 /home/debian/VivaBioApp/database/migrations/2025_10_31_161249_create_commande_fournisseurs_table.php(14): Illuminate\\Support\\Facades\\Facade::__callStatic()
#9 /home/debian/VivaBioApp/vendor/laravel/framework/src/Illuminate/Database/Migrations/Migrator.php(514): Illuminate\\Database\\Migrations\\Migration@anonymous->up()
#10 /home/debian/VivaBioApp/vendor/laravel/framework/src/Illuminate/Database/Migrations/Migrator.php(439): Illuminate\\Database\\Migrations\\Migrator->runMethod()
#11 /home/debian/VivaBioApp/vendor/laravel/framework/src/Illuminate/Database/Migrations/Migrator.php(448): Illuminate\\Database\\Migrations\\Migrator->Illuminate\\Database\\Migrations\\{closure}()
#12 /home/debian/VivaBioApp/vendor/laravel/framework/src/Illuminate/Database/Migrations/Migrator.php(250): Illuminate\\Database\\Migrations\\Migrator->runMigration()
#13 /home/debian/VivaBioApp/vendor/laravel/framework/src/Illuminate/Console/View/Components/Task.php(41): Illuminate\\Database\\Migrations\\Migrator->Illuminate\\Database\\Migrations\\{closure}()
#14 /home/debian/VivaBioApp/vendor/laravel/framework/src/Illuminate/Database/Migrations/Migrator.php(809): Illuminate\\Console\\View\\Components\\Task->render()
#15 /home/debian/VivaBioApp/vendor/laravel/framework/src/Illuminate/Database/Migrations/Migrator.php(250): Illuminate\\Database\\Migrations\\Migrator->write()
#16 /home/debian/VivaBioApp/vendor/laravel/framework/src/Illuminate/Database/Migrations/Migrator.php(210): Illuminate\\Database\\Migrations\\Migrator->runUp()
#17 /home/debian/VivaBioApp/vendor/laravel/framework/src/Illuminate/Database/Migrations/Migrator.php(137): Illuminate\\Database\\Migrations\\Migrator->runPending()
#18 /home/debian/VivaBioApp/vendor/laravel/framework/src/Illuminate/Database/Console/Migrations/MigrateCommand.php(116): Illuminate\\Database\\Migrations\\Migrator->run()
#19 /home/debian/VivaBioApp/vendor/laravel/framework/src/Illuminate/Database/Migrations/Migrator.php(666): Illuminate\\Database\\Console\\Migrations\\MigrateCommand->Illuminate\\Database\\Console\\Migrations\\{closure}()
#20 /home/debian/VivaBioApp/vendor/laravel/framework/src/Illuminate/Database/Console/Migrations/MigrateCommand.php(109): Illuminate\\Database\\Migrations\\Migrator->usingConnection()
#21 /home/debian/VivaBioApp/vendor/laravel/framework/src/Illuminate/Database/Console/Migrations/MigrateCommand.php(88): Illuminate\\Database\\Console\\Migrations\\MigrateCommand->runMigrations()
#22 /home/debian/VivaBioApp/vendor/laravel/framework/src/Illuminate/Container/BoundMethod.php(36): Illuminate\\Database\\Console\\Migrations\\MigrateCommand->handle()
#23 /home/debian/VivaBioApp/vendor/laravel/framework/src/Illuminate/Container/Util.php(43): Illuminate\\Container\\BoundMethod::Illuminate\\Container\\{closure}()
#24 /home/debian/VivaBioApp/vendor/laravel/framework/src/Illuminate/Container/BoundMethod.php(96): Illuminate\\Container\\Util::unwrapIfClosure()
#25 /home/debian/VivaBioApp/vendor/laravel/framework/src/Illuminate/Container/BoundMethod.php(35): Illuminate\\Container\\BoundMethod::callBoundMethod()
#26 /home/debian/VivaBioApp/vendor/laravel/framework/src/Illuminate/Container/Container.php(836): Illuminate\\Container\\BoundMethod::call()
#27 /home/debian/VivaBioApp/vendor/laravel/framework/src/Illuminate/Console/Command.php(211): Illuminate\\Container\\Container->call()
#28 /home/debian/VivaBioApp/vendor/symfony/console/Command/Command.php(318): Illuminate\\Console\\Command->execute()
#29 /home/debian/VivaBioApp/vendor/laravel/framework/src/Illuminate/Console/Command.php(180): Symfony\\Component\\Console\\Command\\Command->run()
#30 /home/debian/VivaBioApp/vendor/laravel/framework/src/Illuminate/Console/Concerns/CallsCommands.php(68): Illuminate\\Console\\Command->run()
#31 /home/debian/VivaBioApp/vendor/laravel/framework/src/Illuminate/Console/Concerns/CallsCommands.php(29): Illuminate\\Console\\Command->runCommand()
#32 /home/debian/VivaBioApp/vendor/laravel/framework/src/Illuminate/Database/Console/Migrations/FreshCommand.php(81): Illuminate\\Console\\Command->call()
#33 /home/debian/VivaBioApp/vendor/laravel/framework/src/Illuminate/Container/BoundMethod.php(36): Illuminate\\Database\\Console\\Migrations\\FreshCommand->handle()
#34 /home/debian/VivaBioApp/vendor/laravel/framework/src/Illuminate/Container/Util.php(43): Illuminate\\Container\\BoundMethod::Illuminate\\Container\\{closure}()
#35 /home/debian/VivaBioApp/vendor/laravel/framework/src/Illuminate/Container/BoundMethod.php(96): Illuminate\\Container\\Util::unwrapIfClosure()
#36 /home/debian/VivaBioApp/vendor/laravel/framework/src/Illuminate/Container/BoundMethod.php(35): Illuminate\\Container\\BoundMethod::callBoundMethod()
#37 /home/debian/VivaBioApp/vendor/laravel/framework/src/Illuminate/Container/Container.php(836): Illuminate\\Container\\BoundMethod::call()
#38 /home/debian/VivaBioApp/vendor/laravel/framework/src/Illuminate/Console/Command.php(211): Illuminate\\Container\\Container->call()
#39 /home/debian/VivaBioApp/vendor/symfony/console/Command/Command.php(318): Illuminate\\Console\\Command->execute()
#40 /home/debian/VivaBioApp/vendor/laravel/framework/src/Illuminate/Console/Command.php(180): Symfony\\Component\\Console\\Command\\Command->run()
#41 /home/debian/VivaBioApp/vendor/symfony/console/Application.php(1110): Illuminate\\Console\\Command->run()
#42 /home/debian/VivaBioApp/vendor/symfony/console/Application.php(359): Symfony\\Component\\Console\\Application->doRunCommand()
#43 /home/debian/VivaBioApp/vendor/symfony/console/Application.php(194): Symfony\\Component\\Console\\Application->doRun()
#44 /home/debian/VivaBioApp/vendor/laravel/framework/src/Illuminate/Foundation/Console/Kernel.php(197): Symfony\\Component\\Console\\Application->run()
#45 /home/debian/VivaBioApp/vendor/laravel/framework/src/Illuminate/Foundation/Application.php(1235): Illuminate\\Foundation\\Console\\Kernel->handle()
#46 /home/debian/VivaBioApp/artisan(16): Illuminate\\Foundation\\Application->handleCommand()
#47 {main}
"} 
[2025-10-31 17:53:48] local.ERROR: SQLSTATE[42000]: Syntax error or access violation: 1103 Incorrect table name '' (Connection: mysql, SQL: alter table `commande_fournisseurs` add constraint `commande_fournisseurs_id_fournisseur_foreign` foreign key (`id_fournisseur`) references `` (`fournisseurs`)) {"exception":"[object] (Illuminate\\Database\\QueryException(code: 42000): SQLSTATE[42000]: Syntax error or access violation: 1103 Incorrect table name '' (Connection: mysql, SQL: alter table `commande_fournisseurs` add constraint `commande_fournisseurs_id_fournisseur_foreign` foreign key (`id_fournisseur`) references `` (`fournisseurs`)) at /home/debian/VivaBioApp/vendor/laravel/framework/src/Illuminate/Database/Connection.php:824)
[stacktrace]
#0 /home/debian/VivaBioApp/vendor/laravel/framework/src/Illuminate/Database/Connection.php(778): Illuminate\\Database\\Connection->runQueryCallback()
#1 /home/debian/VivaBioApp/vendor/laravel/framework/src/Illuminate/Database/Connection.php(559): Illuminate\\Database\\Connection->run()
#2 /home/debian/VivaBioApp/vendor/laravel/framework/src/Illuminate/Database/Schema/Blueprint.php(121): Illuminate\\Database\\Connection->statement()
#3 /home/debian/VivaBioApp/vendor/laravel/framework/src/Illuminate/Database/Schema/Builder.php(618): Illuminate\\Database\\Schema\\Blueprint->build()
#4 /home/debian/VivaBioApp/vendor/laravel/framework/src/Illuminate/Database/Schema/Builder.php(472): Illuminate\\Database\\Schema\\Builder->build()
#5 /home/debian/VivaBioApp/vendor/laravel/framework/src/Illuminate/Support/Facades/Facade.php(363): Illuminate\\Database\\Schema\\Builder->create()
#6 /home/debian/VivaBioApp/database/migrations/2025_10_31_161249_create_commande_fournisseurs_table.php(14): Illuminate\\Support\\Facades\\Facade::__callStatic()
#7 /home/debian/VivaBioApp/vendor/laravel/framework/src/Illuminate/Database/Migrations/Migrator.php(514): Illuminate\\Database\\Migrations\\Migration@anonymous->up()
#8 /home/debian/VivaBioApp/vendor/laravel/framework/src/Illuminate/Database/Migrations/Migrator.php(439): Illuminate\\Database\\Migrations\\Migrator->runMethod()
#9 /home/debian/VivaBioApp/vendor/laravel/framework/src/Illuminate/Database/Migrations/Migrator.php(448): Illuminate\\Database\\Migrations\\Migrator->Illuminate\\Database\\Migrations\\{closure}()
#10 /home/debian/VivaBioApp/vendor/laravel/framework/src/Illuminate/Database/Migrations/Migrator.php(250): Illuminate\\Database\\Migrations\\Migrator->runMigration()
#11 /home/debian/VivaBioApp/vendor/laravel/framework/src/Illuminate/Console/View/Components/Task.php(41): Illuminate\\Database\\Migrations\\Migrator->Illuminate\\Database\\Migrations\\{closure}()
#12 /home/debian/VivaBioApp/vendor/laravel/framework/src/Illuminate/Database/Migrations/Migrator.php(809): Illuminate\\Console\\View\\Components\\Task->render()
#13 /home/debian/VivaBioApp/vendor/laravel/framework/src/Illuminate/Database/Migrations/Migrator.php(250): Illuminate\\Database\\Migrations\\Migrator->write()
#14 /home/debian/VivaBioApp/vendor/laravel/framework/src/Illuminate/Database/Migrations/Migrator.php(210): Illuminate\\Database\\Migrations\\Migrator->runUp()
#15 /home/debian/VivaBioApp/vendor/laravel/framework/src/Illuminate/Database/Migrations/Migrator.php(137): Illuminate\\Database\\Migrations\\Migrator->runPending()
#16 /home/debian/VivaBioApp/vendor/laravel/framework/src/Illuminate/Database/Console/Migrations/MigrateCommand.php(116): Illuminate\\Database\\Migrations\\Migrator->run()
#17 /home/debian/VivaBioApp/vendor/laravel/framework/src/Illuminate/Database/Migrations/Migrator.php(666): Illuminate\\Database\\Console\\Migrations\\MigrateCommand->Illuminate\\Database\\Console\\Migrations\\{closure}()
#18 /home/debian/VivaBioApp/vendor/laravel/framework/src/Illuminate/Database/Console/Migrations/MigrateCommand.php(109): Illuminate\\Database\\Migrations\\Migrator->usingConnection()
#19 /home/debian/VivaBioApp/vendor/laravel/framework/src/Illuminate/Database/Console/Migrations/MigrateCommand.php(88): Illuminate\\Database\\Console\\Migrations\\MigrateCommand->runMigrations()
#20 /home/debian/VivaBioApp/vendor/laravel/framework/src/Illuminate/Container/BoundMethod.php(36): Illuminate\\Database\\Console\\Migrations\\MigrateCommand->handle()
#21 /home/debian/VivaBioApp/vendor/laravel/framework/src/Illuminate/Container/Util.php(43): Illuminate\\Container\\BoundMethod::Illuminate\\Container\\{closure}()
#22 /home/debian/VivaBioApp/vendor/laravel/framework/src/Illuminate/Container/BoundMethod.php(96): Illuminate\\Container\\Util::unwrapIfClosure()
#23 /home/debian/VivaBioApp/vendor/laravel/framework/src/Illuminate/Container/BoundMethod.php(35): Illuminate\\Container\\BoundMethod::callBoundMethod()
#24 /home/debian/VivaBioApp/vendor/laravel/framework/src/Illuminate/Container/Container.php(836): Illuminate\\Container\\BoundMethod::call()
#25 /home/debian/VivaBioApp/vendor/laravel/framework/src/Illuminate/Console/Command.php(211): Illuminate\\Container\\Container->call()
#26 /home/debian/VivaBioApp/vendor/symfony/console/Command/Command.php(318): Illuminate\\Console\\Command->execute()
#27 /home/debian/VivaBioApp/vendor/laravel/framework/src/Illuminate/Console/Command.php(180): Symfony\\Component\\Console\\Command\\Command->run()
#28 /home/debian/VivaBioApp/vendor/laravel/framework/src/Illuminate/Console/Concerns/CallsCommands.php(68): Illuminate\\Console\\Command->run()
#29 /home/debian/VivaBioApp/vendor/laravel/framework/src/Illuminate/Console/Concerns/CallsCommands.php(29): Illuminate\\Console\\Command->runCommand()
#30 /home/debian/VivaBioApp/vendor/laravel/framework/src/Illuminate/Database/Console/Migrations/FreshCommand.php(81): Illuminate\\Console\\Command->call()
#31 /home/debian/VivaBioApp/vendor/laravel/framework/src/Illuminate/Container/BoundMethod.php(36): Illuminate\\Database\\Console\\Migrations\\FreshCommand->handle()
#32 /home/debian/VivaBioApp/vendor/laravel/framework/src/Illuminate/Container/Util.php(43): Illuminate\\Container\\BoundMethod::Illuminate\\Container\\{closure}()
#33 /home/debian/VivaBioApp/vendor/laravel/framework/src/Illuminate/Container/BoundMethod.php(96): Illuminate\\Container\\Util::unwrapIfClosure()
#34 /home/debian/VivaBioApp/vendor/laravel/framework/src/Illuminate/Container/BoundMethod.php(35): Illuminate\\Container\\BoundMethod::callBoundMethod()
#35 /home/debian/VivaBioApp/vendor/laravel/framework/src/Illuminate/Container/Container.php(836): Illuminate\\Container\\BoundMethod::call()
#36 /home/debian/VivaBioApp/vendor/laravel/framework/src/Illuminate/Console/Command.php(211): Illuminate\\Container\\Container->call()
#37 /home/debian/VivaBioApp/vendor/symfony/console/Command/Command.php(318): Illuminate\\Console\\Command->execute()
#38 /home/debian/VivaBioApp/vendor/laravel/framework/src/Illuminate/Console/Command.php(180): Symfony\\Component\\Console\\Command\\Command->run()
#39 /home/debian/VivaBioApp/vendor/symfony/console/Application.php(1110): Illuminate\\Console\\Command->run()
#40 /home/debian/VivaBioApp/vendor/symfony/console/Application.php(359): Symfony\\Component\\Console\\Application->doRunCommand()
#41 /home/debian/VivaBioApp/vendor/symfony/console/Application.php(194): Symfony\\Component\\Console\\Application->doRun()
#42 /home/debian/VivaBioApp/vendor/laravel/framework/src/Illuminate/Foundation/Console/Kernel.php(197): Symfony\\Component\\Console\\Application->run()
#43 /home/debian/VivaBioApp/vendor/laravel/framework/src/Illuminate/Foundation/Application.php(1235): Illuminate\\Foundation\\Console\\Kernel->handle()
#44 /home/debian/VivaBioApp/artisan(16): Illuminate\\Foundation\\Application->handleCommand()
#45 {main}

[previous exception] [object] (PDOException(code: 42000): SQLSTATE[42000]: Syntax error or access violation: 1103 Incorrect table name '' at /home/debian/VivaBioApp/vendor/laravel/framework/src/Illuminate/Database/Connection.php:570)
[stacktrace]
#0 /home/debian/VivaBioApp/vendor/laravel/framework/src/Illuminate/Database/Connection.php(570): PDOStatement->execute()
#1 /home/debian/VivaBioApp/vendor/laravel/framework/src/Illuminate/Database/Connection.php(811): Illuminate\\Database\\Connection->Illuminate\\Database\\{closure}()
#2 /home/debian/VivaBioApp/vendor/laravel/framework/src/Illuminate/Database/Connection.php(778): Illuminate\\Database\\Connection->runQueryCallback()
#3 /home/debian/VivaBioApp/vendor/laravel/framework/src/Illuminate/Database/Connection.php(559): Illuminate\\Database\\Connection->run()
#4 /home/debian/VivaBioApp/vendor/laravel/framework/src/Illuminate/Database/Schema/Blueprint.php(121): Illuminate\\Database\\Connection->statement()
#5 /home/debian/VivaBioApp/vendor/laravel/framework/src/Illuminate/Database/Schema/Builder.php(618): Illuminate\\Database\\Schema\\Blueprint->build()
#6 /home/debian/VivaBioApp/vendor/laravel/framework/src/Illuminate/Database/Schema/Builder.php(472): Illuminate\\Database\\Schema\\Builder->build()
#7 /home/debian/VivaBioApp/vendor/laravel/framework/src/Illuminate/Support/Facades/Facade.php(363): Illuminate\\Database\\Schema\\Builder->create()
#8 /home/debian/VivaBioApp/database/migrations/2025_10_31_161249_create_commande_fournisseurs_table.php(14): Illuminate\\Support\\Facades\\Facade::__callStatic()
#9 /home/debian/VivaBioApp/vendor/laravel/framework/src/Illuminate/Database/Migrations/Migrator.php(514): Illuminate\\Database\\Migrations\\Migration@anonymous->up()
#10 /home/debian/VivaBioApp/vendor/laravel/framework/src/Illuminate/Database/Migrations/Migrator.php(439): Illuminate\\Database\\Migrations\\Migrator->runMethod()
#11 /home/debian/VivaBioApp/vendor/laravel/framework/src/Illuminate/Database/Migrations/Migrator.php(448): Illuminate\\Database\\Migrations\\Migrator->Illuminate\\Database\\Migrations\\{closure}()
#12 /home/debian/VivaBioApp/vendor/laravel/framework/src/Illuminate/Database/Migrations/Migrator.php(250): Illuminate\\Database\\Migrations\\Migrator->runMigration()
#13 /home/debian/VivaBioApp/vendor/laravel/framework/src/Illuminate/Console/View/Components/Task.php(41): Illuminate\\Database\\Migrations\\Migrator->Illuminate\\Database\\Migrations\\{closure}()
#14 /home/debian/VivaBioApp/vendor/laravel/framework/src/Illuminate/Database/Migrations/Migrator.php(809): Illuminate\\Console\\View\\Components\\Task->render()
#15 /home/debian/VivaBioApp/vendor/laravel/framework/src/Illuminate/Database/Migrations/Migrator.php(250): Illuminate\\Database\\Migrations\\Migrator->write()
#16 /home/debian/VivaBioApp/vendor/laravel/framework/src/Illuminate/Database/Migrations/Migrator.php(210): Illuminate\\Database\\Migrations\\Migrator->runUp()
#17 /home/debian/VivaBioApp/vendor/laravel/framework/src/Illuminate/Database/Migrations/Migrator.php(137): Illuminate\\Database\\Migrations\\Migrator->runPending()
#18 /home/debian/VivaBioApp/vendor/laravel/framework/src/Illuminate/Database/Console/Migrations/MigrateCommand.php(116): Illuminate\\Database\\Migrations\\Migrator->run()
#19 /home/debian/VivaBioApp/vendor/laravel/framework/src/Illuminate/Database/Migrations/Migrator.php(666): Illuminate\\Database\\Console\\Migrations\\MigrateCommand->Illuminate\\Database\\Console\\Migrations\\{closure}()
#20 /home/debian/VivaBioApp/vendor/laravel/framework/src/Illuminate/Database/Console/Migrations/MigrateCommand.php(109): Illuminate\\Database\\Migrations\\Migrator->usingConnection()
#21 /home/debian/VivaBioApp/vendor/laravel/framework/src/Illuminate/Database/Console/Migrations/MigrateCommand.php(88): Illuminate\\Database\\Console\\Migrations\\MigrateCommand->runMigrations()
#22 /home/debian/VivaBioApp/vendor/laravel/framework/src/Illuminate/Container/BoundMethod.php(36): Illuminate\\Database\\Console\\Migrations\\MigrateCommand->handle()
#23 /home/debian/VivaBioApp/vendor/laravel/framework/src/Illuminate/Container/Util.php(43): Illuminate\\Container\\BoundMethod::Illuminate\\Container\\{closure}()
#24 /home/debian/VivaBioApp/vendor/laravel/framework/src/Illuminate/Container/BoundMethod.php(96): Illuminate\\Container\\Util::unwrapIfClosure()
#25 /home/debian/VivaBioApp/vendor/laravel/framework/src/Illuminate/Container/BoundMethod.php(35): Illuminate\\Container\\BoundMethod::callBoundMethod()
#26 /home/debian/VivaBioApp/vendor/laravel/framework/src/Illuminate/Container/Container.php(836): Illuminate\\Container\\BoundMethod::call()
#27 /home/debian/VivaBioApp/vendor/laravel/framework/src/Illuminate/Console/Command.php(211): Illuminate\\Container\\Container->call()
#28 /home/debian/VivaBioApp/vendor/symfony/console/Command/Command.php(318): Illuminate\\Console\\Command->execute()
#29 /home/debian/VivaBioApp/vendor/laravel/framework/src/Illuminate/Console/Command.php(180): Symfony\\Component\\Console\\Command\\Command->run()
#30 /home/debian/VivaBioApp/vendor/laravel/framework/src/Illuminate/Console/Concerns/CallsCommands.php(68): Illuminate\\Console\\Command->run()
#31 /home/debian/VivaBioApp/vendor/laravel/framework/src/Illuminate/Console/Concerns/CallsCommands.php(29): Illuminate\\Console\\Command->runCommand()
#32 /home/debian/VivaBioApp/vendor/laravel/framework/src/Illuminate/Database/Console/Migrations/FreshCommand.php(81): Illuminate\\Console\\Command->call()
#33 /home/debian/VivaBioApp/vendor/laravel/framework/src/Illuminate/Container/BoundMethod.php(36): Illuminate\\Database\\Console\\Migrations\\FreshCommand->handle()
#34 /home/debian/VivaBioApp/vendor/laravel/framework/src/Illuminate/Container/Util.php(43): Illuminate\\Container\\BoundMethod::Illuminate\\Container\\{closure}()
#35 /home/debian/VivaBioApp/vendor/laravel/framework/src/Illuminate/Container/BoundMethod.php(96): Illuminate\\Container\\Util::unwrapIfClosure()
#36 /home/debian/VivaBioApp/vendor/laravel/framework/src/Illuminate/Container/BoundMethod.php(35): Illuminate\\Container\\BoundMethod::callBoundMethod()
#37 /home/debian/VivaBioApp/vendor/laravel/framework/src/Illuminate/Container/Container.php(836): Illuminate\\Container\\BoundMethod::call()
#38 /home/debian/VivaBioApp/vendor/laravel/framework/src/Illuminate/Console/Command.php(211): Illuminate\\Container\\Container->call()
#39 /home/debian/VivaBioApp/vendor/symfony/console/Command/Command.php(318): Illuminate\\Console\\Command->execute()
#40 /home/debian/VivaBioApp/vendor/laravel/framework/src/Illuminate/Console/Command.php(180): Symfony\\Component\\Console\\Command\\Command->run()
#41 /home/debian/VivaBioApp/vendor/symfony/console/Application.php(1110): Illuminate\\Console\\Command->run()
#42 /home/debian/VivaBioApp/vendor/symfony/console/Application.php(359): Symfony\\Component\\Console\\Application->doRunCommand()
#43 /home/debian/VivaBioApp/vendor/symfony/console/Application.php(194): Symfony\\Component\\Console\\Application->doRun()
#44 /home/debian/VivaBioApp/vendor/laravel/framework/src/Illuminate/Foundation/Console/Kernel.php(197): Symfony\\Component\\Console\\Application->run()
#45 /home/debian/VivaBioApp/vendor/laravel/framework/src/Illuminate/Foundation/Application.php(1235): Illuminate\\Foundation\\Console\\Kernel->handle()
#46 /home/debian/VivaBioApp/artisan(16): Illuminate\\Foundation\\Application->handleCommand()
#47 {main}
"} 
[2025-10-31 17:56:02] local.ERROR: SQLSTATE[HY000]: General error: 1005 Can't create table `VivaDB`.`commande_fournisseurs` (errno: 150 "Foreign key constraint is incorrectly formed") (Connection: mysql, SQL: alter table `commande_fournisseurs` add constraint `commande_fournisseurs_id_fournisseur_foreign` foreign key (`id_fournisseur`) references `fournisseurs` (`id`)) {"exception":"[object] (Illuminate\\Database\\QueryException(code: HY000): SQLSTATE[HY000]: General error: 1005 Can't create table `VivaDB`.`commande_fournisseurs` (errno: 150 \"Foreign key constraint is incorrectly formed\") (Connection: mysql, SQL: alter table `commande_fournisseurs` add constraint `commande_fournisseurs_id_fournisseur_foreign` foreign key (`id_fournisseur`) references `fournisseurs` (`id`)) at /home/debian/VivaBioApp/vendor/laravel/framework/src/Illuminate/Database/Connection.php:824)
[stacktrace]
#0 /home/debian/VivaBioApp/vendor/laravel/framework/src/Illuminate/Database/Connection.php(778): Illuminate\\Database\\Connection->runQueryCallback()
#1 /home/debian/VivaBioApp/vendor/laravel/framework/src/Illuminate/Database/Connection.php(559): Illuminate\\Database\\Connection->run()
#2 /home/debian/VivaBioApp/vendor/laravel/framework/src/Illuminate/Database/Schema/Blueprint.php(121): Illuminate\\Database\\Connection->statement()
#3 /home/debian/VivaBioApp/vendor/laravel/framework/src/Illuminate/Database/Schema/Builder.php(618): Illuminate\\Database\\Schema\\Blueprint->build()
#4 /home/debian/VivaBioApp/vendor/laravel/framework/src/Illuminate/Database/Schema/Builder.php(472): Illuminate\\Database\\Schema\\Builder->build()
#5 /home/debian/VivaBioApp/vendor/laravel/framework/src/Illuminate/Support/Facades/Facade.php(363): Illuminate\\Database\\Schema\\Builder->create()
#6 /home/debian/VivaBioApp/database/migrations/2025_10_31_161249_create_commande_fournisseurs_table.php(14): Illuminate\\Support\\Facades\\Facade::__callStatic()
#7 /home/debian/VivaBioApp/vendor/laravel/framework/src/Illuminate/Database/Migrations/Migrator.php(514): Illuminate\\Database\\Migrations\\Migration@anonymous->up()
#8 /home/debian/VivaBioApp/vendor/laravel/framework/src/Illuminate/Database/Migrations/Migrator.php(439): Illuminate\\Database\\Migrations\\Migrator->runMethod()
#9 /home/debian/VivaBioApp/vendor/laravel/framework/src/Illuminate/Database/Migrations/Migrator.php(448): Illuminate\\Database\\Migrations\\Migrator->Illuminate\\Database\\Migrations\\{closure}()
#10 /home/debian/VivaBioApp/vendor/laravel/framework/src/Illuminate/Database/Migrations/Migrator.php(250): Illuminate\\Database\\Migrations\\Migrator->runMigration()
#11 /home/debian/VivaBioApp/vendor/laravel/framework/src/Illuminate/Console/View/Components/Task.php(41): Illuminate\\Database\\Migrations\\Migrator->Illuminate\\Database\\Migrations\\{closure}()
#12 /home/debian/VivaBioApp/vendor/laravel/framework/src/Illuminate/Database/Migrations/Migrator.php(809): Illuminate\\Console\\View\\Components\\Task->render()
#13 /home/debian/VivaBioApp/vendor/laravel/framework/src/Illuminate/Database/Migrations/Migrator.php(250): Illuminate\\Database\\Migrations\\Migrator->write()
#14 /home/debian/VivaBioApp/vendor/laravel/framework/src/Illuminate/Database/Migrations/Migrator.php(210): Illuminate\\Database\\Migrations\\Migrator->runUp()
#15 /home/debian/VivaBioApp/vendor/laravel/framework/src/Illuminate/Database/Migrations/Migrator.php(137): Illuminate\\Database\\Migrations\\Migrator->runPending()
#16 /home/debian/VivaBioApp/vendor/laravel/framework/src/Illuminate/Database/Console/Migrations/MigrateCommand.php(116): Illuminate\\Database\\Migrations\\Migrator->run()
#17 /home/debian/VivaBioApp/vendor/laravel/framework/src/Illuminate/Database/Migrations/Migrator.php(666): Illuminate\\Database\\Console\\Migrations\\MigrateCommand->Illuminate\\Database\\Console\\Migrations\\{closure}()
#18 /home/debian/VivaBioApp/vendor/laravel/framework/src/Illuminate/Database/Console/Migrations/MigrateCommand.php(109): Illuminate\\Database\\Migrations\\Migrator->usingConnection()
#19 /home/debian/VivaBioApp/vendor/laravel/framework/src/Illuminate/Database/Console/Migrations/MigrateCommand.php(88): Illuminate\\Database\\Console\\Migrations\\MigrateCommand->runMigrations()
#20 /home/debian/VivaBioApp/vendor/laravel/framework/src/Illuminate/Container/BoundMethod.php(36): Illuminate\\Database\\Console\\Migrations\\MigrateCommand->handle()
#21 /home/debian/VivaBioApp/vendor/laravel/framework/src/Illuminate/Container/Util.php(43): Illuminate\\Container\\BoundMethod::Illuminate\\Container\\{closure}()
#22 /home/debian/VivaBioApp/vendor/laravel/framework/src/Illuminate/Container/BoundMethod.php(96): Illuminate\\Container\\Util::unwrapIfClosure()
#23 /home/debian/VivaBioApp/vendor/laravel/framework/src/Illuminate/Container/BoundMethod.php(35): Illuminate\\Container\\BoundMethod::callBoundMethod()
#24 /home/debian/VivaBioApp/vendor/laravel/framework/src/Illuminate/Container/Container.php(836): Illuminate\\Container\\BoundMethod::call()
#25 /home/debian/VivaBioApp/vendor/laravel/framework/src/Illuminate/Console/Command.php(211): Illuminate\\Container\\Container->call()
#26 /home/debian/VivaBioApp/vendor/symfony/console/Command/Command.php(318): Illuminate\\Console\\Command->execute()
#27 /home/debian/VivaBioApp/vendor/laravel/framework/src/Illuminate/Console/Command.php(180): Symfony\\Component\\Console\\Command\\Command->run()
#28 /home/debian/VivaBioApp/vendor/laravel/framework/src/Illuminate/Console/Concerns/CallsCommands.php(68): Illuminate\\Console\\Command->run()
#29 /home/debian/VivaBioApp/vendor/laravel/framework/src/Illuminate/Console/Concerns/CallsCommands.php(29): Illuminate\\Console\\Command->runCommand()
#30 /home/debian/VivaBioApp/vendor/laravel/framework/src/Illuminate/Database/Console/Migrations/FreshCommand.php(81): Illuminate\\Console\\Command->call()
#31 /home/debian/VivaBioApp/vendor/laravel/framework/src/Illuminate/Container/BoundMethod.php(36): Illuminate\\Database\\Console\\Migrations\\FreshCommand->handle()
#32 /home/debian/VivaBioApp/vendor/laravel/framework/src/Illuminate/Container/Util.php(43): Illuminate\\Container\\BoundMethod::Illuminate\\Container\\{closure}()
#33 /home/debian/VivaBioApp/vendor/laravel/framework/src/Illuminate/Container/BoundMethod.php(96): Illuminate\\Container\\Util::unwrapIfClosure()
#34 /home/debian/VivaBioApp/vendor/laravel/framework/src/Illuminate/Container/BoundMethod.php(35): Illuminate\\Container\\BoundMethod::callBoundMethod()
#35 /home/debian/VivaBioApp/vendor/laravel/framework/src/Illuminate/Container/Container.php(836): Illuminate\\Container\\BoundMethod::call()
#36 /home/debian/VivaBioApp/vendor/laravel/framework/src/Illuminate/Console/Command.php(211): Illuminate\\Container\\Container->call()
#37 /home/debian/VivaBioApp/vendor/symfony/console/Command/Command.php(318): Illuminate\\Console\\Command->execute()
#38 /home/debian/VivaBioApp/vendor/laravel/framework/src/Illuminate/Console/Command.php(180): Symfony\\Component\\Console\\Command\\Command->run()
#39 /home/debian/VivaBioApp/vendor/symfony/console/Application.php(1110): Illuminate\\Console\\Command->run()
#40 /home/debian/VivaBioApp/vendor/symfony/console/Application.php(359): Symfony\\Component\\Console\\Application->doRunCommand()
#41 /home/debian/VivaBioApp/vendor/symfony/console/Application.php(194): Symfony\\Component\\Console\\Application->doRun()
#42 /home/debian/VivaBioApp/vendor/laravel/framework/src/Illuminate/Foundation/Console/Kernel.php(197): Symfony\\Component\\Console\\Application->run()
#43 /home/debian/VivaBioApp/vendor/laravel/framework/src/Illuminate/Foundation/Application.php(1235): Illuminate\\Foundation\\Console\\Kernel->handle()
#44 /home/debian/VivaBioApp/artisan(16): Illuminate\\Foundation\\Application->handleCommand()
#45 {main}

[previous exception] [object] (PDOException(code: HY000): SQLSTATE[HY000]: General error: 1005 Can't create table `VivaDB`.`commande_fournisseurs` (errno: 150 \"Foreign key constraint is incorrectly formed\") at /home/debian/VivaBioApp/vendor/laravel/framework/src/Illuminate/Database/Connection.php:570)
[stacktrace]
#0 /home/debian/VivaBioApp/vendor/laravel/framework/src/Illuminate/Database/Connection.php(570): PDOStatement->execute()
#1 /home/debian/VivaBioApp/vendor/laravel/framework/src/Illuminate/Database/Connection.php(811): Illuminate\\Database\\Connection->Illuminate\\Database\\{closure}()
#2 /home/debian/VivaBioApp/vendor/laravel/framework/src/Illuminate/Database/Connection.php(778): Illuminate\\Database\\Connection->runQueryCallback()
#3 /home/debian/VivaBioApp/vendor/laravel/framework/src/Illuminate/Database/Connection.php(559): Illuminate\\Database\\Connection->run()
#4 /home/debian/VivaBioApp/vendor/laravel/framework/src/Illuminate/Database/Schema/Blueprint.php(121): Illuminate\\Database\\Connection->statement()
#5 /home/debian/VivaBioApp/vendor/laravel/framework/src/Illuminate/Database/Schema/Builder.php(618): Illuminate\\Database\\Schema\\Blueprint->build()
#6 /home/debian/VivaBioApp/vendor/laravel/framework/src/Illuminate/Database/Schema/Builder.php(472): Illuminate\\Database\\Schema\\Builder->build()
#7 /home/debian/VivaBioApp/vendor/laravel/framework/src/Illuminate/Support/Facades/Facade.php(363): Illuminate\\Database\\Schema\\Builder->create()
#8 /home/debian/VivaBioApp/database/migrations/2025_10_31_161249_create_commande_fournisseurs_table.php(14): Illuminate\\Support\\Facades\\Facade::__callStatic()
#9 /home/debian/VivaBioApp/vendor/laravel/framework/src/Illuminate/Database/Migrations/Migrator.php(514): Illuminate\\Database\\Migrations\\Migration@anonymous->up()
#10 /home/debian/VivaBioApp/vendor/laravel/framework/src/Illuminate/Database/Migrations/Migrator.php(439): Illuminate\\Database\\Migrations\\Migrator->runMethod()
#11 /home/debian/VivaBioApp/vendor/laravel/framework/src/Illuminate/Database/Migrations/Migrator.php(448): Illuminate\\Database\\Migrations\\Migrator->Illuminate\\Database\\Migrations\\{closure}()
#12 /home/debian/VivaBioApp/vendor/laravel/framework/src/Illuminate/Database/Migrations/Migrator.php(250): Illuminate\\Database\\Migrations\\Migrator->runMigration()
#13 /home/debian/VivaBioApp/vendor/laravel/framework/src/Illuminate/Console/View/Components/Task.php(41): Illuminate\\Database\\Migrations\\Migrator->Illuminate\\Database\\Migrations\\{closure}()
#14 /home/debian/VivaBioApp/vendor/laravel/framework/src/Illuminate/Database/Migrations/Migrator.php(809): Illuminate\\Console\\View\\Components\\Task->render()
#15 /home/debian/VivaBioApp/vendor/laravel/framework/src/Illuminate/Database/Migrations/Migrator.php(250): Illuminate\\Database\\Migrations\\Migrator->write()
#16 /home/debian/VivaBioApp/vendor/laravel/framework/src/Illuminate/Database/Migrations/Migrator.php(210): Illuminate\\Database\\Migrations\\Migrator->runUp()
#17 /home/debian/VivaBioApp/vendor/laravel/framework/src/Illuminate/Database/Migrations/Migrator.php(137): Illuminate\\Database\\Migrations\\Migrator->runPending()
#18 /home/debian/VivaBioApp/vendor/laravel/framework/src/Illuminate/Database/Console/Migrations/MigrateCommand.php(116): Illuminate\\Database\\Migrations\\Migrator->run()
#19 /home/debian/VivaBioApp/vendor/laravel/framework/src/Illuminate/Database/Migrations/Migrator.php(666): Illuminate\\Database\\Console\\Migrations\\MigrateCommand->Illuminate\\Database\\Console\\Migrations\\{closure}()
#20 /home/debian/VivaBioApp/vendor/laravel/framework/src/Illuminate/Database/Console/Migrations/MigrateCommand.php(109): Illuminate\\Database\\Migrations\\Migrator->usingConnection()
#21 /home/debian/VivaBioApp/vendor/laravel/framework/src/Illuminate/Database/Console/Migrations/MigrateCommand.php(88): Illuminate\\Database\\Console\\Migrations\\MigrateCommand->runMigrations()
#22 /home/debian/VivaBioApp/vendor/laravel/framework/src/Illuminate/Container/BoundMethod.php(36): Illuminate\\Database\\Console\\Migrations\\MigrateCommand->handle()
#23 /home/debian/VivaBioApp/vendor/laravel/framework/src/Illuminate/Container/Util.php(43): Illuminate\\Container\\BoundMethod::Illuminate\\Container\\{closure}()
#24 /home/debian/VivaBioApp/vendor/laravel/framework/src/Illuminate/Container/BoundMethod.php(96): Illuminate\\Container\\Util::unwrapIfClosure()
#25 /home/debian/VivaBioApp/vendor/laravel/framework/src/Illuminate/Container/BoundMethod.php(35): Illuminate\\Container\\BoundMethod::callBoundMethod()
#26 /home/debian/VivaBioApp/vendor/laravel/framework/src/Illuminate/Container/Container.php(836): Illuminate\\Container\\BoundMethod::call()
#27 /home/debian/VivaBioApp/vendor/laravel/framework/src/Illuminate/Console/Command.php(211): Illuminate\\Container\\Container->call()
#28 /home/debian/VivaBioApp/vendor/symfony/console/Command/Command.php(318): Illuminate\\Console\\Command->execute()
#29 /home/debian/VivaBioApp/vendor/laravel/framework/src/Illuminate/Console/Command.php(180): Symfony\\Component\\Console\\Command\\Command->run()
#30 /home/debian/VivaBioApp/vendor/laravel/framework/src/Illuminate/Console/Concerns/CallsCommands.php(68): Illuminate\\Console\\Command->run()
#31 /home/debian/VivaBioApp/vendor/laravel/framework/src/Illuminate/Console/Concerns/CallsCommands.php(29): Illuminate\\Console\\Command->runCommand()
#32 /home/debian/VivaBioApp/vendor/laravel/framework/src/Illuminate/Database/Console/Migrations/FreshCommand.php(81): Illuminate\\Console\\Command->call()
#33 /home/debian/VivaBioApp/vendor/laravel/framework/src/Illuminate/Container/BoundMethod.php(36): Illuminate\\Database\\Console\\Migrations\\FreshCommand->handle()
#34 /home/debian/VivaBioApp/vendor/laravel/framework/src/Illuminate/Container/Util.php(43): Illuminate\\Container\\BoundMethod::Illuminate\\Container\\{closure}()
#35 /home/debian/VivaBioApp/vendor/laravel/framework/src/Illuminate/Container/BoundMethod.php(96): Illuminate\\Container\\Util::unwrapIfClosure()
#36 /home/debian/VivaBioApp/vendor/laravel/framework/src/Illuminate/Container/BoundMethod.php(35): Illuminate\\Container\\BoundMethod::callBoundMethod()
#37 /home/debian/VivaBioApp/vendor/laravel/framework/src/Illuminate/Container/Container.php(836): Illuminate\\Container\\BoundMethod::call()
#38 /home/debian/VivaBioApp/vendor/laravel/framework/src/Illuminate/Console/Command.php(211): Illuminate\\Container\\Container->call()
#39 /home/debian/VivaBioApp/vendor/symfony/console/Command/Command.php(318): Illuminate\\Console\\Command->execute()
#40 /home/debian/VivaBioApp/vendor/laravel/framework/src/Illuminate/Console/Command.php(180): Symfony\\Component\\Console\\Command\\Command->run()
#41 /home/debian/VivaBioApp/vendor/symfony/console/Application.php(1110): Illuminate\\Console\\Command->run()
#42 /home/debian/VivaBioApp/vendor/symfony/console/Application.php(359): Symfony\\Component\\Console\\Application->doRunCommand()
#43 /home/debian/VivaBioApp/vendor/symfony/console/Application.php(194): Symfony\\Component\\Console\\Application->doRun()
#44 /home/debian/VivaBioApp/vendor/laravel/framework/src/Illuminate/Foundation/Console/Kernel.php(197): Symfony\\Component\\Console\\Application->run()
#45 /home/debian/VivaBioApp/vendor/laravel/framework/src/Illuminate/Foundation/Application.php(1235): Illuminate\\Foundation\\Console\\Kernel->handle()
#46 /home/debian/VivaBioApp/artisan(16): Illuminate\\Foundation\\Application->handleCommand()
#47 {main}
"} 
[2025-10-31 17:58:46] local.ERROR: SQLSTATE[HY000]: General error: 1005 Can't create table `VivaDB`.`commande_fournisseurs` (errno: 150 "Foreign key constraint is incorrectly formed") (Connection: mysql, SQL: alter table `commande_fournisseurs` add constraint `commande_fournisseurs_fournisseur_id_foreign` foreign key (`fournisseur_id`) references `fournisseurs` (`id`)) {"exception":"[object] (Illuminate\\Database\\QueryException(code: HY000): SQLSTATE[HY000]: General error: 1005 Can't create table `VivaDB`.`commande_fournisseurs` (errno: 150 \"Foreign key constraint is incorrectly formed\") (Connection: mysql, SQL: alter table `commande_fournisseurs` add constraint `commande_fournisseurs_fournisseur_id_foreign` foreign key (`fournisseur_id`) references `fournisseurs` (`id`)) at /home/debian/VivaBioApp/vendor/laravel/framework/src/Illuminate/Database/Connection.php:824)
[stacktrace]
#0 /home/debian/VivaBioApp/vendor/laravel/framework/src/Illuminate/Database/Connection.php(778): Illuminate\\Database\\Connection->runQueryCallback()
#1 /home/debian/VivaBioApp/vendor/laravel/framework/src/Illuminate/Database/Connection.php(559): Illuminate\\Database\\Connection->run()
#2 /home/debian/VivaBioApp/vendor/laravel/framework/src/Illuminate/Database/Schema/Blueprint.php(121): Illuminate\\Database\\Connection->statement()
#3 /home/debian/VivaBioApp/vendor/laravel/framework/src/Illuminate/Database/Schema/Builder.php(618): Illuminate\\Database\\Schema\\Blueprint->build()
#4 /home/debian/VivaBioApp/vendor/laravel/framework/src/Illuminate/Database/Schema/Builder.php(472): Illuminate\\Database\\Schema\\Builder->build()
#5 /home/debian/VivaBioApp/vendor/laravel/framework/src/Illuminate/Support/Facades/Facade.php(363): Illuminate\\Database\\Schema\\Builder->create()
#6 /home/debian/VivaBioApp/database/migrations/2025_10_31_161249_create_commande_fournisseurs_table.php(14): Illuminate\\Support\\Facades\\Facade::__callStatic()
#7 /home/debian/VivaBioApp/vendor/laravel/framework/src/Illuminate/Database/Migrations/Migrator.php(514): Illuminate\\Database\\Migrations\\Migration@anonymous->up()
#8 /home/debian/VivaBioApp/vendor/laravel/framework/src/Illuminate/Database/Migrations/Migrator.php(439): Illuminate\\Database\\Migrations\\Migrator->runMethod()
#9 /home/debian/VivaBioApp/vendor/laravel/framework/src/Illuminate/Database/Migrations/Migrator.php(448): Illuminate\\Database\\Migrations\\Migrator->Illuminate\\Database\\Migrations\\{closure}()
#10 /home/debian/VivaBioApp/vendor/laravel/framework/src/Illuminate/Database/Migrations/Migrator.php(250): Illuminate\\Database\\Migrations\\Migrator->runMigration()
#11 /home/debian/VivaBioApp/vendor/laravel/framework/src/Illuminate/Console/View/Components/Task.php(41): Illuminate\\Database\\Migrations\\Migrator->Illuminate\\Database\\Migrations\\{closure}()
#12 /home/debian/VivaBioApp/vendor/laravel/framework/src/Illuminate/Database/Migrations/Migrator.php(809): Illuminate\\Console\\View\\Components\\Task->render()
#13 /home/debian/VivaBioApp/vendor/laravel/framework/src/Illuminate/Database/Migrations/Migrator.php(250): Illuminate\\Database\\Migrations\\Migrator->write()
#14 /home/debian/VivaBioApp/vendor/laravel/framework/src/Illuminate/Database/Migrations/Migrator.php(210): Illuminate\\Database\\Migrations\\Migrator->runUp()
#15 /home/debian/VivaBioApp/vendor/laravel/framework/src/Illuminate/Database/Migrations/Migrator.php(137): Illuminate\\Database\\Migrations\\Migrator->runPending()
#16 /home/debian/VivaBioApp/vendor/laravel/framework/src/Illuminate/Database/Console/Migrations/MigrateCommand.php(116): Illuminate\\Database\\Migrations\\Migrator->run()
#17 /home/debian/VivaBioApp/vendor/laravel/framework/src/Illuminate/Database/Migrations/Migrator.php(666): Illuminate\\Database\\Console\\Migrations\\MigrateCommand->Illuminate\\Database\\Console\\Migrations\\{closure}()
#18 /home/debian/VivaBioApp/vendor/laravel/framework/src/Illuminate/Database/Console/Migrations/MigrateCommand.php(109): Illuminate\\Database\\Migrations\\Migrator->usingConnection()
#19 /home/debian/VivaBioApp/vendor/laravel/framework/src/Illuminate/Database/Console/Migrations/MigrateCommand.php(88): Illuminate\\Database\\Console\\Migrations\\MigrateCommand->runMigrations()
#20 /home/debian/VivaBioApp/vendor/laravel/framework/src/Illuminate/Container/BoundMethod.php(36): Illuminate\\Database\\Console\\Migrations\\MigrateCommand->handle()
#21 /home/debian/VivaBioApp/vendor/laravel/framework/src/Illuminate/Container/Util.php(43): Illuminate\\Container\\BoundMethod::Illuminate\\Container\\{closure}()
#22 /home/debian/VivaBioApp/vendor/laravel/framework/src/Illuminate/Container/BoundMethod.php(96): Illuminate\\Container\\Util::unwrapIfClosure()
#23 /home/debian/VivaBioApp/vendor/laravel/framework/src/Illuminate/Container/BoundMethod.php(35): Illuminate\\Container\\BoundMethod::callBoundMethod()
#24 /home/debian/VivaBioApp/vendor/laravel/framework/src/Illuminate/Container/Container.php(836): Illuminate\\Container\\BoundMethod::call()
#25 /home/debian/VivaBioApp/vendor/laravel/framework/src/Illuminate/Console/Command.php(211): Illuminate\\Container\\Container->call()
#26 /home/debian/VivaBioApp/vendor/symfony/console/Command/Command.php(318): Illuminate\\Console\\Command->execute()
#27 /home/debian/VivaBioApp/vendor/laravel/framework/src/Illuminate/Console/Command.php(180): Symfony\\Component\\Console\\Command\\Command->run()
#28 /home/debian/VivaBioApp/vendor/laravel/framework/src/Illuminate/Console/Concerns/CallsCommands.php(68): Illuminate\\Console\\Command->run()
#29 /home/debian/VivaBioApp/vendor/laravel/framework/src/Illuminate/Console/Concerns/CallsCommands.php(29): Illuminate\\Console\\Command->runCommand()
#30 /home/debian/VivaBioApp/vendor/laravel/framework/src/Illuminate/Database/Console/Migrations/FreshCommand.php(81): Illuminate\\Console\\Command->call()
#31 /home/debian/VivaBioApp/vendor/laravel/framework/src/Illuminate/Container/BoundMethod.php(36): Illuminate\\Database\\Console\\Migrations\\FreshCommand->handle()
#32 /home/debian/VivaBioApp/vendor/laravel/framework/src/Illuminate/Container/Util.php(43): Illuminate\\Container\\BoundMethod::Illuminate\\Container\\{closure}()
#33 /home/debian/VivaBioApp/vendor/laravel/framework/src/Illuminate/Container/BoundMethod.php(96): Illuminate\\Container\\Util::unwrapIfClosure()
#34 /home/debian/VivaBioApp/vendor/laravel/framework/src/Illuminate/Container/BoundMethod.php(35): Illuminate\\Container\\BoundMethod::callBoundMethod()
#35 /home/debian/VivaBioApp/vendor/laravel/framework/src/Illuminate/Container/Container.php(836): Illuminate\\Container\\BoundMethod::call()
#36 /home/debian/VivaBioApp/vendor/laravel/framework/src/Illuminate/Console/Command.php(211): Illuminate\\Container\\Container->call()
#37 /home/debian/VivaBioApp/vendor/symfony/console/Command/Command.php(318): Illuminate\\Console\\Command->execute()
#38 /home/debian/VivaBioApp/vendor/laravel/framework/src/Illuminate/Console/Command.php(180): Symfony\\Component\\Console\\Command\\Command->run()
#39 /home/debian/VivaBioApp/vendor/symfony/console/Application.php(1110): Illuminate\\Console\\Command->run()
#40 /home/debian/VivaBioApp/vendor/symfony/console/Application.php(359): Symfony\\Component\\Console\\Application->doRunCommand()
#41 /home/debian/VivaBioApp/vendor/symfony/console/Application.php(194): Symfony\\Component\\Console\\Application->doRun()
#42 /home/debian/VivaBioApp/vendor/laravel/framework/src/Illuminate/Foundation/Console/Kernel.php(197): Symfony\\Component\\Console\\Application->run()
#43 /home/debian/VivaBioApp/vendor/laravel/framework/src/Illuminate/Foundation/Application.php(1235): Illuminate\\Foundation\\Console\\Kernel->handle()
#44 /home/debian/VivaBioApp/artisan(16): Illuminate\\Foundation\\Application->handleCommand()
#45 {main}

[previous exception] [object] (PDOException(code: HY000): SQLSTATE[HY000]: General error: 1005 Can't create table `VivaDB`.`commande_fournisseurs` (errno: 150 \"Foreign key constraint is incorrectly formed\") at /home/debian/VivaBioApp/vendor/laravel/framework/src/Illuminate/Database/Connection.php:570)
[stacktrace]
#0 /home/debian/VivaBioApp/vendor/laravel/framework/src/Illuminate/Database/Connection.php(570): PDOStatement->execute()
#1 /home/debian/VivaBioApp/vendor/laravel/framework/src/Illuminate/Database/Connection.php(811): Illuminate\\Database\\Connection->Illuminate\\Database\\{closure}()
#2 /home/debian/VivaBioApp/vendor/laravel/framework/src/Illuminate/Database/Connection.php(778): Illuminate\\Database\\Connection->runQueryCallback()
#3 /home/debian/VivaBioApp/vendor/laravel/framework/src/Illuminate/Database/Connection.php(559): Illuminate\\Database\\Connection->run()
#4 /home/debian/VivaBioApp/vendor/laravel/framework/src/Illuminate/Database/Schema/Blueprint.php(121): Illuminate\\Database\\Connection->statement()
#5 /home/debian/VivaBioApp/vendor/laravel/framework/src/Illuminate/Database/Schema/Builder.php(618): Illuminate\\Database\\Schema\\Blueprint->build()
#6 /home/debian/VivaBioApp/vendor/laravel/framework/src/Illuminate/Database/Schema/Builder.php(472): Illuminate\\Database\\Schema\\Builder->build()
#7 /home/debian/VivaBioApp/vendor/laravel/framework/src/Illuminate/Support/Facades/Facade.php(363): Illuminate\\Database\\Schema\\Builder->create()
#8 /home/debian/VivaBioApp/database/migrations/2025_10_31_161249_create_commande_fournisseurs_table.php(14): Illuminate\\Support\\Facades\\Facade::__callStatic()
#9 /home/debian/VivaBioApp/vendor/laravel/framework/src/Illuminate/Database/Migrations/Migrator.php(514): Illuminate\\Database\\Migrations\\Migration@anonymous->up()
#10 /home/debian/VivaBioApp/vendor/laravel/framework/src/Illuminate/Database/Migrations/Migrator.php(439): Illuminate\\Database\\Migrations\\Migrator->runMethod()
#11 /home/debian/VivaBioApp/vendor/laravel/framework/src/Illuminate/Database/Migrations/Migrator.php(448): Illuminate\\Database\\Migrations\\Migrator->Illuminate\\Database\\Migrations\\{closure}()
#12 /home/debian/VivaBioApp/vendor/laravel/framework/src/Illuminate/Database/Migrations/Migrator.php(250): Illuminate\\Database\\Migrations\\Migrator->runMigration()
#13 /home/debian/VivaBioApp/vendor/laravel/framework/src/Illuminate/Console/View/Components/Task.php(41): Illuminate\\Database\\Migrations\\Migrator->Illuminate\\Database\\Migrations\\{closure}()
#14 /home/debian/VivaBioApp/vendor/laravel/framework/src/Illuminate/Database/Migrations/Migrator.php(809): Illuminate\\Console\\View\\Components\\Task->render()
#15 /home/debian/VivaBioApp/vendor/laravel/framework/src/Illuminate/Database/Migrations/Migrator.php(250): Illuminate\\Database\\Migrations\\Migrator->write()
#16 /home/debian/VivaBioApp/vendor/laravel/framework/src/Illuminate/Database/Migrations/Migrator.php(210): Illuminate\\Database\\Migrations\\Migrator->runUp()
#17 /home/debian/VivaBioApp/vendor/laravel/framework/src/Illuminate/Database/Migrations/Migrator.php(137): Illuminate\\Database\\Migrations\\Migrator->runPending()
#18 /home/debian/VivaBioApp/vendor/laravel/framework/src/Illuminate/Database/Console/Migrations/MigrateCommand.php(116): Illuminate\\Database\\Migrations\\Migrator->run()
#19 /home/debian/VivaBioApp/vendor/laravel/framework/src/Illuminate/Database/Migrations/Migrator.php(666): Illuminate\\Database\\Console\\Migrations\\MigrateCommand->Illuminate\\Database\\Console\\Migrations\\{closure}()
#20 /home/debian/VivaBioApp/vendor/laravel/framework/src/Illuminate/Database/Console/Migrations/MigrateCommand.php(109): Illuminate\\Database\\Migrations\\Migrator->usingConnection()
#21 /home/debian/VivaBioApp/vendor/laravel/framework/src/Illuminate/Database/Console/Migrations/MigrateCommand.php(88): Illuminate\\Database\\Console\\Migrations\\MigrateCommand->runMigrations()
#22 /home/debian/VivaBioApp/vendor/laravel/framework/src/Illuminate/Container/BoundMethod.php(36): Illuminate\\Database\\Console\\Migrations\\MigrateCommand->handle()
#23 /home/debian/VivaBioApp/vendor/laravel/framework/src/Illuminate/Container/Util.php(43): Illuminate\\Container\\BoundMethod::Illuminate\\Container\\{closure}()
#24 /home/debian/VivaBioApp/vendor/laravel/framework/src/Illuminate/Container/BoundMethod.php(96): Illuminate\\Container\\Util::unwrapIfClosure()
#25 /home/debian/VivaBioApp/vendor/laravel/framework/src/Illuminate/Container/BoundMethod.php(35): Illuminate\\Container\\BoundMethod::callBoundMethod()
#26 /home/debian/VivaBioApp/vendor/laravel/framework/src/Illuminate/Container/Container.php(836): Illuminate\\Container\\BoundMethod::call()
#27 /home/debian/VivaBioApp/vendor/laravel/framework/src/Illuminate/Console/Command.php(211): Illuminate\\Container\\Container->call()
#28 /home/debian/VivaBioApp/vendor/symfony/console/Command/Command.php(318): Illuminate\\Console\\Command->execute()
#29 /home/debian/VivaBioApp/vendor/laravel/framework/src/Illuminate/Console/Command.php(180): Symfony\\Component\\Console\\Command\\Command->run()
#30 /home/debian/VivaBioApp/vendor/laravel/framework/src/Illuminate/Console/Concerns/CallsCommands.php(68): Illuminate\\Console\\Command->run()
#31 /home/debian/VivaBioApp/vendor/laravel/framework/src/Illuminate/Console/Concerns/CallsCommands.php(29): Illuminate\\Console\\Command->runCommand()
#32 /home/debian/VivaBioApp/vendor/laravel/framework/src/Illuminate/Database/Console/Migrations/FreshCommand.php(81): Illuminate\\Console\\Command->call()
#33 /home/debian/VivaBioApp/vendor/laravel/framework/src/Illuminate/Container/BoundMethod.php(36): Illuminate\\Database\\Console\\Migrations\\FreshCommand->handle()
#34 /home/debian/VivaBioApp/vendor/laravel/framework/src/Illuminate/Container/Util.php(43): Illuminate\\Container\\BoundMethod::Illuminate\\Container\\{closure}()
#35 /home/debian/VivaBioApp/vendor/laravel/framework/src/Illuminate/Container/BoundMethod.php(96): Illuminate\\Container\\Util::unwrapIfClosure()
#36 /home/debian/VivaBioApp/vendor/laravel/framework/src/Illuminate/Container/BoundMethod.php(35): Illuminate\\Container\\BoundMethod::callBoundMethod()
#37 /home/debian/VivaBioApp/vendor/laravel/framework/src/Illuminate/Container/Container.php(836): Illuminate\\Container\\BoundMethod::call()
#38 /home/debian/VivaBioApp/vendor/laravel/framework/src/Illuminate/Console/Command.php(211): Illuminate\\Container\\Container->call()
#39 /home/debian/VivaBioApp/vendor/symfony/console/Command/Command.php(318): Illuminate\\Console\\Command->execute()
#40 /home/debian/VivaBioApp/vendor/laravel/framework/src/Illuminate/Console/Command.php(180): Symfony\\Component\\Console\\Command\\Command->run()
#41 /home/debian/VivaBioApp/vendor/symfony/console/Application.php(1110): Illuminate\\Console\\Command->run()
#42 /home/debian/VivaBioApp/vendor/symfony/console/Application.php(359): Symfony\\Component\\Console\\Application->doRunCommand()
#43 /home/debian/VivaBioApp/vendor/symfony/console/Application.php(194): Symfony\\Component\\Console\\Application->doRun()
#44 /home/debian/VivaBioApp/vendor/laravel/framework/src/Illuminate/Foundation/Console/Kernel.php(197): Symfony\\Component\\Console\\Application->run()
#45 /home/debian/VivaBioApp/vendor/laravel/framework/src/Illuminate/Foundation/Application.php(1235): Illuminate\\Foundation\\Console\\Kernel->handle()
#46 /home/debian/VivaBioApp/artisan(16): Illuminate\\Foundation\\Application->handleCommand()
#47 {main}
"} 
[2025-10-31 17:59:49] local.ERROR: SQLSTATE[HY000]: General error: 1005 Can't create table `VivaDB`.`commande_fournisseurs` (errno: 150 "Foreign key constraint is incorrectly formed") (Connection: mysql, SQL: alter table `commande_fournisseurs` add constraint `commande_fournisseurs_id_fournisseur_foreign` foreign key (`id_fournisseur`) references `fournisseurs` (`id`) on delete cascade) {"exception":"[object] (Illuminate\\Database\\QueryException(code: HY000): SQLSTATE[HY000]: General error: 1005 Can't create table `VivaDB`.`commande_fournisseurs` (errno: 150 \"Foreign key constraint is incorrectly formed\") (Connection: mysql, SQL: alter table `commande_fournisseurs` add constraint `commande_fournisseurs_id_fournisseur_foreign` foreign key (`id_fournisseur`) references `fournisseurs` (`id`) on delete cascade) at /home/debian/VivaBioApp/vendor/laravel/framework/src/Illuminate/Database/Connection.php:824)
[stacktrace]
#0 /home/debian/VivaBioApp/vendor/laravel/framework/src/Illuminate/Database/Connection.php(778): Illuminate\\Database\\Connection->runQueryCallback()
#1 /home/debian/VivaBioApp/vendor/laravel/framework/src/Illuminate/Database/Connection.php(559): Illuminate\\Database\\Connection->run()
#2 /home/debian/VivaBioApp/vendor/laravel/framework/src/Illuminate/Database/Schema/Blueprint.php(121): Illuminate\\Database\\Connection->statement()
#3 /home/debian/VivaBioApp/vendor/laravel/framework/src/Illuminate/Database/Schema/Builder.php(618): Illuminate\\Database\\Schema\\Blueprint->build()
#4 /home/debian/VivaBioApp/vendor/laravel/framework/src/Illuminate/Database/Schema/Builder.php(472): Illuminate\\Database\\Schema\\Builder->build()
#5 /home/debian/VivaBioApp/vendor/laravel/framework/src/Illuminate/Support/Facades/Facade.php(363): Illuminate\\Database\\Schema\\Builder->create()
#6 /home/debian/VivaBioApp/database/migrations/2025_10_31_161249_create_commande_fournisseurs_table.php(14): Illuminate\\Support\\Facades\\Facade::__callStatic()
#7 /home/debian/VivaBioApp/vendor/laravel/framework/src/Illuminate/Database/Migrations/Migrator.php(514): Illuminate\\Database\\Migrations\\Migration@anonymous->up()
#8 /home/debian/VivaBioApp/vendor/laravel/framework/src/Illuminate/Database/Migrations/Migrator.php(439): Illuminate\\Database\\Migrations\\Migrator->runMethod()
#9 /home/debian/VivaBioApp/vendor/laravel/framework/src/Illuminate/Database/Migrations/Migrator.php(448): Illuminate\\Database\\Migrations\\Migrator->Illuminate\\Database\\Migrations\\{closure}()
#10 /home/debian/VivaBioApp/vendor/laravel/framework/src/Illuminate/Database/Migrations/Migrator.php(250): Illuminate\\Database\\Migrations\\Migrator->runMigration()
#11 /home/debian/VivaBioApp/vendor/laravel/framework/src/Illuminate/Console/View/Components/Task.php(41): Illuminate\\Database\\Migrations\\Migrator->Illuminate\\Database\\Migrations\\{closure}()
#12 /home/debian/VivaBioApp/vendor/laravel/framework/src/Illuminate/Database/Migrations/Migrator.php(809): Illuminate\\Console\\View\\Components\\Task->render()
#13 /home/debian/VivaBioApp/vendor/laravel/framework/src/Illuminate/Database/Migrations/Migrator.php(250): Illuminate\\Database\\Migrations\\Migrator->write()
#14 /home/debian/VivaBioApp/vendor/laravel/framework/src/Illuminate/Database/Migrations/Migrator.php(210): Illuminate\\Database\\Migrations\\Migrator->runUp()
#15 /home/debian/VivaBioApp/vendor/laravel/framework/src/Illuminate/Database/Migrations/Migrator.php(137): Illuminate\\Database\\Migrations\\Migrator->runPending()
#16 /home/debian/VivaBioApp/vendor/laravel/framework/src/Illuminate/Database/Console/Migrations/MigrateCommand.php(116): Illuminate\\Database\\Migrations\\Migrator->run()
#17 /home/debian/VivaBioApp/vendor/laravel/framework/src/Illuminate/Database/Migrations/Migrator.php(666): Illuminate\\Database\\Console\\Migrations\\MigrateCommand->Illuminate\\Database\\Console\\Migrations\\{closure}()
#18 /home/debian/VivaBioApp/vendor/laravel/framework/src/Illuminate/Database/Console/Migrations/MigrateCommand.php(109): Illuminate\\Database\\Migrations\\Migrator->usingConnection()
#19 /home/debian/VivaBioApp/vendor/laravel/framework/src/Illuminate/Database/Console/Migrations/MigrateCommand.php(88): Illuminate\\Database\\Console\\Migrations\\MigrateCommand->runMigrations()
#20 /home/debian/VivaBioApp/vendor/laravel/framework/src/Illuminate/Container/BoundMethod.php(36): Illuminate\\Database\\Console\\Migrations\\MigrateCommand->handle()
#21 /home/debian/VivaBioApp/vendor/laravel/framework/src/Illuminate/Container/Util.php(43): Illuminate\\Container\\BoundMethod::Illuminate\\Container\\{closure}()
#22 /home/debian/VivaBioApp/vendor/laravel/framework/src/Illuminate/Container/BoundMethod.php(96): Illuminate\\Container\\Util::unwrapIfClosure()
#23 /home/debian/VivaBioApp/vendor/laravel/framework/src/Illuminate/Container/BoundMethod.php(35): Illuminate\\Container\\BoundMethod::callBoundMethod()
#24 /home/debian/VivaBioApp/vendor/laravel/framework/src/Illuminate/Container/Container.php(836): Illuminate\\Container\\BoundMethod::call()
#25 /home/debian/VivaBioApp/vendor/laravel/framework/src/Illuminate/Console/Command.php(211): Illuminate\\Container\\Container->call()
#26 /home/debian/VivaBioApp/vendor/symfony/console/Command/Command.php(318): Illuminate\\Console\\Command->execute()
#27 /home/debian/VivaBioApp/vendor/laravel/framework/src/Illuminate/Console/Command.php(180): Symfony\\Component\\Console\\Command\\Command->run()
#28 /home/debian/VivaBioApp/vendor/laravel/framework/src/Illuminate/Console/Concerns/CallsCommands.php(68): Illuminate\\Console\\Command->run()
#29 /home/debian/VivaBioApp/vendor/laravel/framework/src/Illuminate/Console/Concerns/CallsCommands.php(29): Illuminate\\Console\\Command->runCommand()
#30 /home/debian/VivaBioApp/vendor/laravel/framework/src/Illuminate/Database/Console/Migrations/FreshCommand.php(81): Illuminate\\Console\\Command->call()
#31 /home/debian/VivaBioApp/vendor/laravel/framework/src/Illuminate/Container/BoundMethod.php(36): Illuminate\\Database\\Console\\Migrations\\FreshCommand->handle()
#32 /home/debian/VivaBioApp/vendor/laravel/framework/src/Illuminate/Container/Util.php(43): Illuminate\\Container\\BoundMethod::Illuminate\\Container\\{closure}()
#33 /home/debian/VivaBioApp/vendor/laravel/framework/src/Illuminate/Container/BoundMethod.php(96): Illuminate\\Container\\Util::unwrapIfClosure()
#34 /home/debian/VivaBioApp/vendor/laravel/framework/src/Illuminate/Container/BoundMethod.php(35): Illuminate\\Container\\BoundMethod::callBoundMethod()
#35 /home/debian/VivaBioApp/vendor/laravel/framework/src/Illuminate/Container/Container.php(836): Illuminate\\Container\\BoundMethod::call()
#36 /home/debian/VivaBioApp/vendor/laravel/framework/src/Illuminate/Console/Command.php(211): Illuminate\\Container\\Container->call()
#37 /home/debian/VivaBioApp/vendor/symfony/console/Command/Command.php(318): Illuminate\\Console\\Command->execute()
#38 /home/debian/VivaBioApp/vendor/laravel/framework/src/Illuminate/Console/Command.php(180): Symfony\\Component\\Console\\Command\\Command->run()
#39 /home/debian/VivaBioApp/vendor/symfony/console/Application.php(1110): Illuminate\\Console\\Command->run()
#40 /home/debian/VivaBioApp/vendor/symfony/console/Application.php(359): Symfony\\Component\\Console\\Application->doRunCommand()
#41 /home/debian/VivaBioApp/vendor/symfony/console/Application.php(194): Symfony\\Component\\Console\\Application->doRun()
#42 /home/debian/VivaBioApp/vendor/laravel/framework/src/Illuminate/Foundation/Console/Kernel.php(197): Symfony\\Component\\Console\\Application->run()
#43 /home/debian/VivaBioApp/vendor/laravel/framework/src/Illuminate/Foundation/Application.php(1235): Illuminate\\Foundation\\Console\\Kernel->handle()
#44 /home/debian/VivaBioApp/artisan(16): Illuminate\\Foundation\\Application->handleCommand()
#45 {main}

[previous exception] [object] (PDOException(code: HY000): SQLSTATE[HY000]: General error: 1005 Can't create table `VivaDB`.`commande_fournisseurs` (errno: 150 \"Foreign key constraint is incorrectly formed\") at /home/debian/VivaBioApp/vendor/laravel/framework/src/Illuminate/Database/Connection.php:570)
[stacktrace]
#0 /home/debian/VivaBioApp/vendor/laravel/framework/src/Illuminate/Database/Connection.php(570): PDOStatement->execute()
#1 /home/debian/VivaBioApp/vendor/laravel/framework/src/Illuminate/Database/Connection.php(811): Illuminate\\Database\\Connection->Illuminate\\Database\\{closure}()
#2 /home/debian/VivaBioApp/vendor/laravel/framework/src/Illuminate/Database/Connection.php(778): Illuminate\\Database\\Connection->runQueryCallback()
#3 /home/debian/VivaBioApp/vendor/laravel/framework/src/Illuminate/Database/Connection.php(559): Illuminate\\Database\\Connection->run()
#4 /home/debian/VivaBioApp/vendor/laravel/framework/src/Illuminate/Database/Schema/Blueprint.php(121): Illuminate\\Database\\Connection->statement()
#5 /home/debian/VivaBioApp/vendor/laravel/framework/src/Illuminate/Database/Schema/Builder.php(618): Illuminate\\Database\\Schema\\Blueprint->build()
#6 /home/debian/VivaBioApp/vendor/laravel/framework/src/Illuminate/Database/Schema/Builder.php(472): Illuminate\\Database\\Schema\\Builder->build()
#7 /home/debian/VivaBioApp/vendor/laravel/framework/src/Illuminate/Support/Facades/Facade.php(363): Illuminate\\Database\\Schema\\Builder->create()
#8 /home/debian/VivaBioApp/database/migrations/2025_10_31_161249_create_commande_fournisseurs_table.php(14): Illuminate\\Support\\Facades\\Facade::__callStatic()
#9 /home/debian/VivaBioApp/vendor/laravel/framework/src/Illuminate/Database/Migrations/Migrator.php(514): Illuminate\\Database\\Migrations\\Migration@anonymous->up()
#10 /home/debian/VivaBioApp/vendor/laravel/framework/src/Illuminate/Database/Migrations/Migrator.php(439): Illuminate\\Database\\Migrations\\Migrator->runMethod()
#11 /home/debian/VivaBioApp/vendor/laravel/framework/src/Illuminate/Database/Migrations/Migrator.php(448): Illuminate\\Database\\Migrations\\Migrator->Illuminate\\Database\\Migrations\\{closure}()
#12 /home/debian/VivaBioApp/vendor/laravel/framework/src/Illuminate/Database/Migrations/Migrator.php(250): Illuminate\\Database\\Migrations\\Migrator->runMigration()
#13 /home/debian/VivaBioApp/vendor/laravel/framework/src/Illuminate/Console/View/Components/Task.php(41): Illuminate\\Database\\Migrations\\Migrator->Illuminate\\Database\\Migrations\\{closure}()
#14 /home/debian/VivaBioApp/vendor/laravel/framework/src/Illuminate/Database/Migrations/Migrator.php(809): Illuminate\\Console\\View\\Components\\Task->render()
#15 /home/debian/VivaBioApp/vendor/laravel/framework/src/Illuminate/Database/Migrations/Migrator.php(250): Illuminate\\Database\\Migrations\\Migrator->write()
#16 /home/debian/VivaBioApp/vendor/laravel/framework/src/Illuminate/Database/Migrations/Migrator.php(210): Illuminate\\Database\\Migrations\\Migrator->runUp()
#17 /home/debian/VivaBioApp/vendor/laravel/framework/src/Illuminate/Database/Migrations/Migrator.php(137): Illuminate\\Database\\Migrations\\Migrator->runPending()
#18 /home/debian/VivaBioApp/vendor/laravel/framework/src/Illuminate/Database/Console/Migrations/MigrateCommand.php(116): Illuminate\\Database\\Migrations\\Migrator->run()
#19 /home/debian/VivaBioApp/vendor/laravel/framework/src/Illuminate/Database/Migrations/Migrator.php(666): Illuminate\\Database\\Console\\Migrations\\MigrateCommand->Illuminate\\Database\\Console\\Migrations\\{closure}()
#20 /home/debian/VivaBioApp/vendor/laravel/framework/src/Illuminate/Database/Console/Migrations/MigrateCommand.php(109): Illuminate\\Database\\Migrations\\Migrator->usingConnection()
#21 /home/debian/VivaBioApp/vendor/laravel/framework/src/Illuminate/Database/Console/Migrations/MigrateCommand.php(88): Illuminate\\Database\\Console\\Migrations\\MigrateCommand->runMigrations()
#22 /home/debian/VivaBioApp/vendor/laravel/framework/src/Illuminate/Container/BoundMethod.php(36): Illuminate\\Database\\Console\\Migrations\\MigrateCommand->handle()
#23 /home/debian/VivaBioApp/vendor/laravel/framework/src/Illuminate/Container/Util.php(43): Illuminate\\Container\\BoundMethod::Illuminate\\Container\\{closure}()
#24 /home/debian/VivaBioApp/vendor/laravel/framework/src/Illuminate/Container/BoundMethod.php(96): Illuminate\\Container\\Util::unwrapIfClosure()
#25 /home/debian/VivaBioApp/vendor/laravel/framework/src/Illuminate/Container/BoundMethod.php(35): Illuminate\\Container\\BoundMethod::callBoundMethod()
#26 /home/debian/VivaBioApp/vendor/laravel/framework/src/Illuminate/Container/Container.php(836): Illuminate\\Container\\BoundMethod::call()
#27 /home/debian/VivaBioApp/vendor/laravel/framework/src/Illuminate/Console/Command.php(211): Illuminate\\Container\\Container->call()
#28 /home/debian/VivaBioApp/vendor/symfony/console/Command/Command.php(318): Illuminate\\Console\\Command->execute()
#29 /home/debian/VivaBioApp/vendor/laravel/framework/src/Illuminate/Console/Command.php(180): Symfony\\Component\\Console\\Command\\Command->run()
#30 /home/debian/VivaBioApp/vendor/laravel/framework/src/Illuminate/Console/Concerns/CallsCommands.php(68): Illuminate\\Console\\Command->run()
#31 /home/debian/VivaBioApp/vendor/laravel/framework/src/Illuminate/Console/Concerns/CallsCommands.php(29): Illuminate\\Console\\Command->runCommand()
#32 /home/debian/VivaBioApp/vendor/laravel/framework/src/Illuminate/Database/Console/Migrations/FreshCommand.php(81): Illuminate\\Console\\Command->call()
#33 /home/debian/VivaBioApp/vendor/laravel/framework/src/Illuminate/Container/BoundMethod.php(36): Illuminate\\Database\\Console\\Migrations\\FreshCommand->handle()
#34 /home/debian/VivaBioApp/vendor/laravel/framework/src/Illuminate/Container/Util.php(43): Illuminate\\Container\\BoundMethod::Illuminate\\Container\\{closure}()
#35 /home/debian/VivaBioApp/vendor/laravel/framework/src/Illuminate/Container/BoundMethod.php(96): Illuminate\\Container\\Util::unwrapIfClosure()
#36 /home/debian/VivaBioApp/vendor/laravel/framework/src/Illuminate/Container/BoundMethod.php(35): Illuminate\\Container\\BoundMethod::callBoundMethod()
#37 /home/debian/VivaBioApp/vendor/laravel/framework/src/Illuminate/Container/Container.php(836): Illuminate\\Container\\BoundMethod::call()
#38 /home/debian/VivaBioApp/vendor/laravel/framework/src/Illuminate/Console/Command.php(211): Illuminate\\Container\\Container->call()
#39 /home/debian/VivaBioApp/vendor/symfony/console/Command/Command.php(318): Illuminate\\Console\\Command->execute()
#40 /home/debian/VivaBioApp/vendor/laravel/framework/src/Illuminate/Console/Command.php(180): Symfony\\Component\\Console\\Command\\Command->run()
#41 /home/debian/VivaBioApp/vendor/symfony/console/Application.php(1110): Illuminate\\Console\\Command->run()
#42 /home/debian/VivaBioApp/vendor/symfony/console/Application.php(359): Symfony\\Component\\Console\\Application->doRunCommand()
#43 /home/debian/VivaBioApp/vendor/symfony/console/Application.php(194): Symfony\\Component\\Console\\Application->doRun()
#44 /home/debian/VivaBioApp/vendor/laravel/framework/src/Illuminate/Foundation/Console/Kernel.php(197): Symfony\\Component\\Console\\Application->run()
#45 /home/debian/VivaBioApp/vendor/laravel/framework/src/Illuminate/Foundation/Application.php(1235): Illuminate\\Foundation\\Console\\Kernel->handle()
#46 /home/debian/VivaBioApp/artisan(16): Illuminate\\Foundation\\Application->handleCommand()
#47 {main}
"} 
[2025-10-31 18:01:49] local.ERROR: SQLSTATE[HY000]: General error: 1005 Can't create table `VivaDB`.`commande_fournisseurs` (errno: 150 "Foreign key constraint is incorrectly formed") (Connection: mysql, SQL: alter table `commande_fournisseurs` add constraint `commande_fournisseurs_id_fournisseur_foreign` foreign key (`id_fournisseur`) references `fournisseurs` (`id`) on delete cascade) {"exception":"[object] (Illuminate\\Database\\QueryException(code: HY000): SQLSTATE[HY000]: General error: 1005 Can't create table `VivaDB`.`commande_fournisseurs` (errno: 150 \"Foreign key constraint is incorrectly formed\") (Connection: mysql, SQL: alter table `commande_fournisseurs` add constraint `commande_fournisseurs_id_fournisseur_foreign` foreign key (`id_fournisseur`) references `fournisseurs` (`id`) on delete cascade) at /home/debian/VivaBioApp/vendor/laravel/framework/src/Illuminate/Database/Connection.php:824)
[stacktrace]
#0 /home/debian/VivaBioApp/vendor/laravel/framework/src/Illuminate/Database/Connection.php(778): Illuminate\\Database\\Connection->runQueryCallback()
#1 /home/debian/VivaBioApp/vendor/laravel/framework/src/Illuminate/Database/Connection.php(559): Illuminate\\Database\\Connection->run()
#2 /home/debian/VivaBioApp/vendor/laravel/framework/src/Illuminate/Database/Schema/Blueprint.php(121): Illuminate\\Database\\Connection->statement()
#3 /home/debian/VivaBioApp/vendor/laravel/framework/src/Illuminate/Database/Schema/Builder.php(618): Illuminate\\Database\\Schema\\Blueprint->build()
#4 /home/debian/VivaBioApp/vendor/laravel/framework/src/Illuminate/Database/Schema/Builder.php(472): Illuminate\\Database\\Schema\\Builder->build()
#5 /home/debian/VivaBioApp/vendor/laravel/framework/src/Illuminate/Support/Facades/Facade.php(363): Illuminate\\Database\\Schema\\Builder->create()
#6 /home/debian/VivaBioApp/database/migrations/2025_10_31_161249_create_commande_fournisseurs_table.php(14): Illuminate\\Support\\Facades\\Facade::__callStatic()
#7 /home/debian/VivaBioApp/vendor/laravel/framework/src/Illuminate/Database/Migrations/Migrator.php(514): Illuminate\\Database\\Migrations\\Migration@anonymous->up()
#8 /home/debian/VivaBioApp/vendor/laravel/framework/src/Illuminate/Database/Migrations/Migrator.php(439): Illuminate\\Database\\Migrations\\Migrator->runMethod()
#9 /home/debian/VivaBioApp/vendor/laravel/framework/src/Illuminate/Database/Migrations/Migrator.php(448): Illuminate\\Database\\Migrations\\Migrator->Illuminate\\Database\\Migrations\\{closure}()
#10 /home/debian/VivaBioApp/vendor/laravel/framework/src/Illuminate/Database/Migrations/Migrator.php(250): Illuminate\\Database\\Migrations\\Migrator->runMigration()
#11 /home/debian/VivaBioApp/vendor/laravel/framework/src/Illuminate/Console/View/Components/Task.php(41): Illuminate\\Database\\Migrations\\Migrator->Illuminate\\Database\\Migrations\\{closure}()
#12 /home/debian/VivaBioApp/vendor/laravel/framework/src/Illuminate/Database/Migrations/Migrator.php(809): Illuminate\\Console\\View\\Components\\Task->render()
#13 /home/debian/VivaBioApp/vendor/laravel/framework/src/Illuminate/Database/Migrations/Migrator.php(250): Illuminate\\Database\\Migrations\\Migrator->write()
#14 /home/debian/VivaBioApp/vendor/laravel/framework/src/Illuminate/Database/Migrations/Migrator.php(210): Illuminate\\Database\\Migrations\\Migrator->runUp()
#15 /home/debian/VivaBioApp/vendor/laravel/framework/src/Illuminate/Database/Migrations/Migrator.php(137): Illuminate\\Database\\Migrations\\Migrator->runPending()
#16 /home/debian/VivaBioApp/vendor/laravel/framework/src/Illuminate/Database/Console/Migrations/MigrateCommand.php(116): Illuminate\\Database\\Migrations\\Migrator->run()
#17 /home/debian/VivaBioApp/vendor/laravel/framework/src/Illuminate/Database/Migrations/Migrator.php(666): Illuminate\\Database\\Console\\Migrations\\MigrateCommand->Illuminate\\Database\\Console\\Migrations\\{closure}()
#18 /home/debian/VivaBioApp/vendor/laravel/framework/src/Illuminate/Database/Console/Migrations/MigrateCommand.php(109): Illuminate\\Database\\Migrations\\Migrator->usingConnection()
#19 /home/debian/VivaBioApp/vendor/laravel/framework/src/Illuminate/Database/Console/Migrations/MigrateCommand.php(88): Illuminate\\Database\\Console\\Migrations\\MigrateCommand->runMigrations()
#20 /home/debian/VivaBioApp/vendor/laravel/framework/src/Illuminate/Container/BoundMethod.php(36): Illuminate\\Database\\Console\\Migrations\\MigrateCommand->handle()
#21 /home/debian/VivaBioApp/vendor/laravel/framework/src/Illuminate/Container/Util.php(43): Illuminate\\Container\\BoundMethod::Illuminate\\Container\\{closure}()
#22 /home/debian/VivaBioApp/vendor/laravel/framework/src/Illuminate/Container/BoundMethod.php(96): Illuminate\\Container\\Util::unwrapIfClosure()
#23 /home/debian/VivaBioApp/vendor/laravel/framework/src/Illuminate/Container/BoundMethod.php(35): Illuminate\\Container\\BoundMethod::callBoundMethod()
#24 /home/debian/VivaBioApp/vendor/laravel/framework/src/Illuminate/Container/Container.php(836): Illuminate\\Container\\BoundMethod::call()
#25 /home/debian/VivaBioApp/vendor/laravel/framework/src/Illuminate/Console/Command.php(211): Illuminate\\Container\\Container->call()
#26 /home/debian/VivaBioApp/vendor/symfony/console/Command/Command.php(318): Illuminate\\Console\\Command->execute()
#27 /home/debian/VivaBioApp/vendor/laravel/framework/src/Illuminate/Console/Command.php(180): Symfony\\Component\\Console\\Command\\Command->run()
#28 /home/debian/VivaBioApp/vendor/laravel/framework/src/Illuminate/Console/Concerns/CallsCommands.php(68): Illuminate\\Console\\Command->run()
#29 /home/debian/VivaBioApp/vendor/laravel/framework/src/Illuminate/Console/Concerns/CallsCommands.php(29): Illuminate\\Console\\Command->runCommand()
#30 /home/debian/VivaBioApp/vendor/laravel/framework/src/Illuminate/Database/Console/Migrations/FreshCommand.php(81): Illuminate\\Console\\Command->call()
#31 /home/debian/VivaBioApp/vendor/laravel/framework/src/Illuminate/Container/BoundMethod.php(36): Illuminate\\Database\\Console\\Migrations\\FreshCommand->handle()
#32 /home/debian/VivaBioApp/vendor/laravel/framework/src/Illuminate/Container/Util.php(43): Illuminate\\Container\\BoundMethod::Illuminate\\Container\\{closure}()
#33 /home/debian/VivaBioApp/vendor/laravel/framework/src/Illuminate/Container/BoundMethod.php(96): Illuminate\\Container\\Util::unwrapIfClosure()
#34 /home/debian/VivaBioApp/vendor/laravel/framework/src/Illuminate/Container/BoundMethod.php(35): Illuminate\\Container\\BoundMethod::callBoundMethod()
#35 /home/debian/VivaBioApp/vendor/laravel/framework/src/Illuminate/Container/Container.php(836): Illuminate\\Container\\BoundMethod::call()
#36 /home/debian/VivaBioApp/vendor/laravel/framework/src/Illuminate/Console/Command.php(211): Illuminate\\Container\\Container->call()
#37 /home/debian/VivaBioApp/vendor/symfony/console/Command/Command.php(318): Illuminate\\Console\\Command->execute()
#38 /home/debian/VivaBioApp/vendor/laravel/framework/src/Illuminate/Console/Command.php(180): Symfony\\Component\\Console\\Command\\Command->run()
#39 /home/debian/VivaBioApp/vendor/symfony/console/Application.php(1110): Illuminate\\Console\\Command->run()
#40 /home/debian/VivaBioApp/vendor/symfony/console/Application.php(359): Symfony\\Component\\Console\\Application->doRunCommand()
#41 /home/debian/VivaBioApp/vendor/symfony/console/Application.php(194): Symfony\\Component\\Console\\Application->doRun()
#42 /home/debian/VivaBioApp/vendor/laravel/framework/src/Illuminate/Foundation/Console/Kernel.php(197): Symfony\\Component\\Console\\Application->run()
#43 /home/debian/VivaBioApp/vendor/laravel/framework/src/Illuminate/Foundation/Application.php(1235): Illuminate\\Foundation\\Console\\Kernel->handle()
#44 /home/debian/VivaBioApp/artisan(16): Illuminate\\Foundation\\Application->handleCommand()
#45 {main}

[previous exception] [object] (PDOException(code: HY000): SQLSTATE[HY000]: General error: 1005 Can't create table `VivaDB`.`commande_fournisseurs` (errno: 150 \"Foreign key constraint is incorrectly formed\") at /home/debian/VivaBioApp/vendor/laravel/framework/src/Illuminate/Database/Connection.php:570)
[stacktrace]
#0 /home/debian/VivaBioApp/vendor/laravel/framework/src/Illuminate/Database/Connection.php(570): PDOStatement->execute()
#1 /home/debian/VivaBioApp/vendor/laravel/framework/src/Illuminate/Database/Connection.php(811): Illuminate\\Database\\Connection->Illuminate\\Database\\{closure}()
#2 /home/debian/VivaBioApp/vendor/laravel/framework/src/Illuminate/Database/Connection.php(778): Illuminate\\Database\\Connection->runQueryCallback()
#3 /home/debian/VivaBioApp/vendor/laravel/framework/src/Illuminate/Database/Connection.php(559): Illuminate\\Database\\Connection->run()
#4 /home/debian/VivaBioApp/vendor/laravel/framework/src/Illuminate/Database/Schema/Blueprint.php(121): Illuminate\\Database\\Connection->statement()
#5 /home/debian/VivaBioApp/vendor/laravel/framework/src/Illuminate/Database/Schema/Builder.php(618): Illuminate\\Database\\Schema\\Blueprint->build()
#6 /home/debian/VivaBioApp/vendor/laravel/framework/src/Illuminate/Database/Schema/Builder.php(472): Illuminate\\Database\\Schema\\Builder->build()
#7 /home/debian/VivaBioApp/vendor/laravel/framework/src/Illuminate/Support/Facades/Facade.php(363): Illuminate\\Database\\Schema\\Builder->create()
#8 /home/debian/VivaBioApp/database/migrations/2025_10_31_161249_create_commande_fournisseurs_table.php(14): Illuminate\\Support\\Facades\\Facade::__callStatic()
#9 /home/debian/VivaBioApp/vendor/laravel/framework/src/Illuminate/Database/Migrations/Migrator.php(514): Illuminate\\Database\\Migrations\\Migration@anonymous->up()
#10 /home/debian/VivaBioApp/vendor/laravel/framework/src/Illuminate/Database/Migrations/Migrator.php(439): Illuminate\\Database\\Migrations\\Migrator->runMethod()
#11 /home/debian/VivaBioApp/vendor/laravel/framework/src/Illuminate/Database/Migrations/Migrator.php(448): Illuminate\\Database\\Migrations\\Migrator->Illuminate\\Database\\Migrations\\{closure}()
#12 /home/debian/VivaBioApp/vendor/laravel/framework/src/Illuminate/Database/Migrations/Migrator.php(250): Illuminate\\Database\\Migrations\\Migrator->runMigration()
#13 /home/debian/VivaBioApp/vendor/laravel/framework/src/Illuminate/Console/View/Components/Task.php(41): Illuminate\\Database\\Migrations\\Migrator->Illuminate\\Database\\Migrations\\{closure}()
#14 /home/debian/VivaBioApp/vendor/laravel/framework/src/Illuminate/Database/Migrations/Migrator.php(809): Illuminate\\Console\\View\\Components\\Task->render()
#15 /home/debian/VivaBioApp/vendor/laravel/framework/src/Illuminate/Database/Migrations/Migrator.php(250): Illuminate\\Database\\Migrations\\Migrator->write()
#16 /home/debian/VivaBioApp/vendor/laravel/framework/src/Illuminate/Database/Migrations/Migrator.php(210): Illuminate\\Database\\Migrations\\Migrator->runUp()
#17 /home/debian/VivaBioApp/vendor/laravel/framework/src/Illuminate/Database/Migrations/Migrator.php(137): Illuminate\\Database\\Migrations\\Migrator->runPending()
#18 /home/debian/VivaBioApp/vendor/laravel/framework/src/Illuminate/Database/Console/Migrations/MigrateCommand.php(116): Illuminate\\Database\\Migrations\\Migrator->run()
#19 /home/debian/VivaBioApp/vendor/laravel/framework/src/Illuminate/Database/Migrations/Migrator.php(666): Illuminate\\Database\\Console\\Migrations\\MigrateCommand->Illuminate\\Database\\Console\\Migrations\\{closure}()
#20 /home/debian/VivaBioApp/vendor/laravel/framework/src/Illuminate/Database/Console/Migrations/MigrateCommand.php(109): Illuminate\\Database\\Migrations\\Migrator->usingConnection()
#21 /home/debian/VivaBioApp/vendor/laravel/framework/src/Illuminate/Database/Console/Migrations/MigrateCommand.php(88): Illuminate\\Database\\Console\\Migrations\\MigrateCommand->runMigrations()
#22 /home/debian/VivaBioApp/vendor/laravel/framework/src/Illuminate/Container/BoundMethod.php(36): Illuminate\\Database\\Console\\Migrations\\MigrateCommand->handle()
#23 /home/debian/VivaBioApp/vendor/laravel/framework/src/Illuminate/Container/Util.php(43): Illuminate\\Container\\BoundMethod::Illuminate\\Container\\{closure}()
#24 /home/debian/VivaBioApp/vendor/laravel/framework/src/Illuminate/Container/BoundMethod.php(96): Illuminate\\Container\\Util::unwrapIfClosure()
#25 /home/debian/VivaBioApp/vendor/laravel/framework/src/Illuminate/Container/BoundMethod.php(35): Illuminate\\Container\\BoundMethod::callBoundMethod()
#26 /home/debian/VivaBioApp/vendor/laravel/framework/src/Illuminate/Container/Container.php(836): Illuminate\\Container\\BoundMethod::call()
#27 /home/debian/VivaBioApp/vendor/laravel/framework/src/Illuminate/Console/Command.php(211): Illuminate\\Container\\Container->call()
#28 /home/debian/VivaBioApp/vendor/symfony/console/Command/Command.php(318): Illuminate\\Console\\Command->execute()
#29 /home/debian/VivaBioApp/vendor/laravel/framework/src/Illuminate/Console/Command.php(180): Symfony\\Component\\Console\\Command\\Command->run()
#30 /home/debian/VivaBioApp/vendor/laravel/framework/src/Illuminate/Console/Concerns/CallsCommands.php(68): Illuminate\\Console\\Command->run()
#31 /home/debian/VivaBioApp/vendor/laravel/framework/src/Illuminate/Console/Concerns/CallsCommands.php(29): Illuminate\\Console\\Command->runCommand()
#32 /home/debian/VivaBioApp/vendor/laravel/framework/src/Illuminate/Database/Console/Migrations/FreshCommand.php(81): Illuminate\\Console\\Command->call()
#33 /home/debian/VivaBioApp/vendor/laravel/framework/src/Illuminate/Container/BoundMethod.php(36): Illuminate\\Database\\Console\\Migrations\\FreshCommand->handle()
#34 /home/debian/VivaBioApp/vendor/laravel/framework/src/Illuminate/Container/Util.php(43): Illuminate\\Container\\BoundMethod::Illuminate\\Container\\{closure}()
#35 /home/debian/VivaBioApp/vendor/laravel/framework/src/Illuminate/Container/BoundMethod.php(96): Illuminate\\Container\\Util::unwrapIfClosure()
#36 /home/debian/VivaBioApp/vendor/laravel/framework/src/Illuminate/Container/BoundMethod.php(35): Illuminate\\Container\\BoundMethod::callBoundMethod()
#37 /home/debian/VivaBioApp/vendor/laravel/framework/src/Illuminate/Container/Container.php(836): Illuminate\\Container\\BoundMethod::call()
#38 /home/debian/VivaBioApp/vendor/laravel/framework/src/Illuminate/Console/Command.php(211): Illuminate\\Container\\Container->call()
#39 /home/debian/VivaBioApp/vendor/symfony/console/Command/Command.php(318): Illuminate\\Console\\Command->execute()
#40 /home/debian/VivaBioApp/vendor/laravel/framework/src/Illuminate/Console/Command.php(180): Symfony\\Component\\Console\\Command\\Command->run()
#41 /home/debian/VivaBioApp/vendor/symfony/console/Application.php(1110): Illuminate\\Console\\Command->run()
#42 /home/debian/VivaBioApp/vendor/symfony/console/Application.php(359): Symfony\\Component\\Console\\Application->doRunCommand()
#43 /home/debian/VivaBioApp/vendor/symfony/console/Application.php(194): Symfony\\Component\\Console\\Application->doRun()
#44 /home/debian/VivaBioApp/vendor/laravel/framework/src/Illuminate/Foundation/Console/Kernel.php(197): Symfony\\Component\\Console\\Application->run()
#45 /home/debian/VivaBioApp/vendor/laravel/framework/src/Illuminate/Foundation/Application.php(1235): Illuminate\\Foundation\\Console\\Kernel->handle()
#46 /home/debian/VivaBioApp/artisan(16): Illuminate\\Foundation\\Application->handleCommand()
#47 {main}
"} 
[2025-10-31 18:05:47] local.ERROR: SQLSTATE[HY000]: General error: 1005 Can't create table `VivaDB`.`commande_fournisseurs` (errno: 150 "Foreign key constraint is incorrectly formed") (Connection: mysql, SQL: alter table `commande_fournisseurs` add constraint `commande_fournisseurs_fournisseur_id_foreign` foreign key (`fournisseur_id`) references `fournisseurs` (`id`)) {"exception":"[object] (Illuminate\\Database\\QueryException(code: HY000): SQLSTATE[HY000]: General error: 1005 Can't create table `VivaDB`.`commande_fournisseurs` (errno: 150 \"Foreign key constraint is incorrectly formed\") (Connection: mysql, SQL: alter table `commande_fournisseurs` add constraint `commande_fournisseurs_fournisseur_id_foreign` foreign key (`fournisseur_id`) references `fournisseurs` (`id`)) at /home/debian/VivaBioApp/vendor/laravel/framework/src/Illuminate/Database/Connection.php:824)
[stacktrace]
#0 /home/debian/VivaBioApp/vendor/laravel/framework/src/Illuminate/Database/Connection.php(778): Illuminate\\Database\\Connection->runQueryCallback()
#1 /home/debian/VivaBioApp/vendor/laravel/framework/src/Illuminate/Database/Connection.php(559): Illuminate\\Database\\Connection->run()
#2 /home/debian/VivaBioApp/vendor/laravel/framework/src/Illuminate/Database/Schema/Blueprint.php(121): Illuminate\\Database\\Connection->statement()
#3 /home/debian/VivaBioApp/vendor/laravel/framework/src/Illuminate/Database/Schema/Builder.php(618): Illuminate\\Database\\Schema\\Blueprint->build()
#4 /home/debian/VivaBioApp/vendor/laravel/framework/src/Illuminate/Database/Schema/Builder.php(472): Illuminate\\Database\\Schema\\Builder->build()
#5 /home/debian/VivaBioApp/vendor/laravel/framework/src/Illuminate/Support/Facades/Facade.php(363): Illuminate\\Database\\Schema\\Builder->create()
#6 /home/debian/VivaBioApp/database/migrations/2025_10_31_161249_create_commande_fournisseurs_table.php(14): Illuminate\\Support\\Facades\\Facade::__callStatic()
#7 /home/debian/VivaBioApp/vendor/laravel/framework/src/Illuminate/Database/Migrations/Migrator.php(514): Illuminate\\Database\\Migrations\\Migration@anonymous->up()
#8 /home/debian/VivaBioApp/vendor/laravel/framework/src/Illuminate/Database/Migrations/Migrator.php(439): Illuminate\\Database\\Migrations\\Migrator->runMethod()
#9 /home/debian/VivaBioApp/vendor/laravel/framework/src/Illuminate/Database/Migrations/Migrator.php(448): Illuminate\\Database\\Migrations\\Migrator->Illuminate\\Database\\Migrations\\{closure}()
#10 /home/debian/VivaBioApp/vendor/laravel/framework/src/Illuminate/Database/Migrations/Migrator.php(250): Illuminate\\Database\\Migrations\\Migrator->runMigration()
#11 /home/debian/VivaBioApp/vendor/laravel/framework/src/Illuminate/Console/View/Components/Task.php(41): Illuminate\\Database\\Migrations\\Migrator->Illuminate\\Database\\Migrations\\{closure}()
#12 /home/debian/VivaBioApp/vendor/laravel/framework/src/Illuminate/Database/Migrations/Migrator.php(809): Illuminate\\Console\\View\\Components\\Task->render()
#13 /home/debian/VivaBioApp/vendor/laravel/framework/src/Illuminate/Database/Migrations/Migrator.php(250): Illuminate\\Database\\Migrations\\Migrator->write()
#14 /home/debian/VivaBioApp/vendor/laravel/framework/src/Illuminate/Database/Migrations/Migrator.php(210): Illuminate\\Database\\Migrations\\Migrator->runUp()
#15 /home/debian/VivaBioApp/vendor/laravel/framework/src/Illuminate/Database/Migrations/Migrator.php(137): Illuminate\\Database\\Migrations\\Migrator->runPending()
#16 /home/debian/VivaBioApp/vendor/laravel/framework/src/Illuminate/Database/Console/Migrations/MigrateCommand.php(116): Illuminate\\Database\\Migrations\\Migrator->run()
#17 /home/debian/VivaBioApp/vendor/laravel/framework/src/Illuminate/Database/Migrations/Migrator.php(666): Illuminate\\Database\\Console\\Migrations\\MigrateCommand->Illuminate\\Database\\Console\\Migrations\\{closure}()
#18 /home/debian/VivaBioApp/vendor/laravel/framework/src/Illuminate/Database/Console/Migrations/MigrateCommand.php(109): Illuminate\\Database\\Migrations\\Migrator->usingConnection()
#19 /home/debian/VivaBioApp/vendor/laravel/framework/src/Illuminate/Database/Console/Migrations/MigrateCommand.php(88): Illuminate\\Database\\Console\\Migrations\\MigrateCommand->runMigrations()
#20 /home/debian/VivaBioApp/vendor/laravel/framework/src/Illuminate/Container/BoundMethod.php(36): Illuminate\\Database\\Console\\Migrations\\MigrateCommand->handle()
#21 /home/debian/VivaBioApp/vendor/laravel/framework/src/Illuminate/Container/Util.php(43): Illuminate\\Container\\BoundMethod::Illuminate\\Container\\{closure}()
#22 /home/debian/VivaBioApp/vendor/laravel/framework/src/Illuminate/Container/BoundMethod.php(96): Illuminate\\Container\\Util::unwrapIfClosure()
#23 /home/debian/VivaBioApp/vendor/laravel/framework/src/Illuminate/Container/BoundMethod.php(35): Illuminate\\Container\\BoundMethod::callBoundMethod()
#24 /home/debian/VivaBioApp/vendor/laravel/framework/src/Illuminate/Container/Container.php(836): Illuminate\\Container\\BoundMethod::call()
#25 /home/debian/VivaBioApp/vendor/laravel/framework/src/Illuminate/Console/Command.php(211): Illuminate\\Container\\Container->call()
#26 /home/debian/VivaBioApp/vendor/symfony/console/Command/Command.php(318): Illuminate\\Console\\Command->execute()
#27 /home/debian/VivaBioApp/vendor/laravel/framework/src/Illuminate/Console/Command.php(180): Symfony\\Component\\Console\\Command\\Command->run()
#28 /home/debian/VivaBioApp/vendor/laravel/framework/src/Illuminate/Console/Concerns/CallsCommands.php(68): Illuminate\\Console\\Command->run()
#29 /home/debian/VivaBioApp/vendor/laravel/framework/src/Illuminate/Console/Concerns/CallsCommands.php(29): Illuminate\\Console\\Command->runCommand()
#30 /home/debian/VivaBioApp/vendor/laravel/framework/src/Illuminate/Database/Console/Migrations/FreshCommand.php(81): Illuminate\\Console\\Command->call()
#31 /home/debian/VivaBioApp/vendor/laravel/framework/src/Illuminate/Container/BoundMethod.php(36): Illuminate\\Database\\Console\\Migrations\\FreshCommand->handle()
#32 /home/debian/VivaBioApp/vendor/laravel/framework/src/Illuminate/Container/Util.php(43): Illuminate\\Container\\BoundMethod::Illuminate\\Container\\{closure}()
#33 /home/debian/VivaBioApp/vendor/laravel/framework/src/Illuminate/Container/BoundMethod.php(96): Illuminate\\Container\\Util::unwrapIfClosure()
#34 /home/debian/VivaBioApp/vendor/laravel/framework/src/Illuminate/Container/BoundMethod.php(35): Illuminate\\Container\\BoundMethod::callBoundMethod()
#35 /home/debian/VivaBioApp/vendor/laravel/framework/src/Illuminate/Container/Container.php(836): Illuminate\\Container\\BoundMethod::call()
#36 /home/debian/VivaBioApp/vendor/laravel/framework/src/Illuminate/Console/Command.php(211): Illuminate\\Container\\Container->call()
#37 /home/debian/VivaBioApp/vendor/symfony/console/Command/Command.php(318): Illuminate\\Console\\Command->execute()
#38 /home/debian/VivaBioApp/vendor/laravel/framework/src/Illuminate/Console/Command.php(180): Symfony\\Component\\Console\\Command\\Command->run()
#39 /home/debian/VivaBioApp/vendor/symfony/console/Application.php(1110): Illuminate\\Console\\Command->run()
#40 /home/debian/VivaBioApp/vendor/symfony/console/Application.php(359): Symfony\\Component\\Console\\Application->doRunCommand()
#41 /home/debian/VivaBioApp/vendor/symfony/console/Application.php(194): Symfony\\Component\\Console\\Application->doRun()
#42 /home/debian/VivaBioApp/vendor/laravel/framework/src/Illuminate/Foundation/Console/Kernel.php(197): Symfony\\Component\\Console\\Application->run()
#43 /home/debian/VivaBioApp/vendor/laravel/framework/src/Illuminate/Foundation/Application.php(1235): Illuminate\\Foundation\\Console\\Kernel->handle()
#44 /home/debian/VivaBioApp/artisan(16): Illuminate\\Foundation\\Application->handleCommand()
#45 {main}

[previous exception] [object] (PDOException(code: HY000): SQLSTATE[HY000]: General error: 1005 Can't create table `VivaDB`.`commande_fournisseurs` (errno: 150 \"Foreign key constraint is incorrectly formed\") at /home/debian/VivaBioApp/vendor/laravel/framework/src/Illuminate/Database/Connection.php:570)
[stacktrace]
#0 /home/debian/VivaBioApp/vendor/laravel/framework/src/Illuminate/Database/Connection.php(570): PDOStatement->execute()
#1 /home/debian/VivaBioApp/vendor/laravel/framework/src/Illuminate/Database/Connection.php(811): Illuminate\\Database\\Connection->Illuminate\\Database\\{closure}()
#2 /home/debian/VivaBioApp/vendor/laravel/framework/src/Illuminate/Database/Connection.php(778): Illuminate\\Database\\Connection->runQueryCallback()
#3 /home/debian/VivaBioApp/vendor/laravel/framework/src/Illuminate/Database/Connection.php(559): Illuminate\\Database\\Connection->run()
#4 /home/debian/VivaBioApp/vendor/laravel/framework/src/Illuminate/Database/Schema/Blueprint.php(121): Illuminate\\Database\\Connection->statement()
#5 /home/debian/VivaBioApp/vendor/laravel/framework/src/Illuminate/Database/Schema/Builder.php(618): Illuminate\\Database\\Schema\\Blueprint->build()
#6 /home/debian/VivaBioApp/vendor/laravel/framework/src/Illuminate/Database/Schema/Builder.php(472): Illuminate\\Database\\Schema\\Builder->build()
#7 /home/debian/VivaBioApp/vendor/laravel/framework/src/Illuminate/Support/Facades/Facade.php(363): Illuminate\\Database\\Schema\\Builder->create()
#8 /home/debian/VivaBioApp/database/migrations/2025_10_31_161249_create_commande_fournisseurs_table.php(14): Illuminate\\Support\\Facades\\Facade::__callStatic()
#9 /home/debian/VivaBioApp/vendor/laravel/framework/src/Illuminate/Database/Migrations/Migrator.php(514): Illuminate\\Database\\Migrations\\Migration@anonymous->up()
#10 /home/debian/VivaBioApp/vendor/laravel/framework/src/Illuminate/Database/Migrations/Migrator.php(439): Illuminate\\Database\\Migrations\\Migrator->runMethod()
#11 /home/debian/VivaBioApp/vendor/laravel/framework/src/Illuminate/Database/Migrations/Migrator.php(448): Illuminate\\Database\\Migrations\\Migrator->Illuminate\\Database\\Migrations\\{closure}()
#12 /home/debian/VivaBioApp/vendor/laravel/framework/src/Illuminate/Database/Migrations/Migrator.php(250): Illuminate\\Database\\Migrations\\Migrator->runMigration()
#13 /home/debian/VivaBioApp/vendor/laravel/framework/src/Illuminate/Console/View/Components/Task.php(41): Illuminate\\Database\\Migrations\\Migrator->Illuminate\\Database\\Migrations\\{closure}()
#14 /home/debian/VivaBioApp/vendor/laravel/framework/src/Illuminate/Database/Migrations/Migrator.php(809): Illuminate\\Console\\View\\Components\\Task->render()
#15 /home/debian/VivaBioApp/vendor/laravel/framework/src/Illuminate/Database/Migrations/Migrator.php(250): Illuminate\\Database\\Migrations\\Migrator->write()
#16 /home/debian/VivaBioApp/vendor/laravel/framework/src/Illuminate/Database/Migrations/Migrator.php(210): Illuminate\\Database\\Migrations\\Migrator->runUp()
#17 /home/debian/VivaBioApp/vendor/laravel/framework/src/Illuminate/Database/Migrations/Migrator.php(137): Illuminate\\Database\\Migrations\\Migrator->runPending()
#18 /home/debian/VivaBioApp/vendor/laravel/framework/src/Illuminate/Database/Console/Migrations/MigrateCommand.php(116): Illuminate\\Database\\Migrations\\Migrator->run()
#19 /home/debian/VivaBioApp/vendor/laravel/framework/src/Illuminate/Database/Migrations/Migrator.php(666): Illuminate\\Database\\Console\\Migrations\\MigrateCommand->Illuminate\\Database\\Console\\Migrations\\{closure}()
#20 /home/debian/VivaBioApp/vendor/laravel/framework/src/Illuminate/Database/Console/Migrations/MigrateCommand.php(109): Illuminate\\Database\\Migrations\\Migrator->usingConnection()
#21 /home/debian/VivaBioApp/vendor/laravel/framework/src/Illuminate/Database/Console/Migrations/MigrateCommand.php(88): Illuminate\\Database\\Console\\Migrations\\MigrateCommand->runMigrations()
#22 /home/debian/VivaBioApp/vendor/laravel/framework/src/Illuminate/Container/BoundMethod.php(36): Illuminate\\Database\\Console\\Migrations\\MigrateCommand->handle()
#23 /home/debian/VivaBioApp/vendor/laravel/framework/src/Illuminate/Container/Util.php(43): Illuminate\\Container\\BoundMethod::Illuminate\\Container\\{closure}()
#24 /home/debian/VivaBioApp/vendor/laravel/framework/src/Illuminate/Container/BoundMethod.php(96): Illuminate\\Container\\Util::unwrapIfClosure()
#25 /home/debian/VivaBioApp/vendor/laravel/framework/src/Illuminate/Container/BoundMethod.php(35): Illuminate\\Container\\BoundMethod::callBoundMethod()
#26 /home/debian/VivaBioApp/vendor/laravel/framework/src/Illuminate/Container/Container.php(836): Illuminate\\Container\\BoundMethod::call()
#27 /home/debian/VivaBioApp/vendor/laravel/framework/src/Illuminate/Console/Command.php(211): Illuminate\\Container\\Container->call()
#28 /home/debian/VivaBioApp/vendor/symfony/console/Command/Command.php(318): Illuminate\\Console\\Command->execute()
#29 /home/debian/VivaBioApp/vendor/laravel/framework/src/Illuminate/Console/Command.php(180): Symfony\\Component\\Console\\Command\\Command->run()
#30 /home/debian/VivaBioApp/vendor/laravel/framework/src/Illuminate/Console/Concerns/CallsCommands.php(68): Illuminate\\Console\\Command->run()
#31 /home/debian/VivaBioApp/vendor/laravel/framework/src/Illuminate/Console/Concerns/CallsCommands.php(29): Illuminate\\Console\\Command->runCommand()
#32 /home/debian/VivaBioApp/vendor/laravel/framework/src/Illuminate/Database/Console/Migrations/FreshCommand.php(81): Illuminate\\Console\\Command->call()
#33 /home/debian/VivaBioApp/vendor/laravel/framework/src/Illuminate/Container/BoundMethod.php(36): Illuminate\\Database\\Console\\Migrations\\FreshCommand->handle()
#34 /home/debian/VivaBioApp/vendor/laravel/framework/src/Illuminate/Container/Util.php(43): Illuminate\\Container\\BoundMethod::Illuminate\\Container\\{closure}()
#35 /home/debian/VivaBioApp/vendor/laravel/framework/src/Illuminate/Container/BoundMethod.php(96): Illuminate\\Container\\Util::unwrapIfClosure()
#36 /home/debian/VivaBioApp/vendor/laravel/framework/src/Illuminate/Container/BoundMethod.php(35): Illuminate\\Container\\BoundMethod::callBoundMethod()
#37 /home/debian/VivaBioApp/vendor/laravel/framework/src/Illuminate/Container/Container.php(836): Illuminate\\Container\\BoundMethod::call()
#38 /home/debian/VivaBioApp/vendor/laravel/framework/src/Illuminate/Console/Command.php(211): Illuminate\\Container\\Container->call()
#39 /home/debian/VivaBioApp/vendor/symfony/console/Command/Command.php(318): Illuminate\\Console\\Command->execute()
#40 /home/debian/VivaBioApp/vendor/laravel/framework/src/Illuminate/Console/Command.php(180): Symfony\\Component\\Console\\Command\\Command->run()
#41 /home/debian/VivaBioApp/vendor/symfony/console/Application.php(1110): Illuminate\\Console\\Command->run()
#42 /home/debian/VivaBioApp/vendor/symfony/console/Application.php(359): Symfony\\Component\\Console\\Application->doRunCommand()
#43 /home/debian/VivaBioApp/vendor/symfony/console/Application.php(194): Symfony\\Component\\Console\\Application->doRun()
#44 /home/debian/VivaBioApp/vendor/laravel/framework/src/Illuminate/Foundation/Console/Kernel.php(197): Symfony\\Component\\Console\\Application->run()
#45 /home/debian/VivaBioApp/vendor/laravel/framework/src/Illuminate/Foundation/Application.php(1235): Illuminate\\Foundation\\Console\\Kernel->handle()
#46 /home/debian/VivaBioApp/artisan(16): Illuminate\\Foundation\\Application->handleCommand()
#47 {main}
"} 
[2025-10-31 18:06:44] local.ERROR: SQLSTATE[HY000]: General error: 1005 Can't create table `VivaDB`.`commande_fournisseurs` (errno: 150 "Foreign key constraint is incorrectly formed") (Connection: mysql, SQL: alter table `commande_fournisseurs` add constraint `commande_fournisseurs_fournisseur_id_foreign` foreign key (`fournisseur_id`) references `fournisseurs` (`id`)) {"exception":"[object] (Illuminate\\Database\\QueryException(code: HY000): SQLSTATE[HY000]: General error: 1005 Can't create table `VivaDB`.`commande_fournisseurs` (errno: 150 \"Foreign key constraint is incorrectly formed\") (Connection: mysql, SQL: alter table `commande_fournisseurs` add constraint `commande_fournisseurs_fournisseur_id_foreign` foreign key (`fournisseur_id`) references `fournisseurs` (`id`)) at /home/debian/VivaBioApp/vendor/laravel/framework/src/Illuminate/Database/Connection.php:824)
[stacktrace]
#0 /home/debian/VivaBioApp/vendor/laravel/framework/src/Illuminate/Database/Connection.php(778): Illuminate\\Database\\Connection->runQueryCallback()
#1 /home/debian/VivaBioApp/vendor/laravel/framework/src/Illuminate/Database/Connection.php(559): Illuminate\\Database\\Connection->run()
#2 /home/debian/VivaBioApp/vendor/laravel/framework/src/Illuminate/Database/Schema/Blueprint.php(121): Illuminate\\Database\\Connection->statement()
#3 /home/debian/VivaBioApp/vendor/laravel/framework/src/Illuminate/Database/Schema/Builder.php(618): Illuminate\\Database\\Schema\\Blueprint->build()
#4 /home/debian/VivaBioApp/vendor/laravel/framework/src/Illuminate/Database/Schema/Builder.php(472): Illuminate\\Database\\Schema\\Builder->build()
#5 /home/debian/VivaBioApp/vendor/laravel/framework/src/Illuminate/Support/Facades/Facade.php(363): Illuminate\\Database\\Schema\\Builder->create()
#6 /home/debian/VivaBioApp/database/migrations/2025_10_31_161249_create_commande_fournisseurs_table.php(14): Illuminate\\Support\\Facades\\Facade::__callStatic()
#7 /home/debian/VivaBioApp/vendor/laravel/framework/src/Illuminate/Database/Migrations/Migrator.php(514): Illuminate\\Database\\Migrations\\Migration@anonymous->up()
#8 /home/debian/VivaBioApp/vendor/laravel/framework/src/Illuminate/Database/Migrations/Migrator.php(439): Illuminate\\Database\\Migrations\\Migrator->runMethod()
#9 /home/debian/VivaBioApp/vendor/laravel/framework/src/Illuminate/Database/Migrations/Migrator.php(448): Illuminate\\Database\\Migrations\\Migrator->Illuminate\\Database\\Migrations\\{closure}()
#10 /home/debian/VivaBioApp/vendor/laravel/framework/src/Illuminate/Database/Migrations/Migrator.php(250): Illuminate\\Database\\Migrations\\Migrator->runMigration()
#11 /home/debian/VivaBioApp/vendor/laravel/framework/src/Illuminate/Console/View/Components/Task.php(41): Illuminate\\Database\\Migrations\\Migrator->Illuminate\\Database\\Migrations\\{closure}()
#12 /home/debian/VivaBioApp/vendor/laravel/framework/src/Illuminate/Database/Migrations/Migrator.php(809): Illuminate\\Console\\View\\Components\\Task->render()
#13 /home/debian/VivaBioApp/vendor/laravel/framework/src/Illuminate/Database/Migrations/Migrator.php(250): Illuminate\\Database\\Migrations\\Migrator->write()
#14 /home/debian/VivaBioApp/vendor/laravel/framework/src/Illuminate/Database/Migrations/Migrator.php(210): Illuminate\\Database\\Migrations\\Migrator->runUp()
#15 /home/debian/VivaBioApp/vendor/laravel/framework/src/Illuminate/Database/Migrations/Migrator.php(137): Illuminate\\Database\\Migrations\\Migrator->runPending()
#16 /home/debian/VivaBioApp/vendor/laravel/framework/src/Illuminate/Database/Console/Migrations/MigrateCommand.php(116): Illuminate\\Database\\Migrations\\Migrator->run()
#17 /home/debian/VivaBioApp/vendor/laravel/framework/src/Illuminate/Database/Migrations/Migrator.php(666): Illuminate\\Database\\Console\\Migrations\\MigrateCommand->Illuminate\\Database\\Console\\Migrations\\{closure}()
#18 /home/debian/VivaBioApp/vendor/laravel/framework/src/Illuminate/Database/Console/Migrations/MigrateCommand.php(109): Illuminate\\Database\\Migrations\\Migrator->usingConnection()
#19 /home/debian/VivaBioApp/vendor/laravel/framework/src/Illuminate/Database/Console/Migrations/MigrateCommand.php(88): Illuminate\\Database\\Console\\Migrations\\MigrateCommand->runMigrations()
#20 /home/debian/VivaBioApp/vendor/laravel/framework/src/Illuminate/Container/BoundMethod.php(36): Illuminate\\Database\\Console\\Migrations\\MigrateCommand->handle()
#21 /home/debian/VivaBioApp/vendor/laravel/framework/src/Illuminate/Container/Util.php(43): Illuminate\\Container\\BoundMethod::Illuminate\\Container\\{closure}()
#22 /home/debian/VivaBioApp/vendor/laravel/framework/src/Illuminate/Container/BoundMethod.php(96): Illuminate\\Container\\Util::unwrapIfClosure()
#23 /home/debian/VivaBioApp/vendor/laravel/framework/src/Illuminate/Container/BoundMethod.php(35): Illuminate\\Container\\BoundMethod::callBoundMethod()
#24 /home/debian/VivaBioApp/vendor/laravel/framework/src/Illuminate/Container/Container.php(836): Illuminate\\Container\\BoundMethod::call()
#25 /home/debian/VivaBioApp/vendor/laravel/framework/src/Illuminate/Console/Command.php(211): Illuminate\\Container\\Container->call()
#26 /home/debian/VivaBioApp/vendor/symfony/console/Command/Command.php(318): Illuminate\\Console\\Command->execute()
#27 /home/debian/VivaBioApp/vendor/laravel/framework/src/Illuminate/Console/Command.php(180): Symfony\\Component\\Console\\Command\\Command->run()
#28 /home/debian/VivaBioApp/vendor/laravel/framework/src/Illuminate/Console/Concerns/CallsCommands.php(68): Illuminate\\Console\\Command->run()
#29 /home/debian/VivaBioApp/vendor/laravel/framework/src/Illuminate/Console/Concerns/CallsCommands.php(29): Illuminate\\Console\\Command->runCommand()
#30 /home/debian/VivaBioApp/vendor/laravel/framework/src/Illuminate/Database/Console/Migrations/FreshCommand.php(81): Illuminate\\Console\\Command->call()
#31 /home/debian/VivaBioApp/vendor/laravel/framework/src/Illuminate/Container/BoundMethod.php(36): Illuminate\\Database\\Console\\Migrations\\FreshCommand->handle()
#32 /home/debian/VivaBioApp/vendor/laravel/framework/src/Illuminate/Container/Util.php(43): Illuminate\\Container\\BoundMethod::Illuminate\\Container\\{closure}()
#33 /home/debian/VivaBioApp/vendor/laravel/framework/src/Illuminate/Container/BoundMethod.php(96): Illuminate\\Container\\Util::unwrapIfClosure()
#34 /home/debian/VivaBioApp/vendor/laravel/framework/src/Illuminate/Container/BoundMethod.php(35): Illuminate\\Container\\BoundMethod::callBoundMethod()
#35 /home/debian/VivaBioApp/vendor/laravel/framework/src/Illuminate/Container/Container.php(836): Illuminate\\Container\\BoundMethod::call()
#36 /home/debian/VivaBioApp/vendor/laravel/framework/src/Illuminate/Console/Command.php(211): Illuminate\\Container\\Container->call()
#37 /home/debian/VivaBioApp/vendor/symfony/console/Command/Command.php(318): Illuminate\\Console\\Command->execute()
#38 /home/debian/VivaBioApp/vendor/laravel/framework/src/Illuminate/Console/Command.php(180): Symfony\\Component\\Console\\Command\\Command->run()
#39 /home/debian/VivaBioApp/vendor/symfony/console/Application.php(1110): Illuminate\\Console\\Command->run()
#40 /home/debian/VivaBioApp/vendor/symfony/console/Application.php(359): Symfony\\Component\\Console\\Application->doRunCommand()
#41 /home/debian/VivaBioApp/vendor/symfony/console/Application.php(194): Symfony\\Component\\Console\\Application->doRun()
#42 /home/debian/VivaBioApp/vendor/laravel/framework/src/Illuminate/Foundation/Console/Kernel.php(197): Symfony\\Component\\Console\\Application->run()
#43 /home/debian/VivaBioApp/vendor/laravel/framework/src/Illuminate/Foundation/Application.php(1235): Illuminate\\Foundation\\Console\\Kernel->handle()
#44 /home/debian/VivaBioApp/artisan(16): Illuminate\\Foundation\\Application->handleCommand()
#45 {main}

[previous exception] [object] (PDOException(code: HY000): SQLSTATE[HY000]: General error: 1005 Can't create table `VivaDB`.`commande_fournisseurs` (errno: 150 \"Foreign key constraint is incorrectly formed\") at /home/debian/VivaBioApp/vendor/laravel/framework/src/Illuminate/Database/Connection.php:570)
[stacktrace]
#0 /home/debian/VivaBioApp/vendor/laravel/framework/src/Illuminate/Database/Connection.php(570): PDOStatement->execute()
#1 /home/debian/VivaBioApp/vendor/laravel/framework/src/Illuminate/Database/Connection.php(811): Illuminate\\Database\\Connection->Illuminate\\Database\\{closure}()
#2 /home/debian/VivaBioApp/vendor/laravel/framework/src/Illuminate/Database/Connection.php(778): Illuminate\\Database\\Connection->runQueryCallback()
#3 /home/debian/VivaBioApp/vendor/laravel/framework/src/Illuminate/Database/Connection.php(559): Illuminate\\Database\\Connection->run()
#4 /home/debian/VivaBioApp/vendor/laravel/framework/src/Illuminate/Database/Schema/Blueprint.php(121): Illuminate\\Database\\Connection->statement()
#5 /home/debian/VivaBioApp/vendor/laravel/framework/src/Illuminate/Database/Schema/Builder.php(618): Illuminate\\Database\\Schema\\Blueprint->build()
#6 /home/debian/VivaBioApp/vendor/laravel/framework/src/Illuminate/Database/Schema/Builder.php(472): Illuminate\\Database\\Schema\\Builder->build()
#7 /home/debian/VivaBioApp/vendor/laravel/framework/src/Illuminate/Support/Facades/Facade.php(363): Illuminate\\Database\\Schema\\Builder->create()
#8 /home/debian/VivaBioApp/database/migrations/2025_10_31_161249_create_commande_fournisseurs_table.php(14): Illuminate\\Support\\Facades\\Facade::__callStatic()
#9 /home/debian/VivaBioApp/vendor/laravel/framework/src/Illuminate/Database/Migrations/Migrator.php(514): Illuminate\\Database\\Migrations\\Migration@anonymous->up()
#10 /home/debian/VivaBioApp/vendor/laravel/framework/src/Illuminate/Database/Migrations/Migrator.php(439): Illuminate\\Database\\Migrations\\Migrator->runMethod()
#11 /home/debian/VivaBioApp/vendor/laravel/framework/src/Illuminate/Database/Migrations/Migrator.php(448): Illuminate\\Database\\Migrations\\Migrator->Illuminate\\Database\\Migrations\\{closure}()
#12 /home/debian/VivaBioApp/vendor/laravel/framework/src/Illuminate/Database/Migrations/Migrator.php(250): Illuminate\\Database\\Migrations\\Migrator->runMigration()
#13 /home/debian/VivaBioApp/vendor/laravel/framework/src/Illuminate/Console/View/Components/Task.php(41): Illuminate\\Database\\Migrations\\Migrator->Illuminate\\Database\\Migrations\\{closure}()
#14 /home/debian/VivaBioApp/vendor/laravel/framework/src/Illuminate/Database/Migrations/Migrator.php(809): Illuminate\\Console\\View\\Components\\Task->render()
#15 /home/debian/VivaBioApp/vendor/laravel/framework/src/Illuminate/Database/Migrations/Migrator.php(250): Illuminate\\Database\\Migrations\\Migrator->write()
#16 /home/debian/VivaBioApp/vendor/laravel/framework/src/Illuminate/Database/Migrations/Migrator.php(210): Illuminate\\Database\\Migrations\\Migrator->runUp()
#17 /home/debian/VivaBioApp/vendor/laravel/framework/src/Illuminate/Database/Migrations/Migrator.php(137): Illuminate\\Database\\Migrations\\Migrator->runPending()
#18 /home/debian/VivaBioApp/vendor/laravel/framework/src/Illuminate/Database/Console/Migrations/MigrateCommand.php(116): Illuminate\\Database\\Migrations\\Migrator->run()
#19 /home/debian/VivaBioApp/vendor/laravel/framework/src/Illuminate/Database/Migrations/Migrator.php(666): Illuminate\\Database\\Console\\Migrations\\MigrateCommand->Illuminate\\Database\\Console\\Migrations\\{closure}()
#20 /home/debian/VivaBioApp/vendor/laravel/framework/src/Illuminate/Database/Console/Migrations/MigrateCommand.php(109): Illuminate\\Database\\Migrations\\Migrator->usingConnection()
#21 /home/debian/VivaBioApp/vendor/laravel/framework/src/Illuminate/Database/Console/Migrations/MigrateCommand.php(88): Illuminate\\Database\\Console\\Migrations\\MigrateCommand->runMigrations()
#22 /home/debian/VivaBioApp/vendor/laravel/framework/src/Illuminate/Container/BoundMethod.php(36): Illuminate\\Database\\Console\\Migrations\\MigrateCommand->handle()
#23 /home/debian/VivaBioApp/vendor/laravel/framework/src/Illuminate/Container/Util.php(43): Illuminate\\Container\\BoundMethod::Illuminate\\Container\\{closure}()
#24 /home/debian/VivaBioApp/vendor/laravel/framework/src/Illuminate/Container/BoundMethod.php(96): Illuminate\\Container\\Util::unwrapIfClosure()
#25 /home/debian/VivaBioApp/vendor/laravel/framework/src/Illuminate/Container/BoundMethod.php(35): Illuminate\\Container\\BoundMethod::callBoundMethod()
#26 /home/debian/VivaBioApp/vendor/laravel/framework/src/Illuminate/Container/Container.php(836): Illuminate\\Container\\BoundMethod::call()
#27 /home/debian/VivaBioApp/vendor/laravel/framework/src/Illuminate/Console/Command.php(211): Illuminate\\Container\\Container->call()
#28 /home/debian/VivaBioApp/vendor/symfony/console/Command/Command.php(318): Illuminate\\Console\\Command->execute()
#29 /home/debian/VivaBioApp/vendor/laravel/framework/src/Illuminate/Console/Command.php(180): Symfony\\Component\\Console\\Command\\Command->run()
#30 /home/debian/VivaBioApp/vendor/laravel/framework/src/Illuminate/Console/Concerns/CallsCommands.php(68): Illuminate\\Console\\Command->run()
#31 /home/debian/VivaBioApp/vendor/laravel/framework/src/Illuminate/Console/Concerns/CallsCommands.php(29): Illuminate\\Console\\Command->runCommand()
#32 /home/debian/VivaBioApp/vendor/laravel/framework/src/Illuminate/Database/Console/Migrations/FreshCommand.php(81): Illuminate\\Console\\Command->call()
#33 /home/debian/VivaBioApp/vendor/laravel/framework/src/Illuminate/Container/BoundMethod.php(36): Illuminate\\Database\\Console\\Migrations\\FreshCommand->handle()
#34 /home/debian/VivaBioApp/vendor/laravel/framework/src/Illuminate/Container/Util.php(43): Illuminate\\Container\\BoundMethod::Illuminate\\Container\\{closure}()
#35 /home/debian/VivaBioApp/vendor/laravel/framework/src/Illuminate/Container/BoundMethod.php(96): Illuminate\\Container\\Util::unwrapIfClosure()
#36 /home/debian/VivaBioApp/vendor/laravel/framework/src/Illuminate/Container/BoundMethod.php(35): Illuminate\\Container\\BoundMethod::callBoundMethod()
#37 /home/debian/VivaBioApp/vendor/laravel/framework/src/Illuminate/Container/Container.php(836): Illuminate\\Container\\BoundMethod::call()
#38 /home/debian/VivaBioApp/vendor/laravel/framework/src/Illuminate/Console/Command.php(211): Illuminate\\Container\\Container->call()
#39 /home/debian/VivaBioApp/vendor/symfony/console/Command/Command.php(318): Illuminate\\Console\\Command->execute()
#40 /home/debian/VivaBioApp/vendor/laravel/framework/src/Illuminate/Console/Command.php(180): Symfony\\Component\\Console\\Command\\Command->run()
#41 /home/debian/VivaBioApp/vendor/symfony/console/Application.php(1110): Illuminate\\Console\\Command->run()
#42 /home/debian/VivaBioApp/vendor/symfony/console/Application.php(359): Symfony\\Component\\Console\\Application->doRunCommand()
#43 /home/debian/VivaBioApp/vendor/symfony/console/Application.php(194): Symfony\\Component\\Console\\Application->doRun()
#44 /home/debian/VivaBioApp/vendor/laravel/framework/src/Illuminate/Foundation/Console/Kernel.php(197): Symfony\\Component\\Console\\Application->run()
#45 /home/debian/VivaBioApp/vendor/laravel/framework/src/Illuminate/Foundation/Application.php(1235): Illuminate\\Foundation\\Console\\Kernel->handle()
#46 /home/debian/VivaBioApp/artisan(16): Illuminate\\Foundation\\Application->handleCommand()
#47 {main}
"} 
[2025-10-31 18:09:52] local.ERROR: SQLSTATE[HY000]: General error: 1005 Can't create table `VivaDB`.`commande_fournisseurs` (errno: 150 "Foreign key constraint is incorrectly formed") (Connection: mysql, SQL: alter table `commande_fournisseurs` add constraint `commande_fournisseurs_fournisseur_id_foreign` foreign key (`fournisseur_id`) references `fournisseurs` (`id`)) {"exception":"[object] (Illuminate\\Database\\QueryException(code: HY000): SQLSTATE[HY000]: General error: 1005 Can't create table `VivaDB`.`commande_fournisseurs` (errno: 150 \"Foreign key constraint is incorrectly formed\") (Connection: mysql, SQL: alter table `commande_fournisseurs` add constraint `commande_fournisseurs_fournisseur_id_foreign` foreign key (`fournisseur_id`) references `fournisseurs` (`id`)) at /home/debian/VivaBioApp/vendor/laravel/framework/src/Illuminate/Database/Connection.php:824)
[stacktrace]
#0 /home/debian/VivaBioApp/vendor/laravel/framework/src/Illuminate/Database/Connection.php(778): Illuminate\\Database\\Connection->runQueryCallback()
#1 /home/debian/VivaBioApp/vendor/laravel/framework/src/Illuminate/Database/Connection.php(559): Illuminate\\Database\\Connection->run()
#2 /home/debian/VivaBioApp/vendor/laravel/framework/src/Illuminate/Database/Schema/Blueprint.php(121): Illuminate\\Database\\Connection->statement()
#3 /home/debian/VivaBioApp/vendor/laravel/framework/src/Illuminate/Database/Schema/Builder.php(618): Illuminate\\Database\\Schema\\Blueprint->build()
#4 /home/debian/VivaBioApp/vendor/laravel/framework/src/Illuminate/Database/Schema/Builder.php(472): Illuminate\\Database\\Schema\\Builder->build()
#5 /home/debian/VivaBioApp/vendor/laravel/framework/src/Illuminate/Support/Facades/Facade.php(363): Illuminate\\Database\\Schema\\Builder->create()
#6 /home/debian/VivaBioApp/database/migrations/2025_10_31_161249_create_commande_fournisseurs_table.php(14): Illuminate\\Support\\Facades\\Facade::__callStatic()
#7 /home/debian/VivaBioApp/vendor/laravel/framework/src/Illuminate/Database/Migrations/Migrator.php(514): Illuminate\\Database\\Migrations\\Migration@anonymous->up()
#8 /home/debian/VivaBioApp/vendor/laravel/framework/src/Illuminate/Database/Migrations/Migrator.php(439): Illuminate\\Database\\Migrations\\Migrator->runMethod()
#9 /home/debian/VivaBioApp/vendor/laravel/framework/src/Illuminate/Database/Migrations/Migrator.php(448): Illuminate\\Database\\Migrations\\Migrator->Illuminate\\Database\\Migrations\\{closure}()
#10 /home/debian/VivaBioApp/vendor/laravel/framework/src/Illuminate/Database/Migrations/Migrator.php(250): Illuminate\\Database\\Migrations\\Migrator->runMigration()
#11 /home/debian/VivaBioApp/vendor/laravel/framework/src/Illuminate/Console/View/Components/Task.php(41): Illuminate\\Database\\Migrations\\Migrator->Illuminate\\Database\\Migrations\\{closure}()
#12 /home/debian/VivaBioApp/vendor/laravel/framework/src/Illuminate/Database/Migrations/Migrator.php(809): Illuminate\\Console\\View\\Components\\Task->render()
#13 /home/debian/VivaBioApp/vendor/laravel/framework/src/Illuminate/Database/Migrations/Migrator.php(250): Illuminate\\Database\\Migrations\\Migrator->write()
#14 /home/debian/VivaBioApp/vendor/laravel/framework/src/Illuminate/Database/Migrations/Migrator.php(210): Illuminate\\Database\\Migrations\\Migrator->runUp()
#15 /home/debian/VivaBioApp/vendor/laravel/framework/src/Illuminate/Database/Migrations/Migrator.php(137): Illuminate\\Database\\Migrations\\Migrator->runPending()
#16 /home/debian/VivaBioApp/vendor/laravel/framework/src/Illuminate/Database/Console/Migrations/MigrateCommand.php(116): Illuminate\\Database\\Migrations\\Migrator->run()
#17 /home/debian/VivaBioApp/vendor/laravel/framework/src/Illuminate/Database/Migrations/Migrator.php(666): Illuminate\\Database\\Console\\Migrations\\MigrateCommand->Illuminate\\Database\\Console\\Migrations\\{closure}()
#18 /home/debian/VivaBioApp/vendor/laravel/framework/src/Illuminate/Database/Console/Migrations/MigrateCommand.php(109): Illuminate\\Database\\Migrations\\Migrator->usingConnection()
#19 /home/debian/VivaBioApp/vendor/laravel/framework/src/Illuminate/Database/Console/Migrations/MigrateCommand.php(88): Illuminate\\Database\\Console\\Migrations\\MigrateCommand->runMigrations()
#20 /home/debian/VivaBioApp/vendor/laravel/framework/src/Illuminate/Container/BoundMethod.php(36): Illuminate\\Database\\Console\\Migrations\\MigrateCommand->handle()
#21 /home/debian/VivaBioApp/vendor/laravel/framework/src/Illuminate/Container/Util.php(43): Illuminate\\Container\\BoundMethod::Illuminate\\Container\\{closure}()
#22 /home/debian/VivaBioApp/vendor/laravel/framework/src/Illuminate/Container/BoundMethod.php(96): Illuminate\\Container\\Util::unwrapIfClosure()
#23 /home/debian/VivaBioApp/vendor/laravel/framework/src/Illuminate/Container/BoundMethod.php(35): Illuminate\\Container\\BoundMethod::callBoundMethod()
#24 /home/debian/VivaBioApp/vendor/laravel/framework/src/Illuminate/Container/Container.php(836): Illuminate\\Container\\BoundMethod::call()
#25 /home/debian/VivaBioApp/vendor/laravel/framework/src/Illuminate/Console/Command.php(211): Illuminate\\Container\\Container->call()
#26 /home/debian/VivaBioApp/vendor/symfony/console/Command/Command.php(318): Illuminate\\Console\\Command->execute()
#27 /home/debian/VivaBioApp/vendor/laravel/framework/src/Illuminate/Console/Command.php(180): Symfony\\Component\\Console\\Command\\Command->run()
#28 /home/debian/VivaBioApp/vendor/laravel/framework/src/Illuminate/Console/Concerns/CallsCommands.php(68): Illuminate\\Console\\Command->run()
#29 /home/debian/VivaBioApp/vendor/laravel/framework/src/Illuminate/Console/Concerns/CallsCommands.php(29): Illuminate\\Console\\Command->runCommand()
#30 /home/debian/VivaBioApp/vendor/laravel/framework/src/Illuminate/Database/Console/Migrations/FreshCommand.php(81): Illuminate\\Console\\Command->call()
#31 /home/debian/VivaBioApp/vendor/laravel/framework/src/Illuminate/Container/BoundMethod.php(36): Illuminate\\Database\\Console\\Migrations\\FreshCommand->handle()
#32 /home/debian/VivaBioApp/vendor/laravel/framework/src/Illuminate/Container/Util.php(43): Illuminate\\Container\\BoundMethod::Illuminate\\Container\\{closure}()
#33 /home/debian/VivaBioApp/vendor/laravel/framework/src/Illuminate/Container/BoundMethod.php(96): Illuminate\\Container\\Util::unwrapIfClosure()
#34 /home/debian/VivaBioApp/vendor/laravel/framework/src/Illuminate/Container/BoundMethod.php(35): Illuminate\\Container\\BoundMethod::callBoundMethod()
#35 /home/debian/VivaBioApp/vendor/laravel/framework/src/Illuminate/Container/Container.php(836): Illuminate\\Container\\BoundMethod::call()
#36 /home/debian/VivaBioApp/vendor/laravel/framework/src/Illuminate/Console/Command.php(211): Illuminate\\Container\\Container->call()
#37 /home/debian/VivaBioApp/vendor/symfony/console/Command/Command.php(318): Illuminate\\Console\\Command->execute()
#38 /home/debian/VivaBioApp/vendor/laravel/framework/src/Illuminate/Console/Command.php(180): Symfony\\Component\\Console\\Command\\Command->run()
#39 /home/debian/VivaBioApp/vendor/symfony/console/Application.php(1110): Illuminate\\Console\\Command->run()
#40 /home/debian/VivaBioApp/vendor/symfony/console/Application.php(359): Symfony\\Component\\Console\\Application->doRunCommand()
#41 /home/debian/VivaBioApp/vendor/symfony/console/Application.php(194): Symfony\\Component\\Console\\Application->doRun()
#42 /home/debian/VivaBioApp/vendor/laravel/framework/src/Illuminate/Foundation/Console/Kernel.php(197): Symfony\\Component\\Console\\Application->run()
#43 /home/debian/VivaBioApp/vendor/laravel/framework/src/Illuminate/Foundation/Application.php(1235): Illuminate\\Foundation\\Console\\Kernel->handle()
#44 /home/debian/VivaBioApp/artisan(16): Illuminate\\Foundation\\Application->handleCommand()
#45 {main}

[previous exception] [object] (PDOException(code: HY000): SQLSTATE[HY000]: General error: 1005 Can't create table `VivaDB`.`commande_fournisseurs` (errno: 150 \"Foreign key constraint is incorrectly formed\") at /home/debian/VivaBioApp/vendor/laravel/framework/src/Illuminate/Database/Connection.php:570)
[stacktrace]
#0 /home/debian/VivaBioApp/vendor/laravel/framework/src/Illuminate/Database/Connection.php(570): PDOStatement->execute()
#1 /home/debian/VivaBioApp/vendor/laravel/framework/src/Illuminate/Database/Connection.php(811): Illuminate\\Database\\Connection->Illuminate\\Database\\{closure}()
#2 /home/debian/VivaBioApp/vendor/laravel/framework/src/Illuminate/Database/Connection.php(778): Illuminate\\Database\\Connection->runQueryCallback()
#3 /home/debian/VivaBioApp/vendor/laravel/framework/src/Illuminate/Database/Connection.php(559): Illuminate\\Database\\Connection->run()
#4 /home/debian/VivaBioApp/vendor/laravel/framework/src/Illuminate/Database/Schema/Blueprint.php(121): Illuminate\\Database\\Connection->statement()
#5 /home/debian/VivaBioApp/vendor/laravel/framework/src/Illuminate/Database/Schema/Builder.php(618): Illuminate\\Database\\Schema\\Blueprint->build()
#6 /home/debian/VivaBioApp/vendor/laravel/framework/src/Illuminate/Database/Schema/Builder.php(472): Illuminate\\Database\\Schema\\Builder->build()
#7 /home/debian/VivaBioApp/vendor/laravel/framework/src/Illuminate/Support/Facades/Facade.php(363): Illuminate\\Database\\Schema\\Builder->create()
#8 /home/debian/VivaBioApp/database/migrations/2025_10_31_161249_create_commande_fournisseurs_table.php(14): Illuminate\\Support\\Facades\\Facade::__callStatic()
#9 /home/debian/VivaBioApp/vendor/laravel/framework/src/Illuminate/Database/Migrations/Migrator.php(514): Illuminate\\Database\\Migrations\\Migration@anonymous->up()
#10 /home/debian/VivaBioApp/vendor/laravel/framework/src/Illuminate/Database/Migrations/Migrator.php(439): Illuminate\\Database\\Migrations\\Migrator->runMethod()
#11 /home/debian/VivaBioApp/vendor/laravel/framework/src/Illuminate/Database/Migrations/Migrator.php(448): Illuminate\\Database\\Migrations\\Migrator->Illuminate\\Database\\Migrations\\{closure}()
#12 /home/debian/VivaBioApp/vendor/laravel/framework/src/Illuminate/Database/Migrations/Migrator.php(250): Illuminate\\Database\\Migrations\\Migrator->runMigration()
#13 /home/debian/VivaBioApp/vendor/laravel/framework/src/Illuminate/Console/View/Components/Task.php(41): Illuminate\\Database\\Migrations\\Migrator->Illuminate\\Database\\Migrations\\{closure}()
#14 /home/debian/VivaBioApp/vendor/laravel/framework/src/Illuminate/Database/Migrations/Migrator.php(809): Illuminate\\Console\\View\\Components\\Task->render()
#15 /home/debian/VivaBioApp/vendor/laravel/framework/src/Illuminate/Database/Migrations/Migrator.php(250): Illuminate\\Database\\Migrations\\Migrator->write()
#16 /home/debian/VivaBioApp/vendor/laravel/framework/src/Illuminate/Database/Migrations/Migrator.php(210): Illuminate\\Database\\Migrations\\Migrator->runUp()
#17 /home/debian/VivaBioApp/vendor/laravel/framework/src/Illuminate/Database/Migrations/Migrator.php(137): Illuminate\\Database\\Migrations\\Migrator->runPending()
#18 /home/debian/VivaBioApp/vendor/laravel/framework/src/Illuminate/Database/Console/Migrations/MigrateCommand.php(116): Illuminate\\Database\\Migrations\\Migrator->run()
#19 /home/debian/VivaBioApp/vendor/laravel/framework/src/Illuminate/Database/Migrations/Migrator.php(666): Illuminate\\Database\\Console\\Migrations\\MigrateCommand->Illuminate\\Database\\Console\\Migrations\\{closure}()
#20 /home/debian/VivaBioApp/vendor/laravel/framework/src/Illuminate/Database/Console/Migrations/MigrateCommand.php(109): Illuminate\\Database\\Migrations\\Migrator->usingConnection()
#21 /home/debian/VivaBioApp/vendor/laravel/framework/src/Illuminate/Database/Console/Migrations/MigrateCommand.php(88): Illuminate\\Database\\Console\\Migrations\\MigrateCommand->runMigrations()
#22 /home/debian/VivaBioApp/vendor/laravel/framework/src/Illuminate/Container/BoundMethod.php(36): Illuminate\\Database\\Console\\Migrations\\MigrateCommand->handle()
#23 /home/debian/VivaBioApp/vendor/laravel/framework/src/Illuminate/Container/Util.php(43): Illuminate\\Container\\BoundMethod::Illuminate\\Container\\{closure}()
#24 /home/debian/VivaBioApp/vendor/laravel/framework/src/Illuminate/Container/BoundMethod.php(96): Illuminate\\Container\\Util::unwrapIfClosure()
#25 /home/debian/VivaBioApp/vendor/laravel/framework/src/Illuminate/Container/BoundMethod.php(35): Illuminate\\Container\\BoundMethod::callBoundMethod()
#26 /home/debian/VivaBioApp/vendor/laravel/framework/src/Illuminate/Container/Container.php(836): Illuminate\\Container\\BoundMethod::call()
#27 /home/debian/VivaBioApp/vendor/laravel/framework/src/Illuminate/Console/Command.php(211): Illuminate\\Container\\Container->call()
#28 /home/debian/VivaBioApp/vendor/symfony/console/Command/Command.php(318): Illuminate\\Console\\Command->execute()
#29 /home/debian/VivaBioApp/vendor/laravel/framework/src/Illuminate/Console/Command.php(180): Symfony\\Component\\Console\\Command\\Command->run()
#30 /home/debian/VivaBioApp/vendor/laravel/framework/src/Illuminate/Console/Concerns/CallsCommands.php(68): Illuminate\\Console\\Command->run()
#31 /home/debian/VivaBioApp/vendor/laravel/framework/src/Illuminate/Console/Concerns/CallsCommands.php(29): Illuminate\\Console\\Command->runCommand()
#32 /home/debian/VivaBioApp/vendor/laravel/framework/src/Illuminate/Database/Console/Migrations/FreshCommand.php(81): Illuminate\\Console\\Command->call()
#33 /home/debian/VivaBioApp/vendor/laravel/framework/src/Illuminate/Container/BoundMethod.php(36): Illuminate\\Database\\Console\\Migrations\\FreshCommand->handle()
#34 /home/debian/VivaBioApp/vendor/laravel/framework/src/Illuminate/Container/Util.php(43): Illuminate\\Container\\BoundMethod::Illuminate\\Container\\{closure}()
#35 /home/debian/VivaBioApp/vendor/laravel/framework/src/Illuminate/Container/BoundMethod.php(96): Illuminate\\Container\\Util::unwrapIfClosure()
#36 /home/debian/VivaBioApp/vendor/laravel/framework/src/Illuminate/Container/BoundMethod.php(35): Illuminate\\Container\\BoundMethod::callBoundMethod()
#37 /home/debian/VivaBioApp/vendor/laravel/framework/src/Illuminate/Container/Container.php(836): Illuminate\\Container\\BoundMethod::call()
#38 /home/debian/VivaBioApp/vendor/laravel/framework/src/Illuminate/Console/Command.php(211): Illuminate\\Container\\Container->call()
#39 /home/debian/VivaBioApp/vendor/symfony/console/Command/Command.php(318): Illuminate\\Console\\Command->execute()
#40 /home/debian/VivaBioApp/vendor/laravel/framework/src/Illuminate/Console/Command.php(180): Symfony\\Component\\Console\\Command\\Command->run()
#41 /home/debian/VivaBioApp/vendor/symfony/console/Application.php(1110): Illuminate\\Console\\Command->run()
#42 /home/debian/VivaBioApp/vendor/symfony/console/Application.php(359): Symfony\\Component\\Console\\Application->doRunCommand()
#43 /home/debian/VivaBioApp/vendor/symfony/console/Application.php(194): Symfony\\Component\\Console\\Application->doRun()
#44 /home/debian/VivaBioApp/vendor/laravel/framework/src/Illuminate/Foundation/Console/Kernel.php(197): Symfony\\Component\\Console\\Application->run()
#45 /home/debian/VivaBioApp/vendor/laravel/framework/src/Illuminate/Foundation/Application.php(1235): Illuminate\\Foundation\\Console\\Kernel->handle()
#46 /home/debian/VivaBioApp/artisan(16): Illuminate\\Foundation\\Application->handleCommand()
#47 {main}
"} 
[2025-10-31 18:11:07] local.ERROR: SQLSTATE[HY000]: General error: 1005 Can't create table `VivaDB`.`commande_fournisseurs` (errno: 150 "Foreign key constraint is incorrectly formed") (Connection: mysql, SQL: alter table `commande_fournisseurs` add constraint `commande_fournisseurs_fournisseur_id_foreign` foreign key (`fournisseur_id`) references `fournisseurs` (`id`)) {"exception":"[object] (Illuminate\\Database\\QueryException(code: HY000): SQLSTATE[HY000]: General error: 1005 Can't create table `VivaDB`.`commande_fournisseurs` (errno: 150 \"Foreign key constraint is incorrectly formed\") (Connection: mysql, SQL: alter table `commande_fournisseurs` add constraint `commande_fournisseurs_fournisseur_id_foreign` foreign key (`fournisseur_id`) references `fournisseurs` (`id`)) at /home/debian/VivaBioApp/vendor/laravel/framework/src/Illuminate/Database/Connection.php:824)
[stacktrace]
#0 /home/debian/VivaBioApp/vendor/laravel/framework/src/Illuminate/Database/Connection.php(778): Illuminate\\Database\\Connection->runQueryCallback()
#1 /home/debian/VivaBioApp/vendor/laravel/framework/src/Illuminate/Database/Connection.php(559): Illuminate\\Database\\Connection->run()
#2 /home/debian/VivaBioApp/vendor/laravel/framework/src/Illuminate/Database/Schema/Blueprint.php(121): Illuminate\\Database\\Connection->statement()
#3 /home/debian/VivaBioApp/vendor/laravel/framework/src/Illuminate/Database/Schema/Builder.php(618): Illuminate\\Database\\Schema\\Blueprint->build()
#4 /home/debian/VivaBioApp/vendor/laravel/framework/src/Illuminate/Database/Schema/Builder.php(472): Illuminate\\Database\\Schema\\Builder->build()
#5 /home/debian/VivaBioApp/vendor/laravel/framework/src/Illuminate/Support/Facades/Facade.php(363): Illuminate\\Database\\Schema\\Builder->create()
#6 /home/debian/VivaBioApp/database/migrations/2025_10_31_161249_create_commande_fournisseurs_table.php(14): Illuminate\\Support\\Facades\\Facade::__callStatic()
#7 /home/debian/VivaBioApp/vendor/laravel/framework/src/Illuminate/Database/Migrations/Migrator.php(514): Illuminate\\Database\\Migrations\\Migration@anonymous->up()
#8 /home/debian/VivaBioApp/vendor/laravel/framework/src/Illuminate/Database/Migrations/Migrator.php(439): Illuminate\\Database\\Migrations\\Migrator->runMethod()
#9 /home/debian/VivaBioApp/vendor/laravel/framework/src/Illuminate/Database/Migrations/Migrator.php(448): Illuminate\\Database\\Migrations\\Migrator->Illuminate\\Database\\Migrations\\{closure}()
#10 /home/debian/VivaBioApp/vendor/laravel/framework/src/Illuminate/Database/Migrations/Migrator.php(250): Illuminate\\Database\\Migrations\\Migrator->runMigration()
#11 /home/debian/VivaBioApp/vendor/laravel/framework/src/Illuminate/Console/View/Components/Task.php(41): Illuminate\\Database\\Migrations\\Migrator->Illuminate\\Database\\Migrations\\{closure}()
#12 /home/debian/VivaBioApp/vendor/laravel/framework/src/Illuminate/Database/Migrations/Migrator.php(809): Illuminate\\Console\\View\\Components\\Task->render()
#13 /home/debian/VivaBioApp/vendor/laravel/framework/src/Illuminate/Database/Migrations/Migrator.php(250): Illuminate\\Database\\Migrations\\Migrator->write()
#14 /home/debian/VivaBioApp/vendor/laravel/framework/src/Illuminate/Database/Migrations/Migrator.php(210): Illuminate\\Database\\Migrations\\Migrator->runUp()
#15 /home/debian/VivaBioApp/vendor/laravel/framework/src/Illuminate/Database/Migrations/Migrator.php(137): Illuminate\\Database\\Migrations\\Migrator->runPending()
#16 /home/debian/VivaBioApp/vendor/laravel/framework/src/Illuminate/Database/Console/Migrations/MigrateCommand.php(116): Illuminate\\Database\\Migrations\\Migrator->run()
#17 /home/debian/VivaBioApp/vendor/laravel/framework/src/Illuminate/Database/Migrations/Migrator.php(666): Illuminate\\Database\\Console\\Migrations\\MigrateCommand->Illuminate\\Database\\Console\\Migrations\\{closure}()
#18 /home/debian/VivaBioApp/vendor/laravel/framework/src/Illuminate/Database/Console/Migrations/MigrateCommand.php(109): Illuminate\\Database\\Migrations\\Migrator->usingConnection()
#19 /home/debian/VivaBioApp/vendor/laravel/framework/src/Illuminate/Database/Console/Migrations/MigrateCommand.php(88): Illuminate\\Database\\Console\\Migrations\\MigrateCommand->runMigrations()
#20 /home/debian/VivaBioApp/vendor/laravel/framework/src/Illuminate/Container/BoundMethod.php(36): Illuminate\\Database\\Console\\Migrations\\MigrateCommand->handle()
#21 /home/debian/VivaBioApp/vendor/laravel/framework/src/Illuminate/Container/Util.php(43): Illuminate\\Container\\BoundMethod::Illuminate\\Container\\{closure}()
#22 /home/debian/VivaBioApp/vendor/laravel/framework/src/Illuminate/Container/BoundMethod.php(96): Illuminate\\Container\\Util::unwrapIfClosure()
#23 /home/debian/VivaBioApp/vendor/laravel/framework/src/Illuminate/Container/BoundMethod.php(35): Illuminate\\Container\\BoundMethod::callBoundMethod()
#24 /home/debian/VivaBioApp/vendor/laravel/framework/src/Illuminate/Container/Container.php(836): Illuminate\\Container\\BoundMethod::call()
#25 /home/debian/VivaBioApp/vendor/laravel/framework/src/Illuminate/Console/Command.php(211): Illuminate\\Container\\Container->call()
#26 /home/debian/VivaBioApp/vendor/symfony/console/Command/Command.php(318): Illuminate\\Console\\Command->execute()
#27 /home/debian/VivaBioApp/vendor/laravel/framework/src/Illuminate/Console/Command.php(180): Symfony\\Component\\Console\\Command\\Command->run()
#28 /home/debian/VivaBioApp/vendor/laravel/framework/src/Illuminate/Console/Concerns/CallsCommands.php(68): Illuminate\\Console\\Command->run()
#29 /home/debian/VivaBioApp/vendor/laravel/framework/src/Illuminate/Console/Concerns/CallsCommands.php(29): Illuminate\\Console\\Command->runCommand()
#30 /home/debian/VivaBioApp/vendor/laravel/framework/src/Illuminate/Database/Console/Migrations/FreshCommand.php(81): Illuminate\\Console\\Command->call()
#31 /home/debian/VivaBioApp/vendor/laravel/framework/src/Illuminate/Container/BoundMethod.php(36): Illuminate\\Database\\Console\\Migrations\\FreshCommand->handle()
#32 /home/debian/VivaBioApp/vendor/laravel/framework/src/Illuminate/Container/Util.php(43): Illuminate\\Container\\BoundMethod::Illuminate\\Container\\{closure}()
#33 /home/debian/VivaBioApp/vendor/laravel/framework/src/Illuminate/Container/BoundMethod.php(96): Illuminate\\Container\\Util::unwrapIfClosure()
#34 /home/debian/VivaBioApp/vendor/laravel/framework/src/Illuminate/Container/BoundMethod.php(35): Illuminate\\Container\\BoundMethod::callBoundMethod()
#35 /home/debian/VivaBioApp/vendor/laravel/framework/src/Illuminate/Container/Container.php(836): Illuminate\\Container\\BoundMethod::call()
#36 /home/debian/VivaBioApp/vendor/laravel/framework/src/Illuminate/Console/Command.php(211): Illuminate\\Container\\Container->call()
#37 /home/debian/VivaBioApp/vendor/symfony/console/Command/Command.php(318): Illuminate\\Console\\Command->execute()
#38 /home/debian/VivaBioApp/vendor/laravel/framework/src/Illuminate/Console/Command.php(180): Symfony\\Component\\Console\\Command\\Command->run()
#39 /home/debian/VivaBioApp/vendor/symfony/console/Application.php(1110): Illuminate\\Console\\Command->run()
#40 /home/debian/VivaBioApp/vendor/symfony/console/Application.php(359): Symfony\\Component\\Console\\Application->doRunCommand()
#41 /home/debian/VivaBioApp/vendor/symfony/console/Application.php(194): Symfony\\Component\\Console\\Application->doRun()
#42 /home/debian/VivaBioApp/vendor/laravel/framework/src/Illuminate/Foundation/Console/Kernel.php(197): Symfony\\Component\\Console\\Application->run()
#43 /home/debian/VivaBioApp/vendor/laravel/framework/src/Illuminate/Foundation/Application.php(1235): Illuminate\\Foundation\\Console\\Kernel->handle()
#44 /home/debian/VivaBioApp/artisan(16): Illuminate\\Foundation\\Application->handleCommand()
#45 {main}

[previous exception] [object] (PDOException(code: HY000): SQLSTATE[HY000]: General error: 1005 Can't create table `VivaDB`.`commande_fournisseurs` (errno: 150 \"Foreign key constraint is incorrectly formed\") at /home/debian/VivaBioApp/vendor/laravel/framework/src/Illuminate/Database/Connection.php:570)
[stacktrace]
#0 /home/debian/VivaBioApp/vendor/laravel/framework/src/Illuminate/Database/Connection.php(570): PDOStatement->execute()
#1 /home/debian/VivaBioApp/vendor/laravel/framework/src/Illuminate/Database/Connection.php(811): Illuminate\\Database\\Connection->Illuminate\\Database\\{closure}()
#2 /home/debian/VivaBioApp/vendor/laravel/framework/src/Illuminate/Database/Connection.php(778): Illuminate\\Database\\Connection->runQueryCallback()
#3 /home/debian/VivaBioApp/vendor/laravel/framework/src/Illuminate/Database/Connection.php(559): Illuminate\\Database\\Connection->run()
#4 /home/debian/VivaBioApp/vendor/laravel/framework/src/Illuminate/Database/Schema/Blueprint.php(121): Illuminate\\Database\\Connection->statement()
#5 /home/debian/VivaBioApp/vendor/laravel/framework/src/Illuminate/Database/Schema/Builder.php(618): Illuminate\\Database\\Schema\\Blueprint->build()
#6 /home/debian/VivaBioApp/vendor/laravel/framework/src/Illuminate/Database/Schema/Builder.php(472): Illuminate\\Database\\Schema\\Builder->build()
#7 /home/debian/VivaBioApp/vendor/laravel/framework/src/Illuminate/Support/Facades/Facade.php(363): Illuminate\\Database\\Schema\\Builder->create()
#8 /home/debian/VivaBioApp/database/migrations/2025_10_31_161249_create_commande_fournisseurs_table.php(14): Illuminate\\Support\\Facades\\Facade::__callStatic()
#9 /home/debian/VivaBioApp/vendor/laravel/framework/src/Illuminate/Database/Migrations/Migrator.php(514): Illuminate\\Database\\Migrations\\Migration@anonymous->up()
#10 /home/debian/VivaBioApp/vendor/laravel/framework/src/Illuminate/Database/Migrations/Migrator.php(439): Illuminate\\Database\\Migrations\\Migrator->runMethod()
#11 /home/debian/VivaBioApp/vendor/laravel/framework/src/Illuminate/Database/Migrations/Migrator.php(448): Illuminate\\Database\\Migrations\\Migrator->Illuminate\\Database\\Migrations\\{closure}()
#12 /home/debian/VivaBioApp/vendor/laravel/framework/src/Illuminate/Database/Migrations/Migrator.php(250): Illuminate\\Database\\Migrations\\Migrator->runMigration()
#13 /home/debian/VivaBioApp/vendor/laravel/framework/src/Illuminate/Console/View/Components/Task.php(41): Illuminate\\Database\\Migrations\\Migrator->Illuminate\\Database\\Migrations\\{closure}()
#14 /home/debian/VivaBioApp/vendor/laravel/framework/src/Illuminate/Database/Migrations/Migrator.php(809): Illuminate\\Console\\View\\Components\\Task->render()
#15 /home/debian/VivaBioApp/vendor/laravel/framework/src/Illuminate/Database/Migrations/Migrator.php(250): Illuminate\\Database\\Migrations\\Migrator->write()
#16 /home/debian/VivaBioApp/vendor/laravel/framework/src/Illuminate/Database/Migrations/Migrator.php(210): Illuminate\\Database\\Migrations\\Migrator->runUp()
#17 /home/debian/VivaBioApp/vendor/laravel/framework/src/Illuminate/Database/Migrations/Migrator.php(137): Illuminate\\Database\\Migrations\\Migrator->runPending()
#18 /home/debian/VivaBioApp/vendor/laravel/framework/src/Illuminate/Database/Console/Migrations/MigrateCommand.php(116): Illuminate\\Database\\Migrations\\Migrator->run()
#19 /home/debian/VivaBioApp/vendor/laravel/framework/src/Illuminate/Database/Migrations/Migrator.php(666): Illuminate\\Database\\Console\\Migrations\\MigrateCommand->Illuminate\\Database\\Console\\Migrations\\{closure}()
#20 /home/debian/VivaBioApp/vendor/laravel/framework/src/Illuminate/Database/Console/Migrations/MigrateCommand.php(109): Illuminate\\Database\\Migrations\\Migrator->usingConnection()
#21 /home/debian/VivaBioApp/vendor/laravel/framework/src/Illuminate/Database/Console/Migrations/MigrateCommand.php(88): Illuminate\\Database\\Console\\Migrations\\MigrateCommand->runMigrations()
#22 /home/debian/VivaBioApp/vendor/laravel/framework/src/Illuminate/Container/BoundMethod.php(36): Illuminate\\Database\\Console\\Migrations\\MigrateCommand->handle()
#23 /home/debian/VivaBioApp/vendor/laravel/framework/src/Illuminate/Container/Util.php(43): Illuminate\\Container\\BoundMethod::Illuminate\\Container\\{closure}()
#24 /home/debian/VivaBioApp/vendor/laravel/framework/src/Illuminate/Container/BoundMethod.php(96): Illuminate\\Container\\Util::unwrapIfClosure()
#25 /home/debian/VivaBioApp/vendor/laravel/framework/src/Illuminate/Container/BoundMethod.php(35): Illuminate\\Container\\BoundMethod::callBoundMethod()
#26 /home/debian/VivaBioApp/vendor/laravel/framework/src/Illuminate/Container/Container.php(836): Illuminate\\Container\\BoundMethod::call()
#27 /home/debian/VivaBioApp/vendor/laravel/framework/src/Illuminate/Console/Command.php(211): Illuminate\\Container\\Container->call()
#28 /home/debian/VivaBioApp/vendor/symfony/console/Command/Command.php(318): Illuminate\\Console\\Command->execute()
#29 /home/debian/VivaBioApp/vendor/laravel/framework/src/Illuminate/Console/Command.php(180): Symfony\\Component\\Console\\Command\\Command->run()
#30 /home/debian/VivaBioApp/vendor/laravel/framework/src/Illuminate/Console/Concerns/CallsCommands.php(68): Illuminate\\Console\\Command->run()
#31 /home/debian/VivaBioApp/vendor/laravel/framework/src/Illuminate/Console/Concerns/CallsCommands.php(29): Illuminate\\Console\\Command->runCommand()
#32 /home/debian/VivaBioApp/vendor/laravel/framework/src/Illuminate/Database/Console/Migrations/FreshCommand.php(81): Illuminate\\Console\\Command->call()
#33 /home/debian/VivaBioApp/vendor/laravel/framework/src/Illuminate/Container/BoundMethod.php(36): Illuminate\\Database\\Console\\Migrations\\FreshCommand->handle()
#34 /home/debian/VivaBioApp/vendor/laravel/framework/src/Illuminate/Container/Util.php(43): Illuminate\\Container\\BoundMethod::Illuminate\\Container\\{closure}()
#35 /home/debian/VivaBioApp/vendor/laravel/framework/src/Illuminate/Container/BoundMethod.php(96): Illuminate\\Container\\Util::unwrapIfClosure()
#36 /home/debian/VivaBioApp/vendor/laravel/framework/src/Illuminate/Container/BoundMethod.php(35): Illuminate\\Container\\BoundMethod::callBoundMethod()
#37 /home/debian/VivaBioApp/vendor/laravel/framework/src/Illuminate/Container/Container.php(836): Illuminate\\Container\\BoundMethod::call()
#38 /home/debian/VivaBioApp/vendor/laravel/framework/src/Illuminate/Console/Command.php(211): Illuminate\\Container\\Container->call()
#39 /home/debian/VivaBioApp/vendor/symfony/console/Command/Command.php(318): Illuminate\\Console\\Command->execute()
#40 /home/debian/VivaBioApp/vendor/laravel/framework/src/Illuminate/Console/Command.php(180): Symfony\\Component\\Console\\Command\\Command->run()
#41 /home/debian/VivaBioApp/vendor/symfony/console/Application.php(1110): Illuminate\\Console\\Command->run()
#42 /home/debian/VivaBioApp/vendor/symfony/console/Application.php(359): Symfony\\Component\\Console\\Application->doRunCommand()
#43 /home/debian/VivaBioApp/vendor/symfony/console/Application.php(194): Symfony\\Component\\Console\\Application->doRun()
#44 /home/debian/VivaBioApp/vendor/laravel/framework/src/Illuminate/Foundation/Console/Kernel.php(197): Symfony\\Component\\Console\\Application->run()
#45 /home/debian/VivaBioApp/vendor/laravel/framework/src/Illuminate/Foundation/Application.php(1235): Illuminate\\Foundation\\Console\\Kernel->handle()
#46 /home/debian/VivaBioApp/artisan(16): Illuminate\\Foundation\\Application->handleCommand()
#47 {main}
"} 
[2025-10-31 18:13:04] local.ERROR: SQLSTATE[HY000]: General error: 1005 Can't create table `VivaDB`.`commande_fournisseurs` (errno: 150 "Foreign key constraint is incorrectly formed") (Connection: mysql, SQL: alter table `commande_fournisseurs` add constraint `commande_fournisseurs_fournisseur_id_foreign` foreign key (`fournisseur_id`) references `fournisseurs` (`id`) on delete cascade) {"exception":"[object] (Illuminate\\Database\\QueryException(code: HY000): SQLSTATE[HY000]: General error: 1005 Can't create table `VivaDB`.`commande_fournisseurs` (errno: 150 \"Foreign key constraint is incorrectly formed\") (Connection: mysql, SQL: alter table `commande_fournisseurs` add constraint `commande_fournisseurs_fournisseur_id_foreign` foreign key (`fournisseur_id`) references `fournisseurs` (`id`) on delete cascade) at /home/debian/VivaBioApp/vendor/laravel/framework/src/Illuminate/Database/Connection.php:824)
[stacktrace]
#0 /home/debian/VivaBioApp/vendor/laravel/framework/src/Illuminate/Database/Connection.php(778): Illuminate\\Database\\Connection->runQueryCallback()
#1 /home/debian/VivaBioApp/vendor/laravel/framework/src/Illuminate/Database/Connection.php(559): Illuminate\\Database\\Connection->run()
#2 /home/debian/VivaBioApp/vendor/laravel/framework/src/Illuminate/Database/Schema/Blueprint.php(121): Illuminate\\Database\\Connection->statement()
#3 /home/debian/VivaBioApp/vendor/laravel/framework/src/Illuminate/Database/Schema/Builder.php(618): Illuminate\\Database\\Schema\\Blueprint->build()
#4 /home/debian/VivaBioApp/vendor/laravel/framework/src/Illuminate/Database/Schema/Builder.php(472): Illuminate\\Database\\Schema\\Builder->build()
#5 /home/debian/VivaBioApp/vendor/laravel/framework/src/Illuminate/Support/Facades/Facade.php(363): Illuminate\\Database\\Schema\\Builder->create()
#6 /home/debian/VivaBioApp/database/migrations/2025_10_31_161249_create_commande_fournisseurs_table.php(11): Illuminate\\Support\\Facades\\Facade::__callStatic()
#7 /home/debian/VivaBioApp/vendor/laravel/framework/src/Illuminate/Database/Migrations/Migrator.php(514): Illuminate\\Database\\Migrations\\Migration@anonymous->up()
#8 /home/debian/VivaBioApp/vendor/laravel/framework/src/Illuminate/Database/Migrations/Migrator.php(439): Illuminate\\Database\\Migrations\\Migrator->runMethod()
#9 /home/debian/VivaBioApp/vendor/laravel/framework/src/Illuminate/Database/Migrations/Migrator.php(448): Illuminate\\Database\\Migrations\\Migrator->Illuminate\\Database\\Migrations\\{closure}()
#10 /home/debian/VivaBioApp/vendor/laravel/framework/src/Illuminate/Database/Migrations/Migrator.php(250): Illuminate\\Database\\Migrations\\Migrator->runMigration()
#11 /home/debian/VivaBioApp/vendor/laravel/framework/src/Illuminate/Console/View/Components/Task.php(41): Illuminate\\Database\\Migrations\\Migrator->Illuminate\\Database\\Migrations\\{closure}()
#12 /home/debian/VivaBioApp/vendor/laravel/framework/src/Illuminate/Database/Migrations/Migrator.php(809): Illuminate\\Console\\View\\Components\\Task->render()
#13 /home/debian/VivaBioApp/vendor/laravel/framework/src/Illuminate/Database/Migrations/Migrator.php(250): Illuminate\\Database\\Migrations\\Migrator->write()
#14 /home/debian/VivaBioApp/vendor/laravel/framework/src/Illuminate/Database/Migrations/Migrator.php(210): Illuminate\\Database\\Migrations\\Migrator->runUp()
#15 /home/debian/VivaBioApp/vendor/laravel/framework/src/Illuminate/Database/Migrations/Migrator.php(137): Illuminate\\Database\\Migrations\\Migrator->runPending()
#16 /home/debian/VivaBioApp/vendor/laravel/framework/src/Illuminate/Database/Console/Migrations/MigrateCommand.php(116): Illuminate\\Database\\Migrations\\Migrator->run()
#17 /home/debian/VivaBioApp/vendor/laravel/framework/src/Illuminate/Database/Migrations/Migrator.php(666): Illuminate\\Database\\Console\\Migrations\\MigrateCommand->Illuminate\\Database\\Console\\Migrations\\{closure}()
#18 /home/debian/VivaBioApp/vendor/laravel/framework/src/Illuminate/Database/Console/Migrations/MigrateCommand.php(109): Illuminate\\Database\\Migrations\\Migrator->usingConnection()
#19 /home/debian/VivaBioApp/vendor/laravel/framework/src/Illuminate/Database/Console/Migrations/MigrateCommand.php(88): Illuminate\\Database\\Console\\Migrations\\MigrateCommand->runMigrations()
#20 /home/debian/VivaBioApp/vendor/laravel/framework/src/Illuminate/Container/BoundMethod.php(36): Illuminate\\Database\\Console\\Migrations\\MigrateCommand->handle()
#21 /home/debian/VivaBioApp/vendor/laravel/framework/src/Illuminate/Container/Util.php(43): Illuminate\\Container\\BoundMethod::Illuminate\\Container\\{closure}()
#22 /home/debian/VivaBioApp/vendor/laravel/framework/src/Illuminate/Container/BoundMethod.php(96): Illuminate\\Container\\Util::unwrapIfClosure()
#23 /home/debian/VivaBioApp/vendor/laravel/framework/src/Illuminate/Container/BoundMethod.php(35): Illuminate\\Container\\BoundMethod::callBoundMethod()
#24 /home/debian/VivaBioApp/vendor/laravel/framework/src/Illuminate/Container/Container.php(836): Illuminate\\Container\\BoundMethod::call()
#25 /home/debian/VivaBioApp/vendor/laravel/framework/src/Illuminate/Console/Command.php(211): Illuminate\\Container\\Container->call()
#26 /home/debian/VivaBioApp/vendor/symfony/console/Command/Command.php(318): Illuminate\\Console\\Command->execute()
#27 /home/debian/VivaBioApp/vendor/laravel/framework/src/Illuminate/Console/Command.php(180): Symfony\\Component\\Console\\Command\\Command->run()
#28 /home/debian/VivaBioApp/vendor/laravel/framework/src/Illuminate/Console/Concerns/CallsCommands.php(68): Illuminate\\Console\\Command->run()
#29 /home/debian/VivaBioApp/vendor/laravel/framework/src/Illuminate/Console/Concerns/CallsCommands.php(29): Illuminate\\Console\\Command->runCommand()
#30 /home/debian/VivaBioApp/vendor/laravel/framework/src/Illuminate/Database/Console/Migrations/FreshCommand.php(81): Illuminate\\Console\\Command->call()
#31 /home/debian/VivaBioApp/vendor/laravel/framework/src/Illuminate/Container/BoundMethod.php(36): Illuminate\\Database\\Console\\Migrations\\FreshCommand->handle()
#32 /home/debian/VivaBioApp/vendor/laravel/framework/src/Illuminate/Container/Util.php(43): Illuminate\\Container\\BoundMethod::Illuminate\\Container\\{closure}()
#33 /home/debian/VivaBioApp/vendor/laravel/framework/src/Illuminate/Container/BoundMethod.php(96): Illuminate\\Container\\Util::unwrapIfClosure()
#34 /home/debian/VivaBioApp/vendor/laravel/framework/src/Illuminate/Container/BoundMethod.php(35): Illuminate\\Container\\BoundMethod::callBoundMethod()
#35 /home/debian/VivaBioApp/vendor/laravel/framework/src/Illuminate/Container/Container.php(836): Illuminate\\Container\\BoundMethod::call()
#36 /home/debian/VivaBioApp/vendor/laravel/framework/src/Illuminate/Console/Command.php(211): Illuminate\\Container\\Container->call()
#37 /home/debian/VivaBioApp/vendor/symfony/console/Command/Command.php(318): Illuminate\\Console\\Command->execute()
#38 /home/debian/VivaBioApp/vendor/laravel/framework/src/Illuminate/Console/Command.php(180): Symfony\\Component\\Console\\Command\\Command->run()
#39 /home/debian/VivaBioApp/vendor/symfony/console/Application.php(1110): Illuminate\\Console\\Command->run()
#40 /home/debian/VivaBioApp/vendor/symfony/console/Application.php(359): Symfony\\Component\\Console\\Application->doRunCommand()
#41 /home/debian/VivaBioApp/vendor/symfony/console/Application.php(194): Symfony\\Component\\Console\\Application->doRun()
#42 /home/debian/VivaBioApp/vendor/laravel/framework/src/Illuminate/Foundation/Console/Kernel.php(197): Symfony\\Component\\Console\\Application->run()
#43 /home/debian/VivaBioApp/vendor/laravel/framework/src/Illuminate/Foundation/Application.php(1235): Illuminate\\Foundation\\Console\\Kernel->handle()
#44 /home/debian/VivaBioApp/artisan(16): Illuminate\\Foundation\\Application->handleCommand()
#45 {main}

[previous exception] [object] (PDOException(code: HY000): SQLSTATE[HY000]: General error: 1005 Can't create table `VivaDB`.`commande_fournisseurs` (errno: 150 \"Foreign key constraint is incorrectly formed\") at /home/debian/VivaBioApp/vendor/laravel/framework/src/Illuminate/Database/Connection.php:570)
[stacktrace]
#0 /home/debian/VivaBioApp/vendor/laravel/framework/src/Illuminate/Database/Connection.php(570): PDOStatement->execute()
#1 /home/debian/VivaBioApp/vendor/laravel/framework/src/Illuminate/Database/Connection.php(811): Illuminate\\Database\\Connection->Illuminate\\Database\\{closure}()
#2 /home/debian/VivaBioApp/vendor/laravel/framework/src/Illuminate/Database/Connection.php(778): Illuminate\\Database\\Connection->runQueryCallback()
#3 /home/debian/VivaBioApp/vendor/laravel/framework/src/Illuminate/Database/Connection.php(559): Illuminate\\Database\\Connection->run()
#4 /home/debian/VivaBioApp/vendor/laravel/framework/src/Illuminate/Database/Schema/Blueprint.php(121): Illuminate\\Database\\Connection->statement()
#5 /home/debian/VivaBioApp/vendor/laravel/framework/src/Illuminate/Database/Schema/Builder.php(618): Illuminate\\Database\\Schema\\Blueprint->build()
#6 /home/debian/VivaBioApp/vendor/laravel/framework/src/Illuminate/Database/Schema/Builder.php(472): Illuminate\\Database\\Schema\\Builder->build()
#7 /home/debian/VivaBioApp/vendor/laravel/framework/src/Illuminate/Support/Facades/Facade.php(363): Illuminate\\Database\\Schema\\Builder->create()
#8 /home/debian/VivaBioApp/database/migrations/2025_10_31_161249_create_commande_fournisseurs_table.php(11): Illuminate\\Support\\Facades\\Facade::__callStatic()
#9 /home/debian/VivaBioApp/vendor/laravel/framework/src/Illuminate/Database/Migrations/Migrator.php(514): Illuminate\\Database\\Migrations\\Migration@anonymous->up()
#10 /home/debian/VivaBioApp/vendor/laravel/framework/src/Illuminate/Database/Migrations/Migrator.php(439): Illuminate\\Database\\Migrations\\Migrator->runMethod()
#11 /home/debian/VivaBioApp/vendor/laravel/framework/src/Illuminate/Database/Migrations/Migrator.php(448): Illuminate\\Database\\Migrations\\Migrator->Illuminate\\Database\\Migrations\\{closure}()
#12 /home/debian/VivaBioApp/vendor/laravel/framework/src/Illuminate/Database/Migrations/Migrator.php(250): Illuminate\\Database\\Migrations\\Migrator->runMigration()
#13 /home/debian/VivaBioApp/vendor/laravel/framework/src/Illuminate/Console/View/Components/Task.php(41): Illuminate\\Database\\Migrations\\Migrator->Illuminate\\Database\\Migrations\\{closure}()
#14 /home/debian/VivaBioApp/vendor/laravel/framework/src/Illuminate/Database/Migrations/Migrator.php(809): Illuminate\\Console\\View\\Components\\Task->render()
#15 /home/debian/VivaBioApp/vendor/laravel/framework/src/Illuminate/Database/Migrations/Migrator.php(250): Illuminate\\Database\\Migrations\\Migrator->write()
#16 /home/debian/VivaBioApp/vendor/laravel/framework/src/Illuminate/Database/Migrations/Migrator.php(210): Illuminate\\Database\\Migrations\\Migrator->runUp()
#17 /home/debian/VivaBioApp/vendor/laravel/framework/src/Illuminate/Database/Migrations/Migrator.php(137): Illuminate\\Database\\Migrations\\Migrator->runPending()
#18 /home/debian/VivaBioApp/vendor/laravel/framework/src/Illuminate/Database/Console/Migrations/MigrateCommand.php(116): Illuminate\\Database\\Migrations\\Migrator->run()
#19 /home/debian/VivaBioApp/vendor/laravel/framework/src/Illuminate/Database/Migrations/Migrator.php(666): Illuminate\\Database\\Console\\Migrations\\MigrateCommand->Illuminate\\Database\\Console\\Migrations\\{closure}()
#20 /home/debian/VivaBioApp/vendor/laravel/framework/src/Illuminate/Database/Console/Migrations/MigrateCommand.php(109): Illuminate\\Database\\Migrations\\Migrator->usingConnection()
#21 /home/debian/VivaBioApp/vendor/laravel/framework/src/Illuminate/Database/Console/Migrations/MigrateCommand.php(88): Illuminate\\Database\\Console\\Migrations\\MigrateCommand->runMigrations()
#22 /home/debian/VivaBioApp/vendor/laravel/framework/src/Illuminate/Container/BoundMethod.php(36): Illuminate\\Database\\Console\\Migrations\\MigrateCommand->handle()
#23 /home/debian/VivaBioApp/vendor/laravel/framework/src/Illuminate/Container/Util.php(43): Illuminate\\Container\\BoundMethod::Illuminate\\Container\\{closure}()
#24 /home/debian/VivaBioApp/vendor/laravel/framework/src/Illuminate/Container/BoundMethod.php(96): Illuminate\\Container\\Util::unwrapIfClosure()
#25 /home/debian/VivaBioApp/vendor/laravel/framework/src/Illuminate/Container/BoundMethod.php(35): Illuminate\\Container\\BoundMethod::callBoundMethod()
#26 /home/debian/VivaBioApp/vendor/laravel/framework/src/Illuminate/Container/Container.php(836): Illuminate\\Container\\BoundMethod::call()
#27 /home/debian/VivaBioApp/vendor/laravel/framework/src/Illuminate/Console/Command.php(211): Illuminate\\Container\\Container->call()
#28 /home/debian/VivaBioApp/vendor/symfony/console/Command/Command.php(318): Illuminate\\Console\\Command->execute()
#29 /home/debian/VivaBioApp/vendor/laravel/framework/src/Illuminate/Console/Command.php(180): Symfony\\Component\\Console\\Command\\Command->run()
#30 /home/debian/VivaBioApp/vendor/laravel/framework/src/Illuminate/Console/Concerns/CallsCommands.php(68): Illuminate\\Console\\Command->run()
#31 /home/debian/VivaBioApp/vendor/laravel/framework/src/Illuminate/Console/Concerns/CallsCommands.php(29): Illuminate\\Console\\Command->runCommand()
#32 /home/debian/VivaBioApp/vendor/laravel/framework/src/Illuminate/Database/Console/Migrations/FreshCommand.php(81): Illuminate\\Console\\Command->call()
#33 /home/debian/VivaBioApp/vendor/laravel/framework/src/Illuminate/Container/BoundMethod.php(36): Illuminate\\Database\\Console\\Migrations\\FreshCommand->handle()
#34 /home/debian/VivaBioApp/vendor/laravel/framework/src/Illuminate/Container/Util.php(43): Illuminate\\Container\\BoundMethod::Illuminate\\Container\\{closure}()
#35 /home/debian/VivaBioApp/vendor/laravel/framework/src/Illuminate/Container/BoundMethod.php(96): Illuminate\\Container\\Util::unwrapIfClosure()
#36 /home/debian/VivaBioApp/vendor/laravel/framework/src/Illuminate/Container/BoundMethod.php(35): Illuminate\\Container\\BoundMethod::callBoundMethod()
#37 /home/debian/VivaBioApp/vendor/laravel/framework/src/Illuminate/Container/Container.php(836): Illuminate\\Container\\BoundMethod::call()
#38 /home/debian/VivaBioApp/vendor/laravel/framework/src/Illuminate/Console/Command.php(211): Illuminate\\Container\\Container->call()
#39 /home/debian/VivaBioApp/vendor/symfony/console/Command/Command.php(318): Illuminate\\Console\\Command->execute()
#40 /home/debian/VivaBioApp/vendor/laravel/framework/src/Illuminate/Console/Command.php(180): Symfony\\Component\\Console\\Command\\Command->run()
#41 /home/debian/VivaBioApp/vendor/symfony/console/Application.php(1110): Illuminate\\Console\\Command->run()
#42 /home/debian/VivaBioApp/vendor/symfony/console/Application.php(359): Symfony\\Component\\Console\\Application->doRunCommand()
#43 /home/debian/VivaBioApp/vendor/symfony/console/Application.php(194): Symfony\\Component\\Console\\Application->doRun()
#44 /home/debian/VivaBioApp/vendor/laravel/framework/src/Illuminate/Foundation/Console/Kernel.php(197): Symfony\\Component\\Console\\Application->run()
#45 /home/debian/VivaBioApp/vendor/laravel/framework/src/Illuminate/Foundation/Application.php(1235): Illuminate\\Foundation\\Console\\Kernel->handle()
#46 /home/debian/VivaBioApp/artisan(16): Illuminate\\Foundation\\Application->handleCommand()
#47 {main}
"} 
[2025-10-31 18:15:38] local.ERROR: SQLSTATE[HY000]: General error: 1005 Can't create table `VivaDB`.`commande_fournisseurs` (errno: 150 "Foreign key constraint is incorrectly formed") (Connection: mysql, SQL: alter table `commande_fournisseurs` add constraint `commande_fournisseurs_fournisseur_id_foreign` foreign key (`fournisseur_id`) references `fournisseurs` (`id`) on delete cascade) {"exception":"[object] (Illuminate\\Database\\QueryException(code: HY000): SQLSTATE[HY000]: General error: 1005 Can't create table `VivaDB`.`commande_fournisseurs` (errno: 150 \"Foreign key constraint is incorrectly formed\") (Connection: mysql, SQL: alter table `commande_fournisseurs` add constraint `commande_fournisseurs_fournisseur_id_foreign` foreign key (`fournisseur_id`) references `fournisseurs` (`id`) on delete cascade) at /home/debian/VivaBioApp/vendor/laravel/framework/src/Illuminate/Database/Connection.php:824)
[stacktrace]
#0 /home/debian/VivaBioApp/vendor/laravel/framework/src/Illuminate/Database/Connection.php(778): Illuminate\\Database\\Connection->runQueryCallback()
#1 /home/debian/VivaBioApp/vendor/laravel/framework/src/Illuminate/Database/Connection.php(559): Illuminate\\Database\\Connection->run()
#2 /home/debian/VivaBioApp/vendor/laravel/framework/src/Illuminate/Database/Schema/Blueprint.php(121): Illuminate\\Database\\Connection->statement()
#3 /home/debian/VivaBioApp/vendor/laravel/framework/src/Illuminate/Database/Schema/Builder.php(618): Illuminate\\Database\\Schema\\Blueprint->build()
#4 /home/debian/VivaBioApp/vendor/laravel/framework/src/Illuminate/Database/Schema/Builder.php(472): Illuminate\\Database\\Schema\\Builder->build()
#5 /home/debian/VivaBioApp/vendor/laravel/framework/src/Illuminate/Support/Facades/Facade.php(363): Illuminate\\Database\\Schema\\Builder->create()
#6 /home/debian/VivaBioApp/database/migrations/2025_10_31_161249_create_commande_fournisseurs_table.php(11): Illuminate\\Support\\Facades\\Facade::__callStatic()
#7 /home/debian/VivaBioApp/vendor/laravel/framework/src/Illuminate/Database/Migrations/Migrator.php(514): Illuminate\\Database\\Migrations\\Migration@anonymous->up()
#8 /home/debian/VivaBioApp/vendor/laravel/framework/src/Illuminate/Database/Migrations/Migrator.php(439): Illuminate\\Database\\Migrations\\Migrator->runMethod()
#9 /home/debian/VivaBioApp/vendor/laravel/framework/src/Illuminate/Database/Migrations/Migrator.php(448): Illuminate\\Database\\Migrations\\Migrator->Illuminate\\Database\\Migrations\\{closure}()
#10 /home/debian/VivaBioApp/vendor/laravel/framework/src/Illuminate/Database/Migrations/Migrator.php(250): Illuminate\\Database\\Migrations\\Migrator->runMigration()
#11 /home/debian/VivaBioApp/vendor/laravel/framework/src/Illuminate/Console/View/Components/Task.php(41): Illuminate\\Database\\Migrations\\Migrator->Illuminate\\Database\\Migrations\\{closure}()
#12 /home/debian/VivaBioApp/vendor/laravel/framework/src/Illuminate/Database/Migrations/Migrator.php(809): Illuminate\\Console\\View\\Components\\Task->render()
#13 /home/debian/VivaBioApp/vendor/laravel/framework/src/Illuminate/Database/Migrations/Migrator.php(250): Illuminate\\Database\\Migrations\\Migrator->write()
#14 /home/debian/VivaBioApp/vendor/laravel/framework/src/Illuminate/Database/Migrations/Migrator.php(210): Illuminate\\Database\\Migrations\\Migrator->runUp()
#15 /home/debian/VivaBioApp/vendor/laravel/framework/src/Illuminate/Database/Migrations/Migrator.php(137): Illuminate\\Database\\Migrations\\Migrator->runPending()
#16 /home/debian/VivaBioApp/vendor/laravel/framework/src/Illuminate/Database/Console/Migrations/MigrateCommand.php(116): Illuminate\\Database\\Migrations\\Migrator->run()
#17 /home/debian/VivaBioApp/vendor/laravel/framework/src/Illuminate/Database/Migrations/Migrator.php(666): Illuminate\\Database\\Console\\Migrations\\MigrateCommand->Illuminate\\Database\\Console\\Migrations\\{closure}()
#18 /home/debian/VivaBioApp/vendor/laravel/framework/src/Illuminate/Database/Console/Migrations/MigrateCommand.php(109): Illuminate\\Database\\Migrations\\Migrator->usingConnection()
#19 /home/debian/VivaBioApp/vendor/laravel/framework/src/Illuminate/Database/Console/Migrations/MigrateCommand.php(88): Illuminate\\Database\\Console\\Migrations\\MigrateCommand->runMigrations()
#20 /home/debian/VivaBioApp/vendor/laravel/framework/src/Illuminate/Container/BoundMethod.php(36): Illuminate\\Database\\Console\\Migrations\\MigrateCommand->handle()
#21 /home/debian/VivaBioApp/vendor/laravel/framework/src/Illuminate/Container/Util.php(43): Illuminate\\Container\\BoundMethod::Illuminate\\Container\\{closure}()
#22 /home/debian/VivaBioApp/vendor/laravel/framework/src/Illuminate/Container/BoundMethod.php(96): Illuminate\\Container\\Util::unwrapIfClosure()
#23 /home/debian/VivaBioApp/vendor/laravel/framework/src/Illuminate/Container/BoundMethod.php(35): Illuminate\\Container\\BoundMethod::callBoundMethod()
#24 /home/debian/VivaBioApp/vendor/laravel/framework/src/Illuminate/Container/Container.php(836): Illuminate\\Container\\BoundMethod::call()
#25 /home/debian/VivaBioApp/vendor/laravel/framework/src/Illuminate/Console/Command.php(211): Illuminate\\Container\\Container->call()
#26 /home/debian/VivaBioApp/vendor/symfony/console/Command/Command.php(318): Illuminate\\Console\\Command->execute()
#27 /home/debian/VivaBioApp/vendor/laravel/framework/src/Illuminate/Console/Command.php(180): Symfony\\Component\\Console\\Command\\Command->run()
#28 /home/debian/VivaBioApp/vendor/symfony/console/Application.php(1110): Illuminate\\Console\\Command->run()
#29 /home/debian/VivaBioApp/vendor/symfony/console/Application.php(359): Symfony\\Component\\Console\\Application->doRunCommand()
#30 /home/debian/VivaBioApp/vendor/symfony/console/Application.php(194): Symfony\\Component\\Console\\Application->doRun()
#31 /home/debian/VivaBioApp/vendor/laravel/framework/src/Illuminate/Foundation/Console/Kernel.php(197): Symfony\\Component\\Console\\Application->run()
#32 /home/debian/VivaBioApp/vendor/laravel/framework/src/Illuminate/Foundation/Application.php(1235): Illuminate\\Foundation\\Console\\Kernel->handle()
#33 /home/debian/VivaBioApp/artisan(16): Illuminate\\Foundation\\Application->handleCommand()
#34 {main}

[previous exception] [object] (PDOException(code: HY000): SQLSTATE[HY000]: General error: 1005 Can't create table `VivaDB`.`commande_fournisseurs` (errno: 150 \"Foreign key constraint is incorrectly formed\") at /home/debian/VivaBioApp/vendor/laravel/framework/src/Illuminate/Database/Connection.php:570)
[stacktrace]
#0 /home/debian/VivaBioApp/vendor/laravel/framework/src/Illuminate/Database/Connection.php(570): PDOStatement->execute()
#1 /home/debian/VivaBioApp/vendor/laravel/framework/src/Illuminate/Database/Connection.php(811): Illuminate\\Database\\Connection->Illuminate\\Database\\{closure}()
#2 /home/debian/VivaBioApp/vendor/laravel/framework/src/Illuminate/Database/Connection.php(778): Illuminate\\Database\\Connection->runQueryCallback()
#3 /home/debian/VivaBioApp/vendor/laravel/framework/src/Illuminate/Database/Connection.php(559): Illuminate\\Database\\Connection->run()
#4 /home/debian/VivaBioApp/vendor/laravel/framework/src/Illuminate/Database/Schema/Blueprint.php(121): Illuminate\\Database\\Connection->statement()
#5 /home/debian/VivaBioApp/vendor/laravel/framework/src/Illuminate/Database/Schema/Builder.php(618): Illuminate\\Database\\Schema\\Blueprint->build()
#6 /home/debian/VivaBioApp/vendor/laravel/framework/src/Illuminate/Database/Schema/Builder.php(472): Illuminate\\Database\\Schema\\Builder->build()
#7 /home/debian/VivaBioApp/vendor/laravel/framework/src/Illuminate/Support/Facades/Facade.php(363): Illuminate\\Database\\Schema\\Builder->create()
#8 /home/debian/VivaBioApp/database/migrations/2025_10_31_161249_create_commande_fournisseurs_table.php(11): Illuminate\\Support\\Facades\\Facade::__callStatic()
#9 /home/debian/VivaBioApp/vendor/laravel/framework/src/Illuminate/Database/Migrations/Migrator.php(514): Illuminate\\Database\\Migrations\\Migration@anonymous->up()
#10 /home/debian/VivaBioApp/vendor/laravel/framework/src/Illuminate/Database/Migrations/Migrator.php(439): Illuminate\\Database\\Migrations\\Migrator->runMethod()
#11 /home/debian/VivaBioApp/vendor/laravel/framework/src/Illuminate/Database/Migrations/Migrator.php(448): Illuminate\\Database\\Migrations\\Migrator->Illuminate\\Database\\Migrations\\{closure}()
#12 /home/debian/VivaBioApp/vendor/laravel/framework/src/Illuminate/Database/Migrations/Migrator.php(250): Illuminate\\Database\\Migrations\\Migrator->runMigration()
#13 /home/debian/VivaBioApp/vendor/laravel/framework/src/Illuminate/Console/View/Components/Task.php(41): Illuminate\\Database\\Migrations\\Migrator->Illuminate\\Database\\Migrations\\{closure}()
#14 /home/debian/VivaBioApp/vendor/laravel/framework/src/Illuminate/Database/Migrations/Migrator.php(809): Illuminate\\Console\\View\\Components\\Task->render()
#15 /home/debian/VivaBioApp/vendor/laravel/framework/src/Illuminate/Database/Migrations/Migrator.php(250): Illuminate\\Database\\Migrations\\Migrator->write()
#16 /home/debian/VivaBioApp/vendor/laravel/framework/src/Illuminate/Database/Migrations/Migrator.php(210): Illuminate\\Database\\Migrations\\Migrator->runUp()
#17 /home/debian/VivaBioApp/vendor/laravel/framework/src/Illuminate/Database/Migrations/Migrator.php(137): Illuminate\\Database\\Migrations\\Migrator->runPending()
#18 /home/debian/VivaBioApp/vendor/laravel/framework/src/Illuminate/Database/Console/Migrations/MigrateCommand.php(116): Illuminate\\Database\\Migrations\\Migrator->run()
#19 /home/debian/VivaBioApp/vendor/laravel/framework/src/Illuminate/Database/Migrations/Migrator.php(666): Illuminate\\Database\\Console\\Migrations\\MigrateCommand->Illuminate\\Database\\Console\\Migrations\\{closure}()
#20 /home/debian/VivaBioApp/vendor/laravel/framework/src/Illuminate/Database/Console/Migrations/MigrateCommand.php(109): Illuminate\\Database\\Migrations\\Migrator->usingConnection()
#21 /home/debian/VivaBioApp/vendor/laravel/framework/src/Illuminate/Database/Console/Migrations/MigrateCommand.php(88): Illuminate\\Database\\Console\\Migrations\\MigrateCommand->runMigrations()
#22 /home/debian/VivaBioApp/vendor/laravel/framework/src/Illuminate/Container/BoundMethod.php(36): Illuminate\\Database\\Console\\Migrations\\MigrateCommand->handle()
#23 /home/debian/VivaBioApp/vendor/laravel/framework/src/Illuminate/Container/Util.php(43): Illuminate\\Container\\BoundMethod::Illuminate\\Container\\{closure}()
#24 /home/debian/VivaBioApp/vendor/laravel/framework/src/Illuminate/Container/BoundMethod.php(96): Illuminate\\Container\\Util::unwrapIfClosure()
#25 /home/debian/VivaBioApp/vendor/laravel/framework/src/Illuminate/Container/BoundMethod.php(35): Illuminate\\Container\\BoundMethod::callBoundMethod()
#26 /home/debian/VivaBioApp/vendor/laravel/framework/src/Illuminate/Container/Container.php(836): Illuminate\\Container\\BoundMethod::call()
#27 /home/debian/VivaBioApp/vendor/laravel/framework/src/Illuminate/Console/Command.php(211): Illuminate\\Container\\Container->call()
#28 /home/debian/VivaBioApp/vendor/symfony/console/Command/Command.php(318): Illuminate\\Console\\Command->execute()
#29 /home/debian/VivaBioApp/vendor/laravel/framework/src/Illuminate/Console/Command.php(180): Symfony\\Component\\Console\\Command\\Command->run()
#30 /home/debian/VivaBioApp/vendor/symfony/console/Application.php(1110): Illuminate\\Console\\Command->run()
#31 /home/debian/VivaBioApp/vendor/symfony/console/Application.php(359): Symfony\\Component\\Console\\Application->doRunCommand()
#32 /home/debian/VivaBioApp/vendor/symfony/console/Application.php(194): Symfony\\Component\\Console\\Application->doRun()
#33 /home/debian/VivaBioApp/vendor/laravel/framework/src/Illuminate/Foundation/Console/Kernel.php(197): Symfony\\Component\\Console\\Application->run()
#34 /home/debian/VivaBioApp/vendor/laravel/framework/src/Illuminate/Foundation/Application.php(1235): Illuminate\\Foundation\\Console\\Kernel->handle()
#35 /home/debian/VivaBioApp/artisan(16): Illuminate\\Foundation\\Application->handleCommand()
#36 {main}
"} 
[2025-10-31 18:17:44] local.ERROR: SQLSTATE[42S01]: Base table or view already exists: 1050 Table 'commande_fournisseurs' already exists (Connection: mysql, SQL: create table `commande_fournisseurs` (`id` bigint unsigned not null auto_increment primary key, `status` tinyint(1) not null default '0', `fournisseur_id` bigint unsigned not null, `utilisateur_id` bigint unsigned not null, `created_at` timestamp null, `updated_at` timestamp null) default character set utf8mb4 collate 'utf8mb4_unicode_ci') {"exception":"[object] (Illuminate\\Database\\QueryException(code: 42S01): SQLSTATE[42S01]: Base table or view already exists: 1050 Table 'commande_fournisseurs' already exists (Connection: mysql, SQL: create table `commande_fournisseurs` (`id` bigint unsigned not null auto_increment primary key, `status` tinyint(1) not null default '0', `fournisseur_id` bigint unsigned not null, `utilisateur_id` bigint unsigned not null, `created_at` timestamp null, `updated_at` timestamp null) default character set utf8mb4 collate 'utf8mb4_unicode_ci') at /home/debian/VivaBioApp/vendor/laravel/framework/src/Illuminate/Database/Connection.php:824)
[stacktrace]
#0 /home/debian/VivaBioApp/vendor/laravel/framework/src/Illuminate/Database/Connection.php(778): Illuminate\\Database\\Connection->runQueryCallback()
#1 /home/debian/VivaBioApp/vendor/laravel/framework/src/Illuminate/Database/Connection.php(559): Illuminate\\Database\\Connection->run()
#2 /home/debian/VivaBioApp/vendor/laravel/framework/src/Illuminate/Database/Schema/Blueprint.php(121): Illuminate\\Database\\Connection->statement()
#3 /home/debian/VivaBioApp/vendor/laravel/framework/src/Illuminate/Database/Schema/Builder.php(618): Illuminate\\Database\\Schema\\Blueprint->build()
#4 /home/debian/VivaBioApp/vendor/laravel/framework/src/Illuminate/Database/Schema/Builder.php(472): Illuminate\\Database\\Schema\\Builder->build()
#5 /home/debian/VivaBioApp/vendor/laravel/framework/src/Illuminate/Support/Facades/Facade.php(363): Illuminate\\Database\\Schema\\Builder->create()
#6 /home/debian/VivaBioApp/database/migrations/2025_10_31_161249_create_commande_fournisseurs_table.php(11): Illuminate\\Support\\Facades\\Facade::__callStatic()
#7 /home/debian/VivaBioApp/vendor/laravel/framework/src/Illuminate/Database/Migrations/Migrator.php(514): Illuminate\\Database\\Migrations\\Migration@anonymous->up()
#8 /home/debian/VivaBioApp/vendor/laravel/framework/src/Illuminate/Database/Migrations/Migrator.php(439): Illuminate\\Database\\Migrations\\Migrator->runMethod()
#9 /home/debian/VivaBioApp/vendor/laravel/framework/src/Illuminate/Database/Migrations/Migrator.php(448): Illuminate\\Database\\Migrations\\Migrator->Illuminate\\Database\\Migrations\\{closure}()
#10 /home/debian/VivaBioApp/vendor/laravel/framework/src/Illuminate/Database/Migrations/Migrator.php(250): Illuminate\\Database\\Migrations\\Migrator->runMigration()
#11 /home/debian/VivaBioApp/vendor/laravel/framework/src/Illuminate/Console/View/Components/Task.php(41): Illuminate\\Database\\Migrations\\Migrator->Illuminate\\Database\\Migrations\\{closure}()
#12 /home/debian/VivaBioApp/vendor/laravel/framework/src/Illuminate/Database/Migrations/Migrator.php(809): Illuminate\\Console\\View\\Components\\Task->render()
#13 /home/debian/VivaBioApp/vendor/laravel/framework/src/Illuminate/Database/Migrations/Migrator.php(250): Illuminate\\Database\\Migrations\\Migrator->write()
#14 /home/debian/VivaBioApp/vendor/laravel/framework/src/Illuminate/Database/Migrations/Migrator.php(210): Illuminate\\Database\\Migrations\\Migrator->runUp()
#15 /home/debian/VivaBioApp/vendor/laravel/framework/src/Illuminate/Database/Migrations/Migrator.php(137): Illuminate\\Database\\Migrations\\Migrator->runPending()
#16 /home/debian/VivaBioApp/vendor/laravel/framework/src/Illuminate/Database/Console/Migrations/MigrateCommand.php(116): Illuminate\\Database\\Migrations\\Migrator->run()
#17 /home/debian/VivaBioApp/vendor/laravel/framework/src/Illuminate/Database/Migrations/Migrator.php(666): Illuminate\\Database\\Console\\Migrations\\MigrateCommand->Illuminate\\Database\\Console\\Migrations\\{closure}()
#18 /home/debian/VivaBioApp/vendor/laravel/framework/src/Illuminate/Database/Console/Migrations/MigrateCommand.php(109): Illuminate\\Database\\Migrations\\Migrator->usingConnection()
#19 /home/debian/VivaBioApp/vendor/laravel/framework/src/Illuminate/Database/Console/Migrations/MigrateCommand.php(88): Illuminate\\Database\\Console\\Migrations\\MigrateCommand->runMigrations()
#20 /home/debian/VivaBioApp/vendor/laravel/framework/src/Illuminate/Container/BoundMethod.php(36): Illuminate\\Database\\Console\\Migrations\\MigrateCommand->handle()
#21 /home/debian/VivaBioApp/vendor/laravel/framework/src/Illuminate/Container/Util.php(43): Illuminate\\Container\\BoundMethod::Illuminate\\Container\\{closure}()
#22 /home/debian/VivaBioApp/vendor/laravel/framework/src/Illuminate/Container/BoundMethod.php(96): Illuminate\\Container\\Util::unwrapIfClosure()
#23 /home/debian/VivaBioApp/vendor/laravel/framework/src/Illuminate/Container/BoundMethod.php(35): Illuminate\\Container\\BoundMethod::callBoundMethod()
#24 /home/debian/VivaBioApp/vendor/laravel/framework/src/Illuminate/Container/Container.php(836): Illuminate\\Container\\BoundMethod::call()
#25 /home/debian/VivaBioApp/vendor/laravel/framework/src/Illuminate/Console/Command.php(211): Illuminate\\Container\\Container->call()
#26 /home/debian/VivaBioApp/vendor/symfony/console/Command/Command.php(318): Illuminate\\Console\\Command->execute()
#27 /home/debian/VivaBioApp/vendor/laravel/framework/src/Illuminate/Console/Command.php(180): Symfony\\Component\\Console\\Command\\Command->run()
#28 /home/debian/VivaBioApp/vendor/symfony/console/Application.php(1110): Illuminate\\Console\\Command->run()
#29 /home/debian/VivaBioApp/vendor/symfony/console/Application.php(359): Symfony\\Component\\Console\\Application->doRunCommand()
#30 /home/debian/VivaBioApp/vendor/symfony/console/Application.php(194): Symfony\\Component\\Console\\Application->doRun()
#31 /home/debian/VivaBioApp/vendor/laravel/framework/src/Illuminate/Foundation/Console/Kernel.php(197): Symfony\\Component\\Console\\Application->run()
#32 /home/debian/VivaBioApp/vendor/laravel/framework/src/Illuminate/Foundation/Application.php(1235): Illuminate\\Foundation\\Console\\Kernel->handle()
#33 /home/debian/VivaBioApp/artisan(16): Illuminate\\Foundation\\Application->handleCommand()
#34 {main}

[previous exception] [object] (PDOException(code: 42S01): SQLSTATE[42S01]: Base table or view already exists: 1050 Table 'commande_fournisseurs' already exists at /home/debian/VivaBioApp/vendor/laravel/framework/src/Illuminate/Database/Connection.php:570)
[stacktrace]
#0 /home/debian/VivaBioApp/vendor/laravel/framework/src/Illuminate/Database/Connection.php(570): PDOStatement->execute()
#1 /home/debian/VivaBioApp/vendor/laravel/framework/src/Illuminate/Database/Connection.php(811): Illuminate\\Database\\Connection->Illuminate\\Database\\{closure}()
#2 /home/debian/VivaBioApp/vendor/laravel/framework/src/Illuminate/Database/Connection.php(778): Illuminate\\Database\\Connection->runQueryCallback()
#3 /home/debian/VivaBioApp/vendor/laravel/framework/src/Illuminate/Database/Connection.php(559): Illuminate\\Database\\Connection->run()
#4 /home/debian/VivaBioApp/vendor/laravel/framework/src/Illuminate/Database/Schema/Blueprint.php(121): Illuminate\\Database\\Connection->statement()
#5 /home/debian/VivaBioApp/vendor/laravel/framework/src/Illuminate/Database/Schema/Builder.php(618): Illuminate\\Database\\Schema\\Blueprint->build()
#6 /home/debian/VivaBioApp/vendor/laravel/framework/src/Illuminate/Database/Schema/Builder.php(472): Illuminate\\Database\\Schema\\Builder->build()
#7 /home/debian/VivaBioApp/vendor/laravel/framework/src/Illuminate/Support/Facades/Facade.php(363): Illuminate\\Database\\Schema\\Builder->create()
#8 /home/debian/VivaBioApp/database/migrations/2025_10_31_161249_create_commande_fournisseurs_table.php(11): Illuminate\\Support\\Facades\\Facade::__callStatic()
#9 /home/debian/VivaBioApp/vendor/laravel/framework/src/Illuminate/Database/Migrations/Migrator.php(514): Illuminate\\Database\\Migrations\\Migration@anonymous->up()
#10 /home/debian/VivaBioApp/vendor/laravel/framework/src/Illuminate/Database/Migrations/Migrator.php(439): Illuminate\\Database\\Migrations\\Migrator->runMethod()
#11 /home/debian/VivaBioApp/vendor/laravel/framework/src/Illuminate/Database/Migrations/Migrator.php(448): Illuminate\\Database\\Migrations\\Migrator->Illuminate\\Database\\Migrations\\{closure}()
#12 /home/debian/VivaBioApp/vendor/laravel/framework/src/Illuminate/Database/Migrations/Migrator.php(250): Illuminate\\Database\\Migrations\\Migrator->runMigration()
#13 /home/debian/VivaBioApp/vendor/laravel/framework/src/Illuminate/Console/View/Components/Task.php(41): Illuminate\\Database\\Migrations\\Migrator->Illuminate\\Database\\Migrations\\{closure}()
#14 /home/debian/VivaBioApp/vendor/laravel/framework/src/Illuminate/Database/Migrations/Migrator.php(809): Illuminate\\Console\\View\\Components\\Task->render()
#15 /home/debian/VivaBioApp/vendor/laravel/framework/src/Illuminate/Database/Migrations/Migrator.php(250): Illuminate\\Database\\Migrations\\Migrator->write()
#16 /home/debian/VivaBioApp/vendor/laravel/framework/src/Illuminate/Database/Migrations/Migrator.php(210): Illuminate\\Database\\Migrations\\Migrator->runUp()
#17 /home/debian/VivaBioApp/vendor/laravel/framework/src/Illuminate/Database/Migrations/Migrator.php(137): Illuminate\\Database\\Migrations\\Migrator->runPending()
#18 /home/debian/VivaBioApp/vendor/laravel/framework/src/Illuminate/Database/Console/Migrations/MigrateCommand.php(116): Illuminate\\Database\\Migrations\\Migrator->run()
#19 /home/debian/VivaBioApp/vendor/laravel/framework/src/Illuminate/Database/Migrations/Migrator.php(666): Illuminate\\Database\\Console\\Migrations\\MigrateCommand->Illuminate\\Database\\Console\\Migrations\\{closure}()
#20 /home/debian/VivaBioApp/vendor/laravel/framework/src/Illuminate/Database/Console/Migrations/MigrateCommand.php(109): Illuminate\\Database\\Migrations\\Migrator->usingConnection()
#21 /home/debian/VivaBioApp/vendor/laravel/framework/src/Illuminate/Database/Console/Migrations/MigrateCommand.php(88): Illuminate\\Database\\Console\\Migrations\\MigrateCommand->runMigrations()
#22 /home/debian/VivaBioApp/vendor/laravel/framework/src/Illuminate/Container/BoundMethod.php(36): Illuminate\\Database\\Console\\Migrations\\MigrateCommand->handle()
#23 /home/debian/VivaBioApp/vendor/laravel/framework/src/Illuminate/Container/Util.php(43): Illuminate\\Container\\BoundMethod::Illuminate\\Container\\{closure}()
#24 /home/debian/VivaBioApp/vendor/laravel/framework/src/Illuminate/Container/BoundMethod.php(96): Illuminate\\Container\\Util::unwrapIfClosure()
#25 /home/debian/VivaBioApp/vendor/laravel/framework/src/Illuminate/Container/BoundMethod.php(35): Illuminate\\Container\\BoundMethod::callBoundMethod()
#26 /home/debian/VivaBioApp/vendor/laravel/framework/src/Illuminate/Container/Container.php(836): Illuminate\\Container\\BoundMethod::call()
#27 /home/debian/VivaBioApp/vendor/laravel/framework/src/Illuminate/Console/Command.php(211): Illuminate\\Container\\Container->call()
#28 /home/debian/VivaBioApp/vendor/symfony/console/Command/Command.php(318): Illuminate\\Console\\Command->execute()
#29 /home/debian/VivaBioApp/vendor/laravel/framework/src/Illuminate/Console/Command.php(180): Symfony\\Component\\Console\\Command\\Command->run()
#30 /home/debian/VivaBioApp/vendor/symfony/console/Application.php(1110): Illuminate\\Console\\Command->run()
#31 /home/debian/VivaBioApp/vendor/symfony/console/Application.php(359): Symfony\\Component\\Console\\Application->doRunCommand()
#32 /home/debian/VivaBioApp/vendor/symfony/console/Application.php(194): Symfony\\Component\\Console\\Application->doRun()
#33 /home/debian/VivaBioApp/vendor/laravel/framework/src/Illuminate/Foundation/Console/Kernel.php(197): Symfony\\Component\\Console\\Application->run()
#34 /home/debian/VivaBioApp/vendor/laravel/framework/src/Illuminate/Foundation/Application.php(1235): Illuminate\\Foundation\\Console\\Kernel->handle()
#35 /home/debian/VivaBioApp/artisan(16): Illuminate\\Foundation\\Application->handleCommand()
#36 {main}
"} 
[2025-10-31 18:18:16] local.ERROR: SQLSTATE[42S01]: Base table or view already exists: 1050 Table 'commande_fournisseurs' already exists (Connection: mysql, SQL: create table `commande_fournisseurs` (`id` bigint unsigned not null auto_increment primary key, `status` tinyint(1) not null default '0', `fournisseur_id` bigint unsigned not null, `utilisateur_id` bigint unsigned not null, `created_at` timestamp null, `updated_at` timestamp null) default character set utf8mb4 collate 'utf8mb4_unicode_ci') {"exception":"[object] (Illuminate\\Database\\QueryException(code: 42S01): SQLSTATE[42S01]: Base table or view already exists: 1050 Table 'commande_fournisseurs' already exists (Connection: mysql, SQL: create table `commande_fournisseurs` (`id` bigint unsigned not null auto_increment primary key, `status` tinyint(1) not null default '0', `fournisseur_id` bigint unsigned not null, `utilisateur_id` bigint unsigned not null, `created_at` timestamp null, `updated_at` timestamp null) default character set utf8mb4 collate 'utf8mb4_unicode_ci') at /home/debian/VivaBioApp/vendor/laravel/framework/src/Illuminate/Database/Connection.php:824)
[stacktrace]
#0 /home/debian/VivaBioApp/vendor/laravel/framework/src/Illuminate/Database/Connection.php(778): Illuminate\\Database\\Connection->runQueryCallback()
#1 /home/debian/VivaBioApp/vendor/laravel/framework/src/Illuminate/Database/Connection.php(559): Illuminate\\Database\\Connection->run()
#2 /home/debian/VivaBioApp/vendor/laravel/framework/src/Illuminate/Database/Schema/Blueprint.php(121): Illuminate\\Database\\Connection->statement()
#3 /home/debian/VivaBioApp/vendor/laravel/framework/src/Illuminate/Database/Schema/Builder.php(618): Illuminate\\Database\\Schema\\Blueprint->build()
#4 /home/debian/VivaBioApp/vendor/laravel/framework/src/Illuminate/Database/Schema/Builder.php(472): Illuminate\\Database\\Schema\\Builder->build()
#5 /home/debian/VivaBioApp/vendor/laravel/framework/src/Illuminate/Support/Facades/Facade.php(363): Illuminate\\Database\\Schema\\Builder->create()
#6 /home/debian/VivaBioApp/database/migrations/2025_10_31_161249_create_commande_fournisseurs_table.php(11): Illuminate\\Support\\Facades\\Facade::__callStatic()
#7 /home/debian/VivaBioApp/vendor/laravel/framework/src/Illuminate/Database/Migrations/Migrator.php(514): Illuminate\\Database\\Migrations\\Migration@anonymous->up()
#8 /home/debian/VivaBioApp/vendor/laravel/framework/src/Illuminate/Database/Migrations/Migrator.php(439): Illuminate\\Database\\Migrations\\Migrator->runMethod()
#9 /home/debian/VivaBioApp/vendor/laravel/framework/src/Illuminate/Database/Migrations/Migrator.php(448): Illuminate\\Database\\Migrations\\Migrator->Illuminate\\Database\\Migrations\\{closure}()
#10 /home/debian/VivaBioApp/vendor/laravel/framework/src/Illuminate/Database/Migrations/Migrator.php(250): Illuminate\\Database\\Migrations\\Migrator->runMigration()
#11 /home/debian/VivaBioApp/vendor/laravel/framework/src/Illuminate/Console/View/Components/Task.php(41): Illuminate\\Database\\Migrations\\Migrator->Illuminate\\Database\\Migrations\\{closure}()
#12 /home/debian/VivaBioApp/vendor/laravel/framework/src/Illuminate/Database/Migrations/Migrator.php(809): Illuminate\\Console\\View\\Components\\Task->render()
#13 /home/debian/VivaBioApp/vendor/laravel/framework/src/Illuminate/Database/Migrations/Migrator.php(250): Illuminate\\Database\\Migrations\\Migrator->write()
#14 /home/debian/VivaBioApp/vendor/laravel/framework/src/Illuminate/Database/Migrations/Migrator.php(210): Illuminate\\Database\\Migrations\\Migrator->runUp()
#15 /home/debian/VivaBioApp/vendor/laravel/framework/src/Illuminate/Database/Migrations/Migrator.php(137): Illuminate\\Database\\Migrations\\Migrator->runPending()
#16 /home/debian/VivaBioApp/vendor/laravel/framework/src/Illuminate/Database/Console/Migrations/MigrateCommand.php(116): Illuminate\\Database\\Migrations\\Migrator->run()
#17 /home/debian/VivaBioApp/vendor/laravel/framework/src/Illuminate/Database/Migrations/Migrator.php(666): Illuminate\\Database\\Console\\Migrations\\MigrateCommand->Illuminate\\Database\\Console\\Migrations\\{closure}()
#18 /home/debian/VivaBioApp/vendor/laravel/framework/src/Illuminate/Database/Console/Migrations/MigrateCommand.php(109): Illuminate\\Database\\Migrations\\Migrator->usingConnection()
#19 /home/debian/VivaBioApp/vendor/laravel/framework/src/Illuminate/Database/Console/Migrations/MigrateCommand.php(88): Illuminate\\Database\\Console\\Migrations\\MigrateCommand->runMigrations()
#20 /home/debian/VivaBioApp/vendor/laravel/framework/src/Illuminate/Container/BoundMethod.php(36): Illuminate\\Database\\Console\\Migrations\\MigrateCommand->handle()
#21 /home/debian/VivaBioApp/vendor/laravel/framework/src/Illuminate/Container/Util.php(43): Illuminate\\Container\\BoundMethod::Illuminate\\Container\\{closure}()
#22 /home/debian/VivaBioApp/vendor/laravel/framework/src/Illuminate/Container/BoundMethod.php(96): Illuminate\\Container\\Util::unwrapIfClosure()
#23 /home/debian/VivaBioApp/vendor/laravel/framework/src/Illuminate/Container/BoundMethod.php(35): Illuminate\\Container\\BoundMethod::callBoundMethod()
#24 /home/debian/VivaBioApp/vendor/laravel/framework/src/Illuminate/Container/Container.php(836): Illuminate\\Container\\BoundMethod::call()
#25 /home/debian/VivaBioApp/vendor/laravel/framework/src/Illuminate/Console/Command.php(211): Illuminate\\Container\\Container->call()
#26 /home/debian/VivaBioApp/vendor/symfony/console/Command/Command.php(318): Illuminate\\Console\\Command->execute()
#27 /home/debian/VivaBioApp/vendor/laravel/framework/src/Illuminate/Console/Command.php(180): Symfony\\Component\\Console\\Command\\Command->run()
#28 /home/debian/VivaBioApp/vendor/symfony/console/Application.php(1110): Illuminate\\Console\\Command->run()
#29 /home/debian/VivaBioApp/vendor/symfony/console/Application.php(359): Symfony\\Component\\Console\\Application->doRunCommand()
#30 /home/debian/VivaBioApp/vendor/symfony/console/Application.php(194): Symfony\\Component\\Console\\Application->doRun()
#31 /home/debian/VivaBioApp/vendor/laravel/framework/src/Illuminate/Foundation/Console/Kernel.php(197): Symfony\\Component\\Console\\Application->run()
#32 /home/debian/VivaBioApp/vendor/laravel/framework/src/Illuminate/Foundation/Application.php(1235): Illuminate\\Foundation\\Console\\Kernel->handle()
#33 /home/debian/VivaBioApp/artisan(16): Illuminate\\Foundation\\Application->handleCommand()
#34 {main}

[previous exception] [object] (PDOException(code: 42S01): SQLSTATE[42S01]: Base table or view already exists: 1050 Table 'commande_fournisseurs' already exists at /home/debian/VivaBioApp/vendor/laravel/framework/src/Illuminate/Database/Connection.php:570)
[stacktrace]
#0 /home/debian/VivaBioApp/vendor/laravel/framework/src/Illuminate/Database/Connection.php(570): PDOStatement->execute()
#1 /home/debian/VivaBioApp/vendor/laravel/framework/src/Illuminate/Database/Connection.php(811): Illuminate\\Database\\Connection->Illuminate\\Database\\{closure}()
#2 /home/debian/VivaBioApp/vendor/laravel/framework/src/Illuminate/Database/Connection.php(778): Illuminate\\Database\\Connection->runQueryCallback()
#3 /home/debian/VivaBioApp/vendor/laravel/framework/src/Illuminate/Database/Connection.php(559): Illuminate\\Database\\Connection->run()
#4 /home/debian/VivaBioApp/vendor/laravel/framework/src/Illuminate/Database/Schema/Blueprint.php(121): Illuminate\\Database\\Connection->statement()
#5 /home/debian/VivaBioApp/vendor/laravel/framework/src/Illuminate/Database/Schema/Builder.php(618): Illuminate\\Database\\Schema\\Blueprint->build()
#6 /home/debian/VivaBioApp/vendor/laravel/framework/src/Illuminate/Database/Schema/Builder.php(472): Illuminate\\Database\\Schema\\Builder->build()
#7 /home/debian/VivaBioApp/vendor/laravel/framework/src/Illuminate/Support/Facades/Facade.php(363): Illuminate\\Database\\Schema\\Builder->create()
#8 /home/debian/VivaBioApp/database/migrations/2025_10_31_161249_create_commande_fournisseurs_table.php(11): Illuminate\\Support\\Facades\\Facade::__callStatic()
#9 /home/debian/VivaBioApp/vendor/laravel/framework/src/Illuminate/Database/Migrations/Migrator.php(514): Illuminate\\Database\\Migrations\\Migration@anonymous->up()
#10 /home/debian/VivaBioApp/vendor/laravel/framework/src/Illuminate/Database/Migrations/Migrator.php(439): Illuminate\\Database\\Migrations\\Migrator->runMethod()
#11 /home/debian/VivaBioApp/vendor/laravel/framework/src/Illuminate/Database/Migrations/Migrator.php(448): Illuminate\\Database\\Migrations\\Migrator->Illuminate\\Database\\Migrations\\{closure}()
#12 /home/debian/VivaBioApp/vendor/laravel/framework/src/Illuminate/Database/Migrations/Migrator.php(250): Illuminate\\Database\\Migrations\\Migrator->runMigration()
#13 /home/debian/VivaBioApp/vendor/laravel/framework/src/Illuminate/Console/View/Components/Task.php(41): Illuminate\\Database\\Migrations\\Migrator->Illuminate\\Database\\Migrations\\{closure}()
#14 /home/debian/VivaBioApp/vendor/laravel/framework/src/Illuminate/Database/Migrations/Migrator.php(809): Illuminate\\Console\\View\\Components\\Task->render()
#15 /home/debian/VivaBioApp/vendor/laravel/framework/src/Illuminate/Database/Migrations/Migrator.php(250): Illuminate\\Database\\Migrations\\Migrator->write()
#16 /home/debian/VivaBioApp/vendor/laravel/framework/src/Illuminate/Database/Migrations/Migrator.php(210): Illuminate\\Database\\Migrations\\Migrator->runUp()
#17 /home/debian/VivaBioApp/vendor/laravel/framework/src/Illuminate/Database/Migrations/Migrator.php(137): Illuminate\\Database\\Migrations\\Migrator->runPending()
#18 /home/debian/VivaBioApp/vendor/laravel/framework/src/Illuminate/Database/Console/Migrations/MigrateCommand.php(116): Illuminate\\Database\\Migrations\\Migrator->run()
#19 /home/debian/VivaBioApp/vendor/laravel/framework/src/Illuminate/Database/Migrations/Migrator.php(666): Illuminate\\Database\\Console\\Migrations\\MigrateCommand->Illuminate\\Database\\Console\\Migrations\\{closure}()
#20 /home/debian/VivaBioApp/vendor/laravel/framework/src/Illuminate/Database/Console/Migrations/MigrateCommand.php(109): Illuminate\\Database\\Migrations\\Migrator->usingConnection()
#21 /home/debian/VivaBioApp/vendor/laravel/framework/src/Illuminate/Database/Console/Migrations/MigrateCommand.php(88): Illuminate\\Database\\Console\\Migrations\\MigrateCommand->runMigrations()
#22 /home/debian/VivaBioApp/vendor/laravel/framework/src/Illuminate/Container/BoundMethod.php(36): Illuminate\\Database\\Console\\Migrations\\MigrateCommand->handle()
#23 /home/debian/VivaBioApp/vendor/laravel/framework/src/Illuminate/Container/Util.php(43): Illuminate\\Container\\BoundMethod::Illuminate\\Container\\{closure}()
#24 /home/debian/VivaBioApp/vendor/laravel/framework/src/Illuminate/Container/BoundMethod.php(96): Illuminate\\Container\\Util::unwrapIfClosure()
#25 /home/debian/VivaBioApp/vendor/laravel/framework/src/Illuminate/Container/BoundMethod.php(35): Illuminate\\Container\\BoundMethod::callBoundMethod()
#26 /home/debian/VivaBioApp/vendor/laravel/framework/src/Illuminate/Container/Container.php(836): Illuminate\\Container\\BoundMethod::call()
#27 /home/debian/VivaBioApp/vendor/laravel/framework/src/Illuminate/Console/Command.php(211): Illuminate\\Container\\Container->call()
#28 /home/debian/VivaBioApp/vendor/symfony/console/Command/Command.php(318): Illuminate\\Console\\Command->execute()
#29 /home/debian/VivaBioApp/vendor/laravel/framework/src/Illuminate/Console/Command.php(180): Symfony\\Component\\Console\\Command\\Command->run()
#30 /home/debian/VivaBioApp/vendor/symfony/console/Application.php(1110): Illuminate\\Console\\Command->run()
#31 /home/debian/VivaBioApp/vendor/symfony/console/Application.php(359): Symfony\\Component\\Console\\Application->doRunCommand()
#32 /home/debian/VivaBioApp/vendor/symfony/console/Application.php(194): Symfony\\Component\\Console\\Application->doRun()
#33 /home/debian/VivaBioApp/vendor/laravel/framework/src/Illuminate/Foundation/Console/Kernel.php(197): Symfony\\Component\\Console\\Application->run()
#34 /home/debian/VivaBioApp/vendor/laravel/framework/src/Illuminate/Foundation/Application.php(1235): Illuminate\\Foundation\\Console\\Kernel->handle()
#35 /home/debian/VivaBioApp/artisan(16): Illuminate\\Foundation\\Application->handleCommand()
#36 {main}
"} 
[2025-10-31 18:18:19] local.ERROR: SQLSTATE[42S01]: Base table or view already exists: 1050 Table 'commande_fournisseurs' already exists (Connection: mysql, SQL: create table `commande_fournisseurs` (`id` bigint unsigned not null auto_increment primary key, `status` tinyint(1) not null default '0', `fournisseur_id` bigint unsigned not null, `utilisateur_id` bigint unsigned not null, `created_at` timestamp null, `updated_at` timestamp null) default character set utf8mb4 collate 'utf8mb4_unicode_ci') {"exception":"[object] (Illuminate\\Database\\QueryException(code: 42S01): SQLSTATE[42S01]: Base table or view already exists: 1050 Table 'commande_fournisseurs' already exists (Connection: mysql, SQL: create table `commande_fournisseurs` (`id` bigint unsigned not null auto_increment primary key, `status` tinyint(1) not null default '0', `fournisseur_id` bigint unsigned not null, `utilisateur_id` bigint unsigned not null, `created_at` timestamp null, `updated_at` timestamp null) default character set utf8mb4 collate 'utf8mb4_unicode_ci') at /home/debian/VivaBioApp/vendor/laravel/framework/src/Illuminate/Database/Connection.php:824)
[stacktrace]
#0 /home/debian/VivaBioApp/vendor/laravel/framework/src/Illuminate/Database/Connection.php(778): Illuminate\\Database\\Connection->runQueryCallback()
#1 /home/debian/VivaBioApp/vendor/laravel/framework/src/Illuminate/Database/Connection.php(559): Illuminate\\Database\\Connection->run()
#2 /home/debian/VivaBioApp/vendor/laravel/framework/src/Illuminate/Database/Schema/Blueprint.php(121): Illuminate\\Database\\Connection->statement()
#3 /home/debian/VivaBioApp/vendor/laravel/framework/src/Illuminate/Database/Schema/Builder.php(618): Illuminate\\Database\\Schema\\Blueprint->build()
#4 /home/debian/VivaBioApp/vendor/laravel/framework/src/Illuminate/Database/Schema/Builder.php(472): Illuminate\\Database\\Schema\\Builder->build()
#5 /home/debian/VivaBioApp/vendor/laravel/framework/src/Illuminate/Support/Facades/Facade.php(363): Illuminate\\Database\\Schema\\Builder->create()
#6 /home/debian/VivaBioApp/database/migrations/2025_10_31_161249_create_commande_fournisseurs_table.php(11): Illuminate\\Support\\Facades\\Facade::__callStatic()
#7 /home/debian/VivaBioApp/vendor/laravel/framework/src/Illuminate/Database/Migrations/Migrator.php(514): Illuminate\\Database\\Migrations\\Migration@anonymous->up()
#8 /home/debian/VivaBioApp/vendor/laravel/framework/src/Illuminate/Database/Migrations/Migrator.php(439): Illuminate\\Database\\Migrations\\Migrator->runMethod()
#9 /home/debian/VivaBioApp/vendor/laravel/framework/src/Illuminate/Database/Migrations/Migrator.php(448): Illuminate\\Database\\Migrations\\Migrator->Illuminate\\Database\\Migrations\\{closure}()
#10 /home/debian/VivaBioApp/vendor/laravel/framework/src/Illuminate/Database/Migrations/Migrator.php(250): Illuminate\\Database\\Migrations\\Migrator->runMigration()
#11 /home/debian/VivaBioApp/vendor/laravel/framework/src/Illuminate/Console/View/Components/Task.php(41): Illuminate\\Database\\Migrations\\Migrator->Illuminate\\Database\\Migrations\\{closure}()
#12 /home/debian/VivaBioApp/vendor/laravel/framework/src/Illuminate/Database/Migrations/Migrator.php(809): Illuminate\\Console\\View\\Components\\Task->render()
#13 /home/debian/VivaBioApp/vendor/laravel/framework/src/Illuminate/Database/Migrations/Migrator.php(250): Illuminate\\Database\\Migrations\\Migrator->write()
#14 /home/debian/VivaBioApp/vendor/laravel/framework/src/Illuminate/Database/Migrations/Migrator.php(210): Illuminate\\Database\\Migrations\\Migrator->runUp()
#15 /home/debian/VivaBioApp/vendor/laravel/framework/src/Illuminate/Database/Migrations/Migrator.php(137): Illuminate\\Database\\Migrations\\Migrator->runPending()
#16 /home/debian/VivaBioApp/vendor/laravel/framework/src/Illuminate/Database/Console/Migrations/MigrateCommand.php(116): Illuminate\\Database\\Migrations\\Migrator->run()
#17 /home/debian/VivaBioApp/vendor/laravel/framework/src/Illuminate/Database/Migrations/Migrator.php(666): Illuminate\\Database\\Console\\Migrations\\MigrateCommand->Illuminate\\Database\\Console\\Migrations\\{closure}()
#18 /home/debian/VivaBioApp/vendor/laravel/framework/src/Illuminate/Database/Console/Migrations/MigrateCommand.php(109): Illuminate\\Database\\Migrations\\Migrator->usingConnection()
#19 /home/debian/VivaBioApp/vendor/laravel/framework/src/Illuminate/Database/Console/Migrations/MigrateCommand.php(88): Illuminate\\Database\\Console\\Migrations\\MigrateCommand->runMigrations()
#20 /home/debian/VivaBioApp/vendor/laravel/framework/src/Illuminate/Container/BoundMethod.php(36): Illuminate\\Database\\Console\\Migrations\\MigrateCommand->handle()
#21 /home/debian/VivaBioApp/vendor/laravel/framework/src/Illuminate/Container/Util.php(43): Illuminate\\Container\\BoundMethod::Illuminate\\Container\\{closure}()
#22 /home/debian/VivaBioApp/vendor/laravel/framework/src/Illuminate/Container/BoundMethod.php(96): Illuminate\\Container\\Util::unwrapIfClosure()
#23 /home/debian/VivaBioApp/vendor/laravel/framework/src/Illuminate/Container/BoundMethod.php(35): Illuminate\\Container\\BoundMethod::callBoundMethod()
#24 /home/debian/VivaBioApp/vendor/laravel/framework/src/Illuminate/Container/Container.php(836): Illuminate\\Container\\BoundMethod::call()
#25 /home/debian/VivaBioApp/vendor/laravel/framework/src/Illuminate/Console/Command.php(211): Illuminate\\Container\\Container->call()
#26 /home/debian/VivaBioApp/vendor/symfony/console/Command/Command.php(318): Illuminate\\Console\\Command->execute()
#27 /home/debian/VivaBioApp/vendor/laravel/framework/src/Illuminate/Console/Command.php(180): Symfony\\Component\\Console\\Command\\Command->run()
#28 /home/debian/VivaBioApp/vendor/symfony/console/Application.php(1110): Illuminate\\Console\\Command->run()
#29 /home/debian/VivaBioApp/vendor/symfony/console/Application.php(359): Symfony\\Component\\Console\\Application->doRunCommand()
#30 /home/debian/VivaBioApp/vendor/symfony/console/Application.php(194): Symfony\\Component\\Console\\Application->doRun()
#31 /home/debian/VivaBioApp/vendor/laravel/framework/src/Illuminate/Foundation/Console/Kernel.php(197): Symfony\\Component\\Console\\Application->run()
#32 /home/debian/VivaBioApp/vendor/laravel/framework/src/Illuminate/Foundation/Application.php(1235): Illuminate\\Foundation\\Console\\Kernel->handle()
#33 /home/debian/VivaBioApp/artisan(16): Illuminate\\Foundation\\Application->handleCommand()
#34 {main}

[previous exception] [object] (PDOException(code: 42S01): SQLSTATE[42S01]: Base table or view already exists: 1050 Table 'commande_fournisseurs' already exists at /home/debian/VivaBioApp/vendor/laravel/framework/src/Illuminate/Database/Connection.php:570)
[stacktrace]
#0 /home/debian/VivaBioApp/vendor/laravel/framework/src/Illuminate/Database/Connection.php(570): PDOStatement->execute()
#1 /home/debian/VivaBioApp/vendor/laravel/framework/src/Illuminate/Database/Connection.php(811): Illuminate\\Database\\Connection->Illuminate\\Database\\{closure}()
#2 /home/debian/VivaBioApp/vendor/laravel/framework/src/Illuminate/Database/Connection.php(778): Illuminate\\Database\\Connection->runQueryCallback()
#3 /home/debian/VivaBioApp/vendor/laravel/framework/src/Illuminate/Database/Connection.php(559): Illuminate\\Database\\Connection->run()
#4 /home/debian/VivaBioApp/vendor/laravel/framework/src/Illuminate/Database/Schema/Blueprint.php(121): Illuminate\\Database\\Connection->statement()
#5 /home/debian/VivaBioApp/vendor/laravel/framework/src/Illuminate/Database/Schema/Builder.php(618): Illuminate\\Database\\Schema\\Blueprint->build()
#6 /home/debian/VivaBioApp/vendor/laravel/framework/src/Illuminate/Database/Schema/Builder.php(472): Illuminate\\Database\\Schema\\Builder->build()
#7 /home/debian/VivaBioApp/vendor/laravel/framework/src/Illuminate/Support/Facades/Facade.php(363): Illuminate\\Database\\Schema\\Builder->create()
#8 /home/debian/VivaBioApp/database/migrations/2025_10_31_161249_create_commande_fournisseurs_table.php(11): Illuminate\\Support\\Facades\\Facade::__callStatic()
#9 /home/debian/VivaBioApp/vendor/laravel/framework/src/Illuminate/Database/Migrations/Migrator.php(514): Illuminate\\Database\\Migrations\\Migration@anonymous->up()
#10 /home/debian/VivaBioApp/vendor/laravel/framework/src/Illuminate/Database/Migrations/Migrator.php(439): Illuminate\\Database\\Migrations\\Migrator->runMethod()
#11 /home/debian/VivaBioApp/vendor/laravel/framework/src/Illuminate/Database/Migrations/Migrator.php(448): Illuminate\\Database\\Migrations\\Migrator->Illuminate\\Database\\Migrations\\{closure}()
#12 /home/debian/VivaBioApp/vendor/laravel/framework/src/Illuminate/Database/Migrations/Migrator.php(250): Illuminate\\Database\\Migrations\\Migrator->runMigration()
#13 /home/debian/VivaBioApp/vendor/laravel/framework/src/Illuminate/Console/View/Components/Task.php(41): Illuminate\\Database\\Migrations\\Migrator->Illuminate\\Database\\Migrations\\{closure}()
#14 /home/debian/VivaBioApp/vendor/laravel/framework/src/Illuminate/Database/Migrations/Migrator.php(809): Illuminate\\Console\\View\\Components\\Task->render()
#15 /home/debian/VivaBioApp/vendor/laravel/framework/src/Illuminate/Database/Migrations/Migrator.php(250): Illuminate\\Database\\Migrations\\Migrator->write()
#16 /home/debian/VivaBioApp/vendor/laravel/framework/src/Illuminate/Database/Migrations/Migrator.php(210): Illuminate\\Database\\Migrations\\Migrator->runUp()
#17 /home/debian/VivaBioApp/vendor/laravel/framework/src/Illuminate/Database/Migrations/Migrator.php(137): Illuminate\\Database\\Migrations\\Migrator->runPending()
#18 /home/debian/VivaBioApp/vendor/laravel/framework/src/Illuminate/Database/Console/Migrations/MigrateCommand.php(116): Illuminate\\Database\\Migrations\\Migrator->run()
#19 /home/debian/VivaBioApp/vendor/laravel/framework/src/Illuminate/Database/Migrations/Migrator.php(666): Illuminate\\Database\\Console\\Migrations\\MigrateCommand->Illuminate\\Database\\Console\\Migrations\\{closure}()
#20 /home/debian/VivaBioApp/vendor/laravel/framework/src/Illuminate/Database/Console/Migrations/MigrateCommand.php(109): Illuminate\\Database\\Migrations\\Migrator->usingConnection()
#21 /home/debian/VivaBioApp/vendor/laravel/framework/src/Illuminate/Database/Console/Migrations/MigrateCommand.php(88): Illuminate\\Database\\Console\\Migrations\\MigrateCommand->runMigrations()
#22 /home/debian/VivaBioApp/vendor/laravel/framework/src/Illuminate/Container/BoundMethod.php(36): Illuminate\\Database\\Console\\Migrations\\MigrateCommand->handle()
#23 /home/debian/VivaBioApp/vendor/laravel/framework/src/Illuminate/Container/Util.php(43): Illuminate\\Container\\BoundMethod::Illuminate\\Container\\{closure}()
#24 /home/debian/VivaBioApp/vendor/laravel/framework/src/Illuminate/Container/BoundMethod.php(96): Illuminate\\Container\\Util::unwrapIfClosure()
#25 /home/debian/VivaBioApp/vendor/laravel/framework/src/Illuminate/Container/BoundMethod.php(35): Illuminate\\Container\\BoundMethod::callBoundMethod()
#26 /home/debian/VivaBioApp/vendor/laravel/framework/src/Illuminate/Container/Container.php(836): Illuminate\\Container\\BoundMethod::call()
#27 /home/debian/VivaBioApp/vendor/laravel/framework/src/Illuminate/Console/Command.php(211): Illuminate\\Container\\Container->call()
#28 /home/debian/VivaBioApp/vendor/symfony/console/Command/Command.php(318): Illuminate\\Console\\Command->execute()
#29 /home/debian/VivaBioApp/vendor/laravel/framework/src/Illuminate/Console/Command.php(180): Symfony\\Component\\Console\\Command\\Command->run()
#30 /home/debian/VivaBioApp/vendor/symfony/console/Application.php(1110): Illuminate\\Console\\Command->run()
#31 /home/debian/VivaBioApp/vendor/symfony/console/Application.php(359): Symfony\\Component\\Console\\Application->doRunCommand()
#32 /home/debian/VivaBioApp/vendor/symfony/console/Application.php(194): Symfony\\Component\\Console\\Application->doRun()
#33 /home/debian/VivaBioApp/vendor/laravel/framework/src/Illuminate/Foundation/Console/Kernel.php(197): Symfony\\Component\\Console\\Application->run()
#34 /home/debian/VivaBioApp/vendor/laravel/framework/src/Illuminate/Foundation/Application.php(1235): Illuminate\\Foundation\\Console\\Kernel->handle()
#35 /home/debian/VivaBioApp/artisan(16): Illuminate\\Foundation\\Application->handleCommand()
#36 {main}
"} 
[2025-10-31 18:18:49] local.ERROR: SQLSTATE[42S22]: Column not found: 1054 Unknown column 'name' in 'INSERT INTO' (Connection: mysql, SQL: insert into `users` (`name`, `email`, `email_verified_at`, `password`, `remember_token`, `updated_at`, `created_at`) values (Test User, test@example.com, 2025-10-31 18:18:49, $2y$12$dtHsx9ACLDDaozCB7CTjb.4QwzlcoP0sAWLGTogMlMmpcb.0BSkfq, p79nOJPqqJ, 2025-10-31 18:18:49, 2025-10-31 18:18:49)) {"exception":"[object] (Illuminate\\Database\\QueryException(code: 42S22): SQLSTATE[42S22]: Column not found: 1054 Unknown column 'name' in 'INSERT INTO' (Connection: mysql, SQL: insert into `users` (`name`, `email`, `email_verified_at`, `password`, `remember_token`, `updated_at`, `created_at`) values (Test User, test@example.com, 2025-10-31 18:18:49, $2y$12$dtHsx9ACLDDaozCB7CTjb.4QwzlcoP0sAWLGTogMlMmpcb.0BSkfq, p79nOJPqqJ, 2025-10-31 18:18:49, 2025-10-31 18:18:49)) at /home/debian/VivaBioApp/vendor/laravel/framework/src/Illuminate/Database/Connection.php:824)
[stacktrace]
#0 /home/debian/VivaBioApp/vendor/laravel/framework/src/Illuminate/Database/Connection.php(778): Illuminate\\Database\\Connection->runQueryCallback()
#1 /home/debian/VivaBioApp/vendor/laravel/framework/src/Illuminate/Database/MySqlConnection.php(42): Illuminate\\Database\\Connection->run()
#2 /home/debian/VivaBioApp/vendor/laravel/framework/src/Illuminate/Database/Query/Processors/MySqlProcessor.php(35): Illuminate\\Database\\MySqlConnection->insert()
#3 /home/debian/VivaBioApp/vendor/laravel/framework/src/Illuminate/Database/Query/Builder.php(3853): Illuminate\\Database\\Query\\Processors\\MySqlProcessor->processInsertGetId()
#4 /home/debian/VivaBioApp/vendor/laravel/framework/src/Illuminate/Database/Eloquent/Builder.php(2235): Illuminate\\Database\\Query\\Builder->insertGetId()
#5 /home/debian/VivaBioApp/vendor/laravel/framework/src/Illuminate/Database/Eloquent/Model.php(1436): Illuminate\\Database\\Eloquent\\Builder->__call()
#6 /home/debian/VivaBioApp/vendor/laravel/framework/src/Illuminate/Database/Eloquent/Model.php(1401): Illuminate\\Database\\Eloquent\\Model->insertAndSetId()
#7 /home/debian/VivaBioApp/vendor/laravel/framework/src/Illuminate/Database/Eloquent/Model.php(1240): Illuminate\\Database\\Eloquent\\Model->performInsert()
#8 /home/debian/VivaBioApp/vendor/laravel/framework/src/Illuminate/Database/Eloquent/Factories/Factory.php(370): Illuminate\\Database\\Eloquent\\Model->save()
#9 /home/debian/VivaBioApp/vendor/laravel/framework/src/Illuminate/Collections/Traits/EnumeratesValues.php(271): Illuminate\\Database\\Eloquent\\Factories\\Factory->Illuminate\\Database\\Eloquent\\Factories\\{closure}()
#10 /home/debian/VivaBioApp/vendor/laravel/framework/src/Illuminate/Database/Eloquent/Factories/Factory.php(365): Illuminate\\Support\\Collection->each()
#11 /home/debian/VivaBioApp/vendor/laravel/framework/src/Illuminate/Database/Eloquent/Factories/Factory.php(321): Illuminate\\Database\\Eloquent\\Factories\\Factory->store()
#12 /home/debian/VivaBioApp/vendor/laravel/framework/src/Illuminate/Database/Eloquent/Factories/Factory.php(315): Illuminate\\Database\\Eloquent\\Factories\\Factory->create()
#13 /home/debian/VivaBioApp/database/seeders/DatabaseSeeder.php(18): Illuminate\\Database\\Eloquent\\Factories\\Factory->create()
#14 /home/debian/VivaBioApp/vendor/laravel/framework/src/Illuminate/Container/BoundMethod.php(36): Database\\Seeders\\DatabaseSeeder->run()
#15 /home/debian/VivaBioApp/vendor/laravel/framework/src/Illuminate/Container/Util.php(43): Illuminate\\Container\\BoundMethod::Illuminate\\Container\\{closure}()
#16 /home/debian/VivaBioApp/vendor/laravel/framework/src/Illuminate/Container/BoundMethod.php(96): Illuminate\\Container\\Util::unwrapIfClosure()
#17 /home/debian/VivaBioApp/vendor/laravel/framework/src/Illuminate/Container/BoundMethod.php(35): Illuminate\\Container\\BoundMethod::callBoundMethod()
#18 /home/debian/VivaBioApp/vendor/laravel/framework/src/Illuminate/Container/Container.php(836): Illuminate\\Container\\BoundMethod::call()
#19 /home/debian/VivaBioApp/vendor/laravel/framework/src/Illuminate/Database/Seeder.php(184): Illuminate\\Container\\Container->call()
#20 /home/debian/VivaBioApp/vendor/laravel/framework/src/Illuminate/Database/Seeder.php(193): Illuminate\\Database\\Seeder->Illuminate\\Database\\{closure}()
#21 /home/debian/VivaBioApp/vendor/laravel/framework/src/Illuminate/Database/Console/Seeds/SeedCommand.php(71): Illuminate\\Database\\Seeder->__invoke()
#22 /home/debian/VivaBioApp/vendor/laravel/framework/src/Illuminate/Database/Eloquent/Concerns/GuardsAttributes.php(157): Illuminate\\Database\\Console\\Seeds\\SeedCommand->Illuminate\\Database\\Console\\Seeds\\{closure}()
#23 /home/debian/VivaBioApp/vendor/laravel/framework/src/Illuminate/Database/Console/Seeds/SeedCommand.php(70): Illuminate\\Database\\Eloquent\\Model::unguarded()
#24 /home/debian/VivaBioApp/vendor/laravel/framework/src/Illuminate/Container/BoundMethod.php(36): Illuminate\\Database\\Console\\Seeds\\SeedCommand->handle()
#25 /home/debian/VivaBioApp/vendor/laravel/framework/src/Illuminate/Container/Util.php(43): Illuminate\\Container\\BoundMethod::Illuminate\\Container\\{closure}()
#26 /home/debian/VivaBioApp/vendor/laravel/framework/src/Illuminate/Container/BoundMethod.php(96): Illuminate\\Container\\Util::unwrapIfClosure()
#27 /home/debian/VivaBioApp/vendor/laravel/framework/src/Illuminate/Container/BoundMethod.php(35): Illuminate\\Container\\BoundMethod::callBoundMethod()
#28 /home/debian/VivaBioApp/vendor/laravel/framework/src/Illuminate/Container/Container.php(836): Illuminate\\Container\\BoundMethod::call()
#29 /home/debian/VivaBioApp/vendor/laravel/framework/src/Illuminate/Console/Command.php(211): Illuminate\\Container\\Container->call()
#30 /home/debian/VivaBioApp/vendor/symfony/console/Command/Command.php(318): Illuminate\\Console\\Command->execute()
#31 /home/debian/VivaBioApp/vendor/laravel/framework/src/Illuminate/Console/Command.php(180): Symfony\\Component\\Console\\Command\\Command->run()
#32 /home/debian/VivaBioApp/vendor/laravel/framework/src/Illuminate/Console/Concerns/CallsCommands.php(68): Illuminate\\Console\\Command->run()
#33 /home/debian/VivaBioApp/vendor/laravel/framework/src/Illuminate/Console/Concerns/CallsCommands.php(29): Illuminate\\Console\\Command->runCommand()
#34 /home/debian/VivaBioApp/vendor/laravel/framework/src/Illuminate/Database/Console/Migrations/MigrateCommand.php(125): Illuminate\\Console\\Command->call()
#35 /home/debian/VivaBioApp/vendor/laravel/framework/src/Illuminate/Database/Migrations/Migrator.php(666): Illuminate\\Database\\Console\\Migrations\\MigrateCommand->Illuminate\\Database\\Console\\Migrations\\{closure}()
#36 /home/debian/VivaBioApp/vendor/laravel/framework/src/Illuminate/Database/Console/Migrations/MigrateCommand.php(109): Illuminate\\Database\\Migrations\\Migrator->usingConnection()
#37 /home/debian/VivaBioApp/vendor/laravel/framework/src/Illuminate/Database/Console/Migrations/MigrateCommand.php(88): Illuminate\\Database\\Console\\Migrations\\MigrateCommand->runMigrations()
#38 /home/debian/VivaBioApp/vendor/laravel/framework/src/Illuminate/Container/BoundMethod.php(36): Illuminate\\Database\\Console\\Migrations\\MigrateCommand->handle()
#39 /home/debian/VivaBioApp/vendor/laravel/framework/src/Illuminate/Container/Util.php(43): Illuminate\\Container\\BoundMethod::Illuminate\\Container\\{closure}()
#40 /home/debian/VivaBioApp/vendor/laravel/framework/src/Illuminate/Container/BoundMethod.php(96): Illuminate\\Container\\Util::unwrapIfClosure()
#41 /home/debian/VivaBioApp/vendor/laravel/framework/src/Illuminate/Container/BoundMethod.php(35): Illuminate\\Container\\BoundMethod::callBoundMethod()
#42 /home/debian/VivaBioApp/vendor/laravel/framework/src/Illuminate/Container/Container.php(836): Illuminate\\Container\\BoundMethod::call()
#43 /home/debian/VivaBioApp/vendor/laravel/framework/src/Illuminate/Console/Command.php(211): Illuminate\\Container\\Container->call()
#44 /home/debian/VivaBioApp/vendor/symfony/console/Command/Command.php(318): Illuminate\\Console\\Command->execute()
#45 /home/debian/VivaBioApp/vendor/laravel/framework/src/Illuminate/Console/Command.php(180): Symfony\\Component\\Console\\Command\\Command->run()
#46 /home/debian/VivaBioApp/vendor/symfony/console/Application.php(1110): Illuminate\\Console\\Command->run()
#47 /home/debian/VivaBioApp/vendor/symfony/console/Application.php(359): Symfony\\Component\\Console\\Application->doRunCommand()
#48 /home/debian/VivaBioApp/vendor/symfony/console/Application.php(194): Symfony\\Component\\Console\\Application->doRun()
#49 /home/debian/VivaBioApp/vendor/laravel/framework/src/Illuminate/Foundation/Console/Kernel.php(197): Symfony\\Component\\Console\\Application->run()
#50 /home/debian/VivaBioApp/vendor/laravel/framework/src/Illuminate/Foundation/Application.php(1235): Illuminate\\Foundation\\Console\\Kernel->handle()
#51 /home/debian/VivaBioApp/artisan(16): Illuminate\\Foundation\\Application->handleCommand()
#52 {main}

[previous exception] [object] (PDOException(code: 42S22): SQLSTATE[42S22]: Column not found: 1054 Unknown column 'name' in 'INSERT INTO' at /home/debian/VivaBioApp/vendor/laravel/framework/src/Illuminate/Database/MySqlConnection.php:47)
[stacktrace]
#0 /home/debian/VivaBioApp/vendor/laravel/framework/src/Illuminate/Database/MySqlConnection.php(47): PDO->prepare()
#1 /home/debian/VivaBioApp/vendor/laravel/framework/src/Illuminate/Database/Connection.php(811): Illuminate\\Database\\MySqlConnection->Illuminate\\Database\\{closure}()
#2 /home/debian/VivaBioApp/vendor/laravel/framework/src/Illuminate/Database/Connection.php(778): Illuminate\\Database\\Connection->runQueryCallback()
#3 /home/debian/VivaBioApp/vendor/laravel/framework/src/Illuminate/Database/MySqlConnection.php(42): Illuminate\\Database\\Connection->run()
#4 /home/debian/VivaBioApp/vendor/laravel/framework/src/Illuminate/Database/Query/Processors/MySqlProcessor.php(35): Illuminate\\Database\\MySqlConnection->insert()
#5 /home/debian/VivaBioApp/vendor/laravel/framework/src/Illuminate/Database/Query/Builder.php(3853): Illuminate\\Database\\Query\\Processors\\MySqlProcessor->processInsertGetId()
#6 /home/debian/VivaBioApp/vendor/laravel/framework/src/Illuminate/Database/Eloquent/Builder.php(2235): Illuminate\\Database\\Query\\Builder->insertGetId()
#7 /home/debian/VivaBioApp/vendor/laravel/framework/src/Illuminate/Database/Eloquent/Model.php(1436): Illuminate\\Database\\Eloquent\\Builder->__call()
#8 /home/debian/VivaBioApp/vendor/laravel/framework/src/Illuminate/Database/Eloquent/Model.php(1401): Illuminate\\Database\\Eloquent\\Model->insertAndSetId()
#9 /home/debian/VivaBioApp/vendor/laravel/framework/src/Illuminate/Database/Eloquent/Model.php(1240): Illuminate\\Database\\Eloquent\\Model->performInsert()
#10 /home/debian/VivaBioApp/vendor/laravel/framework/src/Illuminate/Database/Eloquent/Factories/Factory.php(370): Illuminate\\Database\\Eloquent\\Model->save()
#11 /home/debian/VivaBioApp/vendor/laravel/framework/src/Illuminate/Collections/Traits/EnumeratesValues.php(271): Illuminate\\Database\\Eloquent\\Factories\\Factory->Illuminate\\Database\\Eloquent\\Factories\\{closure}()
#12 /home/debian/VivaBioApp/vendor/laravel/framework/src/Illuminate/Database/Eloquent/Factories/Factory.php(365): Illuminate\\Support\\Collection->each()
#13 /home/debian/VivaBioApp/vendor/laravel/framework/src/Illuminate/Database/Eloquent/Factories/Factory.php(321): Illuminate\\Database\\Eloquent\\Factories\\Factory->store()
#14 /home/debian/VivaBioApp/vendor/laravel/framework/src/Illuminate/Database/Eloquent/Factories/Factory.php(315): Illuminate\\Database\\Eloquent\\Factories\\Factory->create()
#15 /home/debian/VivaBioApp/database/seeders/DatabaseSeeder.php(18): Illuminate\\Database\\Eloquent\\Factories\\Factory->create()
#16 /home/debian/VivaBioApp/vendor/laravel/framework/src/Illuminate/Container/BoundMethod.php(36): Database\\Seeders\\DatabaseSeeder->run()
#17 /home/debian/VivaBioApp/vendor/laravel/framework/src/Illuminate/Container/Util.php(43): Illuminate\\Container\\BoundMethod::Illuminate\\Container\\{closure}()
#18 /home/debian/VivaBioApp/vendor/laravel/framework/src/Illuminate/Container/BoundMethod.php(96): Illuminate\\Container\\Util::unwrapIfClosure()
#19 /home/debian/VivaBioApp/vendor/laravel/framework/src/Illuminate/Container/BoundMethod.php(35): Illuminate\\Container\\BoundMethod::callBoundMethod()
#20 /home/debian/VivaBioApp/vendor/laravel/framework/src/Illuminate/Container/Container.php(836): Illuminate\\Container\\BoundMethod::call()
#21 /home/debian/VivaBioApp/vendor/laravel/framework/src/Illuminate/Database/Seeder.php(184): Illuminate\\Container\\Container->call()
#22 /home/debian/VivaBioApp/vendor/laravel/framework/src/Illuminate/Database/Seeder.php(193): Illuminate\\Database\\Seeder->Illuminate\\Database\\{closure}()
#23 /home/debian/VivaBioApp/vendor/laravel/framework/src/Illuminate/Database/Console/Seeds/SeedCommand.php(71): Illuminate\\Database\\Seeder->__invoke()
#24 /home/debian/VivaBioApp/vendor/laravel/framework/src/Illuminate/Database/Eloquent/Concerns/GuardsAttributes.php(157): Illuminate\\Database\\Console\\Seeds\\SeedCommand->Illuminate\\Database\\Console\\Seeds\\{closure}()
#25 /home/debian/VivaBioApp/vendor/laravel/framework/src/Illuminate/Database/Console/Seeds/SeedCommand.php(70): Illuminate\\Database\\Eloquent\\Model::unguarded()
#26 /home/debian/VivaBioApp/vendor/laravel/framework/src/Illuminate/Container/BoundMethod.php(36): Illuminate\\Database\\Console\\Seeds\\SeedCommand->handle()
#27 /home/debian/VivaBioApp/vendor/laravel/framework/src/Illuminate/Container/Util.php(43): Illuminate\\Container\\BoundMethod::Illuminate\\Container\\{closure}()
#28 /home/debian/VivaBioApp/vendor/laravel/framework/src/Illuminate/Container/BoundMethod.php(96): Illuminate\\Container\\Util::unwrapIfClosure()
#29 /home/debian/VivaBioApp/vendor/laravel/framework/src/Illuminate/Container/BoundMethod.php(35): Illuminate\\Container\\BoundMethod::callBoundMethod()
#30 /home/debian/VivaBioApp/vendor/laravel/framework/src/Illuminate/Container/Container.php(836): Illuminate\\Container\\BoundMethod::call()
#31 /home/debian/VivaBioApp/vendor/laravel/framework/src/Illuminate/Console/Command.php(211): Illuminate\\Container\\Container->call()
#32 /home/debian/VivaBioApp/vendor/symfony/console/Command/Command.php(318): Illuminate\\Console\\Command->execute()
#33 /home/debian/VivaBioApp/vendor/laravel/framework/src/Illuminate/Console/Command.php(180): Symfony\\Component\\Console\\Command\\Command->run()
#34 /home/debian/VivaBioApp/vendor/laravel/framework/src/Illuminate/Console/Concerns/CallsCommands.php(68): Illuminate\\Console\\Command->run()
#35 /home/debian/VivaBioApp/vendor/laravel/framework/src/Illuminate/Console/Concerns/CallsCommands.php(29): Illuminate\\Console\\Command->runCommand()
#36 /home/debian/VivaBioApp/vendor/laravel/framework/src/Illuminate/Database/Console/Migrations/MigrateCommand.php(125): Illuminate\\Console\\Command->call()
#37 /home/debian/VivaBioApp/vendor/laravel/framework/src/Illuminate/Database/Migrations/Migrator.php(666): Illuminate\\Database\\Console\\Migrations\\MigrateCommand->Illuminate\\Database\\Console\\Migrations\\{closure}()
#38 /home/debian/VivaBioApp/vendor/laravel/framework/src/Illuminate/Database/Console/Migrations/MigrateCommand.php(109): Illuminate\\Database\\Migrations\\Migrator->usingConnection()
#39 /home/debian/VivaBioApp/vendor/laravel/framework/src/Illuminate/Database/Console/Migrations/MigrateCommand.php(88): Illuminate\\Database\\Console\\Migrations\\MigrateCommand->runMigrations()
#40 /home/debian/VivaBioApp/vendor/laravel/framework/src/Illuminate/Container/BoundMethod.php(36): Illuminate\\Database\\Console\\Migrations\\MigrateCommand->handle()
#41 /home/debian/VivaBioApp/vendor/laravel/framework/src/Illuminate/Container/Util.php(43): Illuminate\\Container\\BoundMethod::Illuminate\\Container\\{closure}()
#42 /home/debian/VivaBioApp/vendor/laravel/framework/src/Illuminate/Container/BoundMethod.php(96): Illuminate\\Container\\Util::unwrapIfClosure()
#43 /home/debian/VivaBioApp/vendor/laravel/framework/src/Illuminate/Container/BoundMethod.php(35): Illuminate\\Container\\BoundMethod::callBoundMethod()
#44 /home/debian/VivaBioApp/vendor/laravel/framework/src/Illuminate/Container/Container.php(836): Illuminate\\Container\\BoundMethod::call()
#45 /home/debian/VivaBioApp/vendor/laravel/framework/src/Illuminate/Console/Command.php(211): Illuminate\\Container\\Container->call()
#46 /home/debian/VivaBioApp/vendor/symfony/console/Command/Command.php(318): Illuminate\\Console\\Command->execute()
#47 /home/debian/VivaBioApp/vendor/laravel/framework/src/Illuminate/Console/Command.php(180): Symfony\\Component\\Console\\Command\\Command->run()
#48 /home/debian/VivaBioApp/vendor/symfony/console/Application.php(1110): Illuminate\\Console\\Command->run()
#49 /home/debian/VivaBioApp/vendor/symfony/console/Application.php(359): Symfony\\Component\\Console\\Application->doRunCommand()
#50 /home/debian/VivaBioApp/vendor/symfony/console/Application.php(194): Symfony\\Component\\Console\\Application->doRun()
#51 /home/debian/VivaBioApp/vendor/laravel/framework/src/Illuminate/Foundation/Console/Kernel.php(197): Symfony\\Component\\Console\\Application->run()
#52 /home/debian/VivaBioApp/vendor/laravel/framework/src/Illuminate/Foundation/Application.php(1235): Illuminate\\Foundation\\Console\\Kernel->handle()
#53 /home/debian/VivaBioApp/artisan(16): Illuminate\\Foundation\\Application->handleCommand()
#54 {main}
"} 
[2025-10-31 18:23:54] local.ERROR: Vite manifest not found at: /home/debian/VivaBioApp/public/build/manifest.json (View: /home/debian/VivaBioApp/resources/views/layouts/guest.blade.php) (View: /home/debian/VivaBioApp/resources/views/layouts/guest.blade.php) {"exception":"[object] (Illuminate\\View\\ViewException(code: 0): Vite manifest not found at: /home/debian/VivaBioApp/public/build/manifest.json (View: /home/debian/VivaBioApp/resources/views/layouts/guest.blade.php) (View: /home/debian/VivaBioApp/resources/views/layouts/guest.blade.php) at /home/debian/VivaBioApp/vendor/laravel/framework/src/Illuminate/Foundation/Vite.php:935)
[stacktrace]
#0 /home/debian/VivaBioApp/vendor/laravel/framework/src/Illuminate/View/Engines/PhpEngine.php(59): Illuminate\\View\\Engines\\CompilerEngine->handleViewException()
#1 /home/debian/VivaBioApp/vendor/laravel/framework/src/Illuminate/View/Engines/CompilerEngine.php(76): Illuminate\\View\\Engines\\PhpEngine->evaluatePath()
#2 /home/debian/VivaBioApp/vendor/laravel/framework/src/Illuminate/View/View.php(208): Illuminate\\View\\Engines\\CompilerEngine->get()
#3 /home/debian/VivaBioApp/vendor/laravel/framework/src/Illuminate/View/View.php(191): Illuminate\\View\\View->getContents()
#4 /home/debian/VivaBioApp/vendor/laravel/framework/src/Illuminate/View/View.php(160): Illuminate\\View\\View->renderContents()
#5 /home/debian/VivaBioApp/vendor/laravel/framework/src/Illuminate/Http/Response.php(78): Illuminate\\View\\View->render()
#6 /home/debian/VivaBioApp/vendor/laravel/framework/src/Illuminate/Http/Response.php(34): Illuminate\\Http\\Response->setContent()
#7 /home/debian/VivaBioApp/vendor/laravel/framework/src/Illuminate/Routing/Router.php(939): Illuminate\\Http\\Response->__construct()
#8 /home/debian/VivaBioApp/vendor/laravel/framework/src/Illuminate/Routing/Router.php(906): Illuminate\\Routing\\Router::toResponse()
#9 /home/debian/VivaBioApp/vendor/laravel/framework/src/Illuminate/Routing/Router.php(821): Illuminate\\Routing\\Router->prepareResponse()
#10 /home/debian/VivaBioApp/vendor/laravel/framework/src/Illuminate/Pipeline/Pipeline.php(180): Illuminate\\Routing\\Router->Illuminate\\Routing\\{closure}()
#11 /home/debian/VivaBioApp/vendor/laravel/framework/src/Illuminate/Auth/Middleware/RedirectIfAuthenticated.php(35): Illuminate\\Pipeline\\Pipeline->Illuminate\\Pipeline\\{closure}()
#12 /home/debian/VivaBioApp/vendor/laravel/framework/src/Illuminate/Pipeline/Pipeline.php(219): Illuminate\\Auth\\Middleware\\RedirectIfAuthenticated->handle()
#13 /home/debian/VivaBioApp/vendor/laravel/framework/src/Illuminate/Routing/Middleware/SubstituteBindings.php(50): Illuminate\\Pipeline\\Pipeline->Illuminate\\Pipeline\\{closure}()
#14 /home/debian/VivaBioApp/vendor/laravel/framework/src/Illuminate/Pipeline/Pipeline.php(219): Illuminate\\Routing\\Middleware\\SubstituteBindings->handle()
#15 /home/debian/VivaBioApp/vendor/laravel/framework/src/Illuminate/Foundation/Http/Middleware/VerifyCsrfToken.php(87): Illuminate\\Pipeline\\Pipeline->Illuminate\\Pipeline\\{closure}()
#16 /home/debian/VivaBioApp/vendor/laravel/framework/src/Illuminate/Pipeline/Pipeline.php(219): Illuminate\\Foundation\\Http\\Middleware\\VerifyCsrfToken->handle()
#17 /home/debian/VivaBioApp/vendor/laravel/framework/src/Illuminate/View/Middleware/ShareErrorsFromSession.php(48): Illuminate\\Pipeline\\Pipeline->Illuminate\\Pipeline\\{closure}()
#18 /home/debian/VivaBioApp/vendor/laravel/framework/src/Illuminate/Pipeline/Pipeline.php(219): Illuminate\\View\\Middleware\\ShareErrorsFromSession->handle()
#19 /home/debian/VivaBioApp/vendor/laravel/framework/src/Illuminate/Session/Middleware/StartSession.php(120): Illuminate\\Pipeline\\Pipeline->Illuminate\\Pipeline\\{closure}()
#20 /home/debian/VivaBioApp/vendor/laravel/framework/src/Illuminate/Session/Middleware/StartSession.php(63): Illuminate\\Session\\Middleware\\StartSession->handleStatefulRequest()
#21 /home/debian/VivaBioApp/vendor/laravel/framework/src/Illuminate/Pipeline/Pipeline.php(219): Illuminate\\Session\\Middleware\\StartSession->handle()
#22 /home/debian/VivaBioApp/vendor/laravel/framework/src/Illuminate/Cookie/Middleware/AddQueuedCookiesToResponse.php(36): Illuminate\\Pipeline\\Pipeline->Illuminate\\Pipeline\\{closure}()
#23 /home/debian/VivaBioApp/vendor/laravel/framework/src/Illuminate/Pipeline/Pipeline.php(219): Illuminate\\Cookie\\Middleware\\AddQueuedCookiesToResponse->handle()
#24 /home/debian/VivaBioApp/vendor/laravel/framework/src/Illuminate/Cookie/Middleware/EncryptCookies.php(74): Illuminate\\Pipeline\\Pipeline->Illuminate\\Pipeline\\{closure}()
#25 /home/debian/VivaBioApp/vendor/laravel/framework/src/Illuminate/Pipeline/Pipeline.php(219): Illuminate\\Cookie\\Middleware\\EncryptCookies->handle()
#26 /home/debian/VivaBioApp/vendor/laravel/framework/src/Illuminate/Pipeline/Pipeline.php(137): Illuminate\\Pipeline\\Pipeline->Illuminate\\Pipeline\\{closure}()
#27 /home/debian/VivaBioApp/vendor/laravel/framework/src/Illuminate/Routing/Router.php(821): Illuminate\\Pipeline\\Pipeline->then()
#28 /home/debian/VivaBioApp/vendor/laravel/framework/src/Illuminate/Routing/Router.php(800): Illuminate\\Routing\\Router->runRouteWithinStack()
#29 /home/debian/VivaBioApp/vendor/laravel/framework/src/Illuminate/Routing/Router.php(764): Illuminate\\Routing\\Router->runRoute()
#30 /home/debian/VivaBioApp/vendor/laravel/framework/src/Illuminate/Routing/Router.php(753): Illuminate\\Routing\\Router->dispatchToRoute()
#31 /home/debian/VivaBioApp/vendor/laravel/framework/src/Illuminate/Foundation/Http/Kernel.php(200): Illuminate\\Routing\\Router->dispatch()
#32 /home/debian/VivaBioApp/vendor/laravel/framework/src/Illuminate/Pipeline/Pipeline.php(180): Illuminate\\Foundation\\Http\\Kernel->Illuminate\\Foundation\\Http\\{closure}()
#33 /home/debian/VivaBioApp/vendor/laravel/framework/src/Illuminate/Foundation/Http/Middleware/TransformsRequest.php(21): Illuminate\\Pipeline\\Pipeline->Illuminate\\Pipeline\\{closure}()
#34 /home/debian/VivaBioApp/vendor/laravel/framework/src/Illuminate/Foundation/Http/Middleware/ConvertEmptyStringsToNull.php(31): Illuminate\\Foundation\\Http\\Middleware\\TransformsRequest->handle()
#35 /home/debian/VivaBioApp/vendor/laravel/framework/src/Illuminate/Pipeline/Pipeline.php(219): Illuminate\\Foundation\\Http\\Middleware\\ConvertEmptyStringsToNull->handle()
#36 /home/debian/VivaBioApp/vendor/laravel/framework/src/Illuminate/Foundation/Http/Middleware/TransformsRequest.php(21): Illuminate\\Pipeline\\Pipeline->Illuminate\\Pipeline\\{closure}()
#37 /home/debian/VivaBioApp/vendor/laravel/framework/src/Illuminate/Foundation/Http/Middleware/TrimStrings.php(51): Illuminate\\Foundation\\Http\\Middleware\\TransformsRequest->handle()
#38 /home/debian/VivaBioApp/vendor/laravel/framework/src/Illuminate/Pipeline/Pipeline.php(219): Illuminate\\Foundation\\Http\\Middleware\\TrimStrings->handle()
#39 /home/debian/VivaBioApp/vendor/laravel/framework/src/Illuminate/Http/Middleware/ValidatePostSize.php(27): Illuminate\\Pipeline\\Pipeline->Illuminate\\Pipeline\\{closure}()
#40 /home/debian/VivaBioApp/vendor/laravel/framework/src/Illuminate/Pipeline/Pipeline.php(219): Illuminate\\Http\\Middleware\\ValidatePostSize->handle()
#41 /home/debian/VivaBioApp/vendor/laravel/framework/src/Illuminate/Foundation/Http/Middleware/PreventRequestsDuringMaintenance.php(109): Illuminate\\Pipeline\\Pipeline->Illuminate\\Pipeline\\{closure}()
#42 /home/debian/VivaBioApp/vendor/laravel/framework/src/Illuminate/Pipeline/Pipeline.php(219): Illuminate\\Foundation\\Http\\Middleware\\PreventRequestsDuringMaintenance->handle()
#43 /home/debian/VivaBioApp/vendor/laravel/framework/src/Illuminate/Http/Middleware/HandleCors.php(48): Illuminate\\Pipeline\\Pipeline->Illuminate\\Pipeline\\{closure}()
#44 /home/debian/VivaBioApp/vendor/laravel/framework/src/Illuminate/Pipeline/Pipeline.php(219): Illuminate\\Http\\Middleware\\HandleCors->handle()
#45 /home/debian/VivaBioApp/vendor/laravel/framework/src/Illuminate/Http/Middleware/TrustProxies.php(58): Illuminate\\Pipeline\\Pipeline->Illuminate\\Pipeline\\{closure}()
#46 /home/debian/VivaBioApp/vendor/laravel/framework/src/Illuminate/Pipeline/Pipeline.php(219): Illuminate\\Http\\Middleware\\TrustProxies->handle()
#47 /home/debian/VivaBioApp/vendor/laravel/framework/src/Illuminate/Foundation/Http/Middleware/InvokeDeferredCallbacks.php(22): Illuminate\\Pipeline\\Pipeline->Illuminate\\Pipeline\\{closure}()
#48 /home/debian/VivaBioApp/vendor/laravel/framework/src/Illuminate/Pipeline/Pipeline.php(219): Illuminate\\Foundation\\Http\\Middleware\\InvokeDeferredCallbacks->handle()
#49 /home/debian/VivaBioApp/vendor/laravel/framework/src/Illuminate/Http/Middleware/ValidatePathEncoding.php(26): Illuminate\\Pipeline\\Pipeline->Illuminate\\Pipeline\\{closure}()
#50 /home/debian/VivaBioApp/vendor/laravel/framework/src/Illuminate/Pipeline/Pipeline.php(219): Illuminate\\Http\\Middleware\\ValidatePathEncoding->handle()
#51 /home/debian/VivaBioApp/vendor/laravel/framework/src/Illuminate/Pipeline/Pipeline.php(137): Illuminate\\Pipeline\\Pipeline->Illuminate\\Pipeline\\{closure}()
#52 /home/debian/VivaBioApp/vendor/laravel/framework/src/Illuminate/Foundation/Http/Kernel.php(175): Illuminate\\Pipeline\\Pipeline->then()
#53 /home/debian/VivaBioApp/vendor/laravel/framework/src/Illuminate/Foundation/Http/Kernel.php(144): Illuminate\\Foundation\\Http\\Kernel->sendRequestThroughRouter()
#54 /home/debian/VivaBioApp/vendor/laravel/framework/src/Illuminate/Foundation/Application.php(1220): Illuminate\\Foundation\\Http\\Kernel->handle()
#55 /home/debian/VivaBioApp/public/index.php(20): Illuminate\\Foundation\\Application->handleRequest()
#56 /home/debian/VivaBioApp/vendor/laravel/framework/src/Illuminate/Foundation/resources/server.php(23): require_once('...')
#57 {main}

[previous exception] [object] (Illuminate\\View\\ViewException(code: 0): Vite manifest not found at: /home/debian/VivaBioApp/public/build/manifest.json (View: /home/debian/VivaBioApp/resources/views/layouts/guest.blade.php) at /home/debian/VivaBioApp/vendor/laravel/framework/src/Illuminate/Foundation/Vite.php:935)
[stacktrace]
#0 /home/debian/VivaBioApp/vendor/laravel/framework/src/Illuminate/View/Engines/PhpEngine.php(59): Illuminate\\View\\Engines\\CompilerEngine->handleViewException()
#1 /home/debian/VivaBioApp/vendor/laravel/framework/src/Illuminate/View/Engines/CompilerEngine.php(76): Illuminate\\View\\Engines\\PhpEngine->evaluatePath()
#2 /home/debian/VivaBioApp/vendor/laravel/framework/src/Illuminate/View/View.php(208): Illuminate\\View\\Engines\\CompilerEngine->get()
#3 /home/debian/VivaBioApp/vendor/laravel/framework/src/Illuminate/View/View.php(191): Illuminate\\View\\View->getContents()
#4 /home/debian/VivaBioApp/vendor/laravel/framework/src/Illuminate/View/View.php(160): Illuminate\\View\\View->renderContents()
#5 /home/debian/VivaBioApp/vendor/laravel/framework/src/Illuminate/View/Concerns/ManagesComponents.php(99): Illuminate\\View\\View->render()
#6 /home/debian/VivaBioApp/storage/framework/views/d6573da60307f698befedf7829b288f6.php(304): Illuminate\\View\\Factory->renderComponent()
#7 /home/debian/VivaBioApp/vendor/laravel/framework/src/Illuminate/Filesystem/Filesystem.php(123): require('...')
#8 /home/debian/VivaBioApp/vendor/laravel/framework/src/Illuminate/Filesystem/Filesystem.php(124): Illuminate\\Filesystem\\Filesystem::Illuminate\\Filesystem\\{closure}()
#9 /home/debian/VivaBioApp/vendor/laravel/framework/src/Illuminate/View/Engines/PhpEngine.php(57): Illuminate\\Filesystem\\Filesystem->getRequire()
#10 /home/debian/VivaBioApp/vendor/laravel/framework/src/Illuminate/View/Engines/CompilerEngine.php(76): Illuminate\\View\\Engines\\PhpEngine->evaluatePath()
#11 /home/debian/VivaBioApp/vendor/laravel/framework/src/Illuminate/View/View.php(208): Illuminate\\View\\Engines\\CompilerEngine->get()
#12 /home/debian/VivaBioApp/vendor/laravel/framework/src/Illuminate/View/View.php(191): Illuminate\\View\\View->getContents()
#13 /home/debian/VivaBioApp/vendor/laravel/framework/src/Illuminate/View/View.php(160): Illuminate\\View\\View->renderContents()
#14 /home/debian/VivaBioApp/vendor/laravel/framework/src/Illuminate/Http/Response.php(78): Illuminate\\View\\View->render()
#15 /home/debian/VivaBioApp/vendor/laravel/framework/src/Illuminate/Http/Response.php(34): Illuminate\\Http\\Response->setContent()
#16 /home/debian/VivaBioApp/vendor/laravel/framework/src/Illuminate/Routing/Router.php(939): Illuminate\\Http\\Response->__construct()
#17 /home/debian/VivaBioApp/vendor/laravel/framework/src/Illuminate/Routing/Router.php(906): Illuminate\\Routing\\Router::toResponse()
#18 /home/debian/VivaBioApp/vendor/laravel/framework/src/Illuminate/Routing/Router.php(821): Illuminate\\Routing\\Router->prepareResponse()
#19 /home/debian/VivaBioApp/vendor/laravel/framework/src/Illuminate/Pipeline/Pipeline.php(180): Illuminate\\Routing\\Router->Illuminate\\Routing\\{closure}()
#20 /home/debian/VivaBioApp/vendor/laravel/framework/src/Illuminate/Auth/Middleware/RedirectIfAuthenticated.php(35): Illuminate\\Pipeline\\Pipeline->Illuminate\\Pipeline\\{closure}()
#21 /home/debian/VivaBioApp/vendor/laravel/framework/src/Illuminate/Pipeline/Pipeline.php(219): Illuminate\\Auth\\Middleware\\RedirectIfAuthenticated->handle()
#22 /home/debian/VivaBioApp/vendor/laravel/framework/src/Illuminate/Routing/Middleware/SubstituteBindings.php(50): Illuminate\\Pipeline\\Pipeline->Illuminate\\Pipeline\\{closure}()
#23 /home/debian/VivaBioApp/vendor/laravel/framework/src/Illuminate/Pipeline/Pipeline.php(219): Illuminate\\Routing\\Middleware\\SubstituteBindings->handle()
#24 /home/debian/VivaBioApp/vendor/laravel/framework/src/Illuminate/Foundation/Http/Middleware/VerifyCsrfToken.php(87): Illuminate\\Pipeline\\Pipeline->Illuminate\\Pipeline\\{closure}()
#25 /home/debian/VivaBioApp/vendor/laravel/framework/src/Illuminate/Pipeline/Pipeline.php(219): Illuminate\\Foundation\\Http\\Middleware\\VerifyCsrfToken->handle()
#26 /home/debian/VivaBioApp/vendor/laravel/framework/src/Illuminate/View/Middleware/ShareErrorsFromSession.php(48): Illuminate\\Pipeline\\Pipeline->Illuminate\\Pipeline\\{closure}()
#27 /home/debian/VivaBioApp/vendor/laravel/framework/src/Illuminate/Pipeline/Pipeline.php(219): Illuminate\\View\\Middleware\\ShareErrorsFromSession->handle()
#28 /home/debian/VivaBioApp/vendor/laravel/framework/src/Illuminate/Session/Middleware/StartSession.php(120): Illuminate\\Pipeline\\Pipeline->Illuminate\\Pipeline\\{closure}()
#29 /home/debian/VivaBioApp/vendor/laravel/framework/src/Illuminate/Session/Middleware/StartSession.php(63): Illuminate\\Session\\Middleware\\StartSession->handleStatefulRequest()
#30 /home/debian/VivaBioApp/vendor/laravel/framework/src/Illuminate/Pipeline/Pipeline.php(219): Illuminate\\Session\\Middleware\\StartSession->handle()
#31 /home/debian/VivaBioApp/vendor/laravel/framework/src/Illuminate/Cookie/Middleware/AddQueuedCookiesToResponse.php(36): Illuminate\\Pipeline\\Pipeline->Illuminate\\Pipeline\\{closure}()
#32 /home/debian/VivaBioApp/vendor/laravel/framework/src/Illuminate/Pipeline/Pipeline.php(219): Illuminate\\Cookie\\Middleware\\AddQueuedCookiesToResponse->handle()
#33 /home/debian/VivaBioApp/vendor/laravel/framework/src/Illuminate/Cookie/Middleware/EncryptCookies.php(74): Illuminate\\Pipeline\\Pipeline->Illuminate\\Pipeline\\{closure}()
#34 /home/debian/VivaBioApp/vendor/laravel/framework/src/Illuminate/Pipeline/Pipeline.php(219): Illuminate\\Cookie\\Middleware\\EncryptCookies->handle()
#35 /home/debian/VivaBioApp/vendor/laravel/framework/src/Illuminate/Pipeline/Pipeline.php(137): Illuminate\\Pipeline\\Pipeline->Illuminate\\Pipeline\\{closure}()
#36 /home/debian/VivaBioApp/vendor/laravel/framework/src/Illuminate/Routing/Router.php(821): Illuminate\\Pipeline\\Pipeline->then()
#37 /home/debian/VivaBioApp/vendor/laravel/framework/src/Illuminate/Routing/Router.php(800): Illuminate\\Routing\\Router->runRouteWithinStack()
#38 /home/debian/VivaBioApp/vendor/laravel/framework/src/Illuminate/Routing/Router.php(764): Illuminate\\Routing\\Router->runRoute()
#39 /home/debian/VivaBioApp/vendor/laravel/framework/src/Illuminate/Routing/Router.php(753): Illuminate\\Routing\\Router->dispatchToRoute()
#40 /home/debian/VivaBioApp/vendor/laravel/framework/src/Illuminate/Foundation/Http/Kernel.php(200): Illuminate\\Routing\\Router->dispatch()
#41 /home/debian/VivaBioApp/vendor/laravel/framework/src/Illuminate/Pipeline/Pipeline.php(180): Illuminate\\Foundation\\Http\\Kernel->Illuminate\\Foundation\\Http\\{closure}()
#42 /home/debian/VivaBioApp/vendor/laravel/framework/src/Illuminate/Foundation/Http/Middleware/TransformsRequest.php(21): Illuminate\\Pipeline\\Pipeline->Illuminate\\Pipeline\\{closure}()
#43 /home/debian/VivaBioApp/vendor/laravel/framework/src/Illuminate/Foundation/Http/Middleware/ConvertEmptyStringsToNull.php(31): Illuminate\\Foundation\\Http\\Middleware\\TransformsRequest->handle()
#44 /home/debian/VivaBioApp/vendor/laravel/framework/src/Illuminate/Pipeline/Pipeline.php(219): Illuminate\\Foundation\\Http\\Middleware\\ConvertEmptyStringsToNull->handle()
#45 /home/debian/VivaBioApp/vendor/laravel/framework/src/Illuminate/Foundation/Http/Middleware/TransformsRequest.php(21): Illuminate\\Pipeline\\Pipeline->Illuminate\\Pipeline\\{closure}()
#46 /home/debian/VivaBioApp/vendor/laravel/framework/src/Illuminate/Foundation/Http/Middleware/TrimStrings.php(51): Illuminate\\Foundation\\Http\\Middleware\\TransformsRequest->handle()
#47 /home/debian/VivaBioApp/vendor/laravel/framework/src/Illuminate/Pipeline/Pipeline.php(219): Illuminate\\Foundation\\Http\\Middleware\\TrimStrings->handle()
#48 /home/debian/VivaBioApp/vendor/laravel/framework/src/Illuminate/Http/Middleware/ValidatePostSize.php(27): Illuminate\\Pipeline\\Pipeline->Illuminate\\Pipeline\\{closure}()
#49 /home/debian/VivaBioApp/vendor/laravel/framework/src/Illuminate/Pipeline/Pipeline.php(219): Illuminate\\Http\\Middleware\\ValidatePostSize->handle()
#50 /home/debian/VivaBioApp/vendor/laravel/framework/src/Illuminate/Foundation/Http/Middleware/PreventRequestsDuringMaintenance.php(109): Illuminate\\Pipeline\\Pipeline->Illuminate\\Pipeline\\{closure}()
#51 /home/debian/VivaBioApp/vendor/laravel/framework/src/Illuminate/Pipeline/Pipeline.php(219): Illuminate\\Foundation\\Http\\Middleware\\PreventRequestsDuringMaintenance->handle()
#52 /home/debian/VivaBioApp/vendor/laravel/framework/src/Illuminate/Http/Middleware/HandleCors.php(48): Illuminate\\Pipeline\\Pipeline->Illuminate\\Pipeline\\{closure}()
#53 /home/debian/VivaBioApp/vendor/laravel/framework/src/Illuminate/Pipeline/Pipeline.php(219): Illuminate\\Http\\Middleware\\HandleCors->handle()
#54 /home/debian/VivaBioApp/vendor/laravel/framework/src/Illuminate/Http/Middleware/TrustProxies.php(58): Illuminate\\Pipeline\\Pipeline->Illuminate\\Pipeline\\{closure}()
#55 /home/debian/VivaBioApp/vendor/laravel/framework/src/Illuminate/Pipeline/Pipeline.php(219): Illuminate\\Http\\Middleware\\TrustProxies->handle()
#56 /home/debian/VivaBioApp/vendor/laravel/framework/src/Illuminate/Foundation/Http/Middleware/InvokeDeferredCallbacks.php(22): Illuminate\\Pipeline\\Pipeline->Illuminate\\Pipeline\\{closure}()
#57 /home/debian/VivaBioApp/vendor/laravel/framework/src/Illuminate/Pipeline/Pipeline.php(219): Illuminate\\Foundation\\Http\\Middleware\\InvokeDeferredCallbacks->handle()
#58 /home/debian/VivaBioApp/vendor/laravel/framework/src/Illuminate/Http/Middleware/ValidatePathEncoding.php(26): Illuminate\\Pipeline\\Pipeline->Illuminate\\Pipeline\\{closure}()
#59 /home/debian/VivaBioApp/vendor/laravel/framework/src/Illuminate/Pipeline/Pipeline.php(219): Illuminate\\Http\\Middleware\\ValidatePathEncoding->handle()
#60 /home/debian/VivaBioApp/vendor/laravel/framework/src/Illuminate/Pipeline/Pipeline.php(137): Illuminate\\Pipeline\\Pipeline->Illuminate\\Pipeline\\{closure}()
#61 /home/debian/VivaBioApp/vendor/laravel/framework/src/Illuminate/Foundation/Http/Kernel.php(175): Illuminate\\Pipeline\\Pipeline->then()
#62 /home/debian/VivaBioApp/vendor/laravel/framework/src/Illuminate/Foundation/Http/Kernel.php(144): Illuminate\\Foundation\\Http\\Kernel->sendRequestThroughRouter()
#63 /home/debian/VivaBioApp/vendor/laravel/framework/src/Illuminate/Foundation/Application.php(1220): Illuminate\\Foundation\\Http\\Kernel->handle()
#64 /home/debian/VivaBioApp/public/index.php(20): Illuminate\\Foundation\\Application->handleRequest()
#65 /home/debian/VivaBioApp/vendor/laravel/framework/src/Illuminate/Foundation/resources/server.php(23): require_once('...')
#66 {main}

[previous exception] [object] (Illuminate\\Foundation\\ViteManifestNotFoundException(code: 0): Vite manifest not found at: /home/debian/VivaBioApp/public/build/manifest.json at /home/debian/VivaBioApp/vendor/laravel/framework/src/Illuminate/Foundation/Vite.php:935)
[stacktrace]
#0 /home/debian/VivaBioApp/vendor/laravel/framework/src/Illuminate/Foundation/Vite.php(384): Illuminate\\Foundation\\Vite->manifest()
#1 /home/debian/VivaBioApp/storage/framework/views/3064da7a11be85c855c024861c7d2823.php(15): Illuminate\\Foundation\\Vite->__invoke()
#2 /home/debian/VivaBioApp/vendor/laravel/framework/src/Illuminate/Filesystem/Filesystem.php(123): require('...')
#3 /home/debian/VivaBioApp/vendor/laravel/framework/src/Illuminate/Filesystem/Filesystem.php(124): Illuminate\\Filesystem\\Filesystem::Illuminate\\Filesystem\\{closure}()
#4 /home/debian/VivaBioApp/vendor/laravel/framework/src/Illuminate/View/Engines/PhpEngine.php(57): Illuminate\\Filesystem\\Filesystem->getRequire()
#5 /home/debian/VivaBioApp/vendor/laravel/framework/src/Illuminate/View/Engines/CompilerEngine.php(76): Illuminate\\View\\Engines\\PhpEngine->evaluatePath()
#6 /home/debian/VivaBioApp/vendor/laravel/framework/src/Illuminate/View/View.php(208): Illuminate\\View\\Engines\\CompilerEngine->get()
#7 /home/debian/VivaBioApp/vendor/laravel/framework/src/Illuminate/View/View.php(191): Illuminate\\View\\View->getContents()
#8 /home/debian/VivaBioApp/vendor/laravel/framework/src/Illuminate/View/View.php(160): Illuminate\\View\\View->renderContents()
#9 /home/debian/VivaBioApp/vendor/laravel/framework/src/Illuminate/View/Concerns/ManagesComponents.php(99): Illuminate\\View\\View->render()
#10 /home/debian/VivaBioApp/storage/framework/views/d6573da60307f698befedf7829b288f6.php(304): Illuminate\\View\\Factory->renderComponent()
#11 /home/debian/VivaBioApp/vendor/laravel/framework/src/Illuminate/Filesystem/Filesystem.php(123): require('...')
#12 /home/debian/VivaBioApp/vendor/laravel/framework/src/Illuminate/Filesystem/Filesystem.php(124): Illuminate\\Filesystem\\Filesystem::Illuminate\\Filesystem\\{closure}()
#13 /home/debian/VivaBioApp/vendor/laravel/framework/src/Illuminate/View/Engines/PhpEngine.php(57): Illuminate\\Filesystem\\Filesystem->getRequire()
#14 /home/debian/VivaBioApp/vendor/laravel/framework/src/Illuminate/View/Engines/CompilerEngine.php(76): Illuminate\\View\\Engines\\PhpEngine->evaluatePath()
#15 /home/debian/VivaBioApp/vendor/laravel/framework/src/Illuminate/View/View.php(208): Illuminate\\View\\Engines\\CompilerEngine->get()
#16 /home/debian/VivaBioApp/vendor/laravel/framework/src/Illuminate/View/View.php(191): Illuminate\\View\\View->getContents()
#17 /home/debian/VivaBioApp/vendor/laravel/framework/src/Illuminate/View/View.php(160): Illuminate\\View\\View->renderContents()
#18 /home/debian/VivaBioApp/vendor/laravel/framework/src/Illuminate/Http/Response.php(78): Illuminate\\View\\View->render()
#19 /home/debian/VivaBioApp/vendor/laravel/framework/src/Illuminate/Http/Response.php(34): Illuminate\\Http\\Response->setContent()
#20 /home/debian/VivaBioApp/vendor/laravel/framework/src/Illuminate/Routing/Router.php(939): Illuminate\\Http\\Response->__construct()
#21 /home/debian/VivaBioApp/vendor/laravel/framework/src/Illuminate/Routing/Router.php(906): Illuminate\\Routing\\Router::toResponse()
#22 /home/debian/VivaBioApp/vendor/laravel/framework/src/Illuminate/Routing/Router.php(821): Illuminate\\Routing\\Router->prepareResponse()
#23 /home/debian/VivaBioApp/vendor/laravel/framework/src/Illuminate/Pipeline/Pipeline.php(180): Illuminate\\Routing\\Router->Illuminate\\Routing\\{closure}()
#24 /home/debian/VivaBioApp/vendor/laravel/framework/src/Illuminate/Auth/Middleware/RedirectIfAuthenticated.php(35): Illuminate\\Pipeline\\Pipeline->Illuminate\\Pipeline\\{closure}()
#25 /home/debian/VivaBioApp/vendor/laravel/framework/src/Illuminate/Pipeline/Pipeline.php(219): Illuminate\\Auth\\Middleware\\RedirectIfAuthenticated->handle()
#26 /home/debian/VivaBioApp/vendor/laravel/framework/src/Illuminate/Routing/Middleware/SubstituteBindings.php(50): Illuminate\\Pipeline\\Pipeline->Illuminate\\Pipeline\\{closure}()
#27 /home/debian/VivaBioApp/vendor/laravel/framework/src/Illuminate/Pipeline/Pipeline.php(219): Illuminate\\Routing\\Middleware\\SubstituteBindings->handle()
#28 /home/debian/VivaBioApp/vendor/laravel/framework/src/Illuminate/Foundation/Http/Middleware/VerifyCsrfToken.php(87): Illuminate\\Pipeline\\Pipeline->Illuminate\\Pipeline\\{closure}()
#29 /home/debian/VivaBioApp/vendor/laravel/framework/src/Illuminate/Pipeline/Pipeline.php(219): Illuminate\\Foundation\\Http\\Middleware\\VerifyCsrfToken->handle()
#30 /home/debian/VivaBioApp/vendor/laravel/framework/src/Illuminate/View/Middleware/ShareErrorsFromSession.php(48): Illuminate\\Pipeline\\Pipeline->Illuminate\\Pipeline\\{closure}()
#31 /home/debian/VivaBioApp/vendor/laravel/framework/src/Illuminate/Pipeline/Pipeline.php(219): Illuminate\\View\\Middleware\\ShareErrorsFromSession->handle()
#32 /home/debian/VivaBioApp/vendor/laravel/framework/src/Illuminate/Session/Middleware/StartSession.php(120): Illuminate\\Pipeline\\Pipeline->Illuminate\\Pipeline\\{closure}()
#33 /home/debian/VivaBioApp/vendor/laravel/framework/src/Illuminate/Session/Middleware/StartSession.php(63): Illuminate\\Session\\Middleware\\StartSession->handleStatefulRequest()
#34 /home/debian/VivaBioApp/vendor/laravel/framework/src/Illuminate/Pipeline/Pipeline.php(219): Illuminate\\Session\\Middleware\\StartSession->handle()
#35 /home/debian/VivaBioApp/vendor/laravel/framework/src/Illuminate/Cookie/Middleware/AddQueuedCookiesToResponse.php(36): Illuminate\\Pipeline\\Pipeline->Illuminate\\Pipeline\\{closure}()
#36 /home/debian/VivaBioApp/vendor/laravel/framework/src/Illuminate/Pipeline/Pipeline.php(219): Illuminate\\Cookie\\Middleware\\AddQueuedCookiesToResponse->handle()
#37 /home/debian/VivaBioApp/vendor/laravel/framework/src/Illuminate/Cookie/Middleware/EncryptCookies.php(74): Illuminate\\Pipeline\\Pipeline->Illuminate\\Pipeline\\{closure}()
#38 /home/debian/VivaBioApp/vendor/laravel/framework/src/Illuminate/Pipeline/Pipeline.php(219): Illuminate\\Cookie\\Middleware\\EncryptCookies->handle()
#39 /home/debian/VivaBioApp/vendor/laravel/framework/src/Illuminate/Pipeline/Pipeline.php(137): Illuminate\\Pipeline\\Pipeline->Illuminate\\Pipeline\\{closure}()
#40 /home/debian/VivaBioApp/vendor/laravel/framework/src/Illuminate/Routing/Router.php(821): Illuminate\\Pipeline\\Pipeline->then()
#41 /home/debian/VivaBioApp/vendor/laravel/framework/src/Illuminate/Routing/Router.php(800): Illuminate\\Routing\\Router->runRouteWithinStack()
#42 /home/debian/VivaBioApp/vendor/laravel/framework/src/Illuminate/Routing/Router.php(764): Illuminate\\Routing\\Router->runRoute()
#43 /home/debian/VivaBioApp/vendor/laravel/framework/src/Illuminate/Routing/Router.php(753): Illuminate\\Routing\\Router->dispatchToRoute()
#44 /home/debian/VivaBioApp/vendor/laravel/framework/src/Illuminate/Foundation/Http/Kernel.php(200): Illuminate\\Routing\\Router->dispatch()
#45 /home/debian/VivaBioApp/vendor/laravel/framework/src/Illuminate/Pipeline/Pipeline.php(180): Illuminate\\Foundation\\Http\\Kernel->Illuminate\\Foundation\\Http\\{closure}()
#46 /home/debian/VivaBioApp/vendor/laravel/framework/src/Illuminate/Foundation/Http/Middleware/TransformsRequest.php(21): Illuminate\\Pipeline\\Pipeline->Illuminate\\Pipeline\\{closure}()
#47 /home/debian/VivaBioApp/vendor/laravel/framework/src/Illuminate/Foundation/Http/Middleware/ConvertEmptyStringsToNull.php(31): Illuminate\\Foundation\\Http\\Middleware\\TransformsRequest->handle()
#48 /home/debian/VivaBioApp/vendor/laravel/framework/src/Illuminate/Pipeline/Pipeline.php(219): Illuminate\\Foundation\\Http\\Middleware\\ConvertEmptyStringsToNull->handle()
#49 /home/debian/VivaBioApp/vendor/laravel/framework/src/Illuminate/Foundation/Http/Middleware/TransformsRequest.php(21): Illuminate\\Pipeline\\Pipeline->Illuminate\\Pipeline\\{closure}()
#50 /home/debian/VivaBioApp/vendor/laravel/framework/src/Illuminate/Foundation/Http/Middleware/TrimStrings.php(51): Illuminate\\Foundation\\Http\\Middleware\\TransformsRequest->handle()
#51 /home/debian/VivaBioApp/vendor/laravel/framework/src/Illuminate/Pipeline/Pipeline.php(219): Illuminate\\Foundation\\Http\\Middleware\\TrimStrings->handle()
#52 /home/debian/VivaBioApp/vendor/laravel/framework/src/Illuminate/Http/Middleware/ValidatePostSize.php(27): Illuminate\\Pipeline\\Pipeline->Illuminate\\Pipeline\\{closure}()
#53 /home/debian/VivaBioApp/vendor/laravel/framework/src/Illuminate/Pipeline/Pipeline.php(219): Illuminate\\Http\\Middleware\\ValidatePostSize->handle()
#54 /home/debian/VivaBioApp/vendor/laravel/framework/src/Illuminate/Foundation/Http/Middleware/PreventRequestsDuringMaintenance.php(109): Illuminate\\Pipeline\\Pipeline->Illuminate\\Pipeline\\{closure}()
#55 /home/debian/VivaBioApp/vendor/laravel/framework/src/Illuminate/Pipeline/Pipeline.php(219): Illuminate\\Foundation\\Http\\Middleware\\PreventRequestsDuringMaintenance->handle()
#56 /home/debian/VivaBioApp/vendor/laravel/framework/src/Illuminate/Http/Middleware/HandleCors.php(48): Illuminate\\Pipeline\\Pipeline->Illuminate\\Pipeline\\{closure}()
#57 /home/debian/VivaBioApp/vendor/laravel/framework/src/Illuminate/Pipeline/Pipeline.php(219): Illuminate\\Http\\Middleware\\HandleCors->handle()
#58 /home/debian/VivaBioApp/vendor/laravel/framework/src/Illuminate/Http/Middleware/TrustProxies.php(58): Illuminate\\Pipeline\\Pipeline->Illuminate\\Pipeline\\{closure}()
#59 /home/debian/VivaBioApp/vendor/laravel/framework/src/Illuminate/Pipeline/Pipeline.php(219): Illuminate\\Http\\Middleware\\TrustProxies->handle()
#60 /home/debian/VivaBioApp/vendor/laravel/framework/src/Illuminate/Foundation/Http/Middleware/InvokeDeferredCallbacks.php(22): Illuminate\\Pipeline\\Pipeline->Illuminate\\Pipeline\\{closure}()
#61 /home/debian/VivaBioApp/vendor/laravel/framework/src/Illuminate/Pipeline/Pipeline.php(219): Illuminate\\Foundation\\Http\\Middleware\\InvokeDeferredCallbacks->handle()
#62 /home/debian/VivaBioApp/vendor/laravel/framework/src/Illuminate/Http/Middleware/ValidatePathEncoding.php(26): Illuminate\\Pipeline\\Pipeline->Illuminate\\Pipeline\\{closure}()
#63 /home/debian/VivaBioApp/vendor/laravel/framework/src/Illuminate/Pipeline/Pipeline.php(219): Illuminate\\Http\\Middleware\\ValidatePathEncoding->handle()
#64 /home/debian/VivaBioApp/vendor/laravel/framework/src/Illuminate/Pipeline/Pipeline.php(137): Illuminate\\Pipeline\\Pipeline->Illuminate\\Pipeline\\{closure}()
#65 /home/debian/VivaBioApp/vendor/laravel/framework/src/Illuminate/Foundation/Http/Kernel.php(175): Illuminate\\Pipeline\\Pipeline->then()
#66 /home/debian/VivaBioApp/vendor/laravel/framework/src/Illuminate/Foundation/Http/Kernel.php(144): Illuminate\\Foundation\\Http\\Kernel->sendRequestThroughRouter()
#67 /home/debian/VivaBioApp/vendor/laravel/framework/src/Illuminate/Foundation/Application.php(1220): Illuminate\\Foundation\\Http\\Kernel->handle()
#68 /home/debian/VivaBioApp/public/index.php(20): Illuminate\\Foundation\\Application->handleRequest()
#69 /home/debian/VivaBioApp/vendor/laravel/framework/src/Illuminate/Foundation/resources/server.php(23): require_once('...')
#70 {main}
"} 
[2025-10-31 18:24:13] local.ERROR: Vite manifest not found at: /home/debian/VivaBioApp/public/build/manifest.json (View: /home/debian/VivaBioApp/resources/views/layouts/guest.blade.php) (View: /home/debian/VivaBioApp/resources/views/layouts/guest.blade.php) {"exception":"[object] (Illuminate\\View\\ViewException(code: 0): Vite manifest not found at: /home/debian/VivaBioApp/public/build/manifest.json (View: /home/debian/VivaBioApp/resources/views/layouts/guest.blade.php) (View: /home/debian/VivaBioApp/resources/views/layouts/guest.blade.php) at /home/debian/VivaBioApp/vendor/laravel/framework/src/Illuminate/Foundation/Vite.php:935)
[stacktrace]
#0 /home/debian/VivaBioApp/vendor/laravel/framework/src/Illuminate/View/Engines/PhpEngine.php(59): Illuminate\\View\\Engines\\CompilerEngine->handleViewException()
#1 /home/debian/VivaBioApp/vendor/laravel/framework/src/Illuminate/View/Engines/CompilerEngine.php(76): Illuminate\\View\\Engines\\PhpEngine->evaluatePath()
#2 /home/debian/VivaBioApp/vendor/laravel/framework/src/Illuminate/View/View.php(208): Illuminate\\View\\Engines\\CompilerEngine->get()
#3 /home/debian/VivaBioApp/vendor/laravel/framework/src/Illuminate/View/View.php(191): Illuminate\\View\\View->getContents()
#4 /home/debian/VivaBioApp/vendor/laravel/framework/src/Illuminate/View/View.php(160): Illuminate\\View\\View->renderContents()
#5 /home/debian/VivaBioApp/vendor/laravel/framework/src/Illuminate/Http/Response.php(78): Illuminate\\View\\View->render()
#6 /home/debian/VivaBioApp/vendor/laravel/framework/src/Illuminate/Http/Response.php(34): Illuminate\\Http\\Response->setContent()
#7 /home/debian/VivaBioApp/vendor/laravel/framework/src/Illuminate/Routing/Router.php(939): Illuminate\\Http\\Response->__construct()
#8 /home/debian/VivaBioApp/vendor/laravel/framework/src/Illuminate/Routing/Router.php(906): Illuminate\\Routing\\Router::toResponse()
#9 /home/debian/VivaBioApp/vendor/laravel/framework/src/Illuminate/Routing/Router.php(821): Illuminate\\Routing\\Router->prepareResponse()
#10 /home/debian/VivaBioApp/vendor/laravel/framework/src/Illuminate/Pipeline/Pipeline.php(180): Illuminate\\Routing\\Router->Illuminate\\Routing\\{closure}()
#11 /home/debian/VivaBioApp/vendor/laravel/framework/src/Illuminate/Auth/Middleware/RedirectIfAuthenticated.php(35): Illuminate\\Pipeline\\Pipeline->Illuminate\\Pipeline\\{closure}()
#12 /home/debian/VivaBioApp/vendor/laravel/framework/src/Illuminate/Pipeline/Pipeline.php(219): Illuminate\\Auth\\Middleware\\RedirectIfAuthenticated->handle()
#13 /home/debian/VivaBioApp/vendor/laravel/framework/src/Illuminate/Routing/Middleware/SubstituteBindings.php(50): Illuminate\\Pipeline\\Pipeline->Illuminate\\Pipeline\\{closure}()
#14 /home/debian/VivaBioApp/vendor/laravel/framework/src/Illuminate/Pipeline/Pipeline.php(219): Illuminate\\Routing\\Middleware\\SubstituteBindings->handle()
#15 /home/debian/VivaBioApp/vendor/laravel/framework/src/Illuminate/Foundation/Http/Middleware/VerifyCsrfToken.php(87): Illuminate\\Pipeline\\Pipeline->Illuminate\\Pipeline\\{closure}()
#16 /home/debian/VivaBioApp/vendor/laravel/framework/src/Illuminate/Pipeline/Pipeline.php(219): Illuminate\\Foundation\\Http\\Middleware\\VerifyCsrfToken->handle()
#17 /home/debian/VivaBioApp/vendor/laravel/framework/src/Illuminate/View/Middleware/ShareErrorsFromSession.php(48): Illuminate\\Pipeline\\Pipeline->Illuminate\\Pipeline\\{closure}()
#18 /home/debian/VivaBioApp/vendor/laravel/framework/src/Illuminate/Pipeline/Pipeline.php(219): Illuminate\\View\\Middleware\\ShareErrorsFromSession->handle()
#19 /home/debian/VivaBioApp/vendor/laravel/framework/src/Illuminate/Session/Middleware/StartSession.php(120): Illuminate\\Pipeline\\Pipeline->Illuminate\\Pipeline\\{closure}()
#20 /home/debian/VivaBioApp/vendor/laravel/framework/src/Illuminate/Session/Middleware/StartSession.php(63): Illuminate\\Session\\Middleware\\StartSession->handleStatefulRequest()
#21 /home/debian/VivaBioApp/vendor/laravel/framework/src/Illuminate/Pipeline/Pipeline.php(219): Illuminate\\Session\\Middleware\\StartSession->handle()
#22 /home/debian/VivaBioApp/vendor/laravel/framework/src/Illuminate/Cookie/Middleware/AddQueuedCookiesToResponse.php(36): Illuminate\\Pipeline\\Pipeline->Illuminate\\Pipeline\\{closure}()
#23 /home/debian/VivaBioApp/vendor/laravel/framework/src/Illuminate/Pipeline/Pipeline.php(219): Illuminate\\Cookie\\Middleware\\AddQueuedCookiesToResponse->handle()
#24 /home/debian/VivaBioApp/vendor/laravel/framework/src/Illuminate/Cookie/Middleware/EncryptCookies.php(74): Illuminate\\Pipeline\\Pipeline->Illuminate\\Pipeline\\{closure}()
#25 /home/debian/VivaBioApp/vendor/laravel/framework/src/Illuminate/Pipeline/Pipeline.php(219): Illuminate\\Cookie\\Middleware\\EncryptCookies->handle()
#26 /home/debian/VivaBioApp/vendor/laravel/framework/src/Illuminate/Pipeline/Pipeline.php(137): Illuminate\\Pipeline\\Pipeline->Illuminate\\Pipeline\\{closure}()
#27 /home/debian/VivaBioApp/vendor/laravel/framework/src/Illuminate/Routing/Router.php(821): Illuminate\\Pipeline\\Pipeline->then()
#28 /home/debian/VivaBioApp/vendor/laravel/framework/src/Illuminate/Routing/Router.php(800): Illuminate\\Routing\\Router->runRouteWithinStack()
#29 /home/debian/VivaBioApp/vendor/laravel/framework/src/Illuminate/Routing/Router.php(764): Illuminate\\Routing\\Router->runRoute()
#30 /home/debian/VivaBioApp/vendor/laravel/framework/src/Illuminate/Routing/Router.php(753): Illuminate\\Routing\\Router->dispatchToRoute()
#31 /home/debian/VivaBioApp/vendor/laravel/framework/src/Illuminate/Foundation/Http/Kernel.php(200): Illuminate\\Routing\\Router->dispatch()
#32 /home/debian/VivaBioApp/vendor/laravel/framework/src/Illuminate/Pipeline/Pipeline.php(180): Illuminate\\Foundation\\Http\\Kernel->Illuminate\\Foundation\\Http\\{closure}()
#33 /home/debian/VivaBioApp/vendor/laravel/framework/src/Illuminate/Foundation/Http/Middleware/TransformsRequest.php(21): Illuminate\\Pipeline\\Pipeline->Illuminate\\Pipeline\\{closure}()
#34 /home/debian/VivaBioApp/vendor/laravel/framework/src/Illuminate/Foundation/Http/Middleware/ConvertEmptyStringsToNull.php(31): Illuminate\\Foundation\\Http\\Middleware\\TransformsRequest->handle()
#35 /home/debian/VivaBioApp/vendor/laravel/framework/src/Illuminate/Pipeline/Pipeline.php(219): Illuminate\\Foundation\\Http\\Middleware\\ConvertEmptyStringsToNull->handle()
#36 /home/debian/VivaBioApp/vendor/laravel/framework/src/Illuminate/Foundation/Http/Middleware/TransformsRequest.php(21): Illuminate\\Pipeline\\Pipeline->Illuminate\\Pipeline\\{closure}()
#37 /home/debian/VivaBioApp/vendor/laravel/framework/src/Illuminate/Foundation/Http/Middleware/TrimStrings.php(51): Illuminate\\Foundation\\Http\\Middleware\\TransformsRequest->handle()
#38 /home/debian/VivaBioApp/vendor/laravel/framework/src/Illuminate/Pipeline/Pipeline.php(219): Illuminate\\Foundation\\Http\\Middleware\\TrimStrings->handle()
#39 /home/debian/VivaBioApp/vendor/laravel/framework/src/Illuminate/Http/Middleware/ValidatePostSize.php(27): Illuminate\\Pipeline\\Pipeline->Illuminate\\Pipeline\\{closure}()
#40 /home/debian/VivaBioApp/vendor/laravel/framework/src/Illuminate/Pipeline/Pipeline.php(219): Illuminate\\Http\\Middleware\\ValidatePostSize->handle()
#41 /home/debian/VivaBioApp/vendor/laravel/framework/src/Illuminate/Foundation/Http/Middleware/PreventRequestsDuringMaintenance.php(109): Illuminate\\Pipeline\\Pipeline->Illuminate\\Pipeline\\{closure}()
#42 /home/debian/VivaBioApp/vendor/laravel/framework/src/Illuminate/Pipeline/Pipeline.php(219): Illuminate\\Foundation\\Http\\Middleware\\PreventRequestsDuringMaintenance->handle()
#43 /home/debian/VivaBioApp/vendor/laravel/framework/src/Illuminate/Http/Middleware/HandleCors.php(48): Illuminate\\Pipeline\\Pipeline->Illuminate\\Pipeline\\{closure}()
#44 /home/debian/VivaBioApp/vendor/laravel/framework/src/Illuminate/Pipeline/Pipeline.php(219): Illuminate\\Http\\Middleware\\HandleCors->handle()
#45 /home/debian/VivaBioApp/vendor/laravel/framework/src/Illuminate/Http/Middleware/TrustProxies.php(58): Illuminate\\Pipeline\\Pipeline->Illuminate\\Pipeline\\{closure}()
#46 /home/debian/VivaBioApp/vendor/laravel/framework/src/Illuminate/Pipeline/Pipeline.php(219): Illuminate\\Http\\Middleware\\TrustProxies->handle()
#47 /home/debian/VivaBioApp/vendor/laravel/framework/src/Illuminate/Foundation/Http/Middleware/InvokeDeferredCallbacks.php(22): Illuminate\\Pipeline\\Pipeline->Illuminate\\Pipeline\\{closure}()
#48 /home/debian/VivaBioApp/vendor/laravel/framework/src/Illuminate/Pipeline/Pipeline.php(219): Illuminate\\Foundation\\Http\\Middleware\\InvokeDeferredCallbacks->handle()
#49 /home/debian/VivaBioApp/vendor/laravel/framework/src/Illuminate/Http/Middleware/ValidatePathEncoding.php(26): Illuminate\\Pipeline\\Pipeline->Illuminate\\Pipeline\\{closure}()
#50 /home/debian/VivaBioApp/vendor/laravel/framework/src/Illuminate/Pipeline/Pipeline.php(219): Illuminate\\Http\\Middleware\\ValidatePathEncoding->handle()
#51 /home/debian/VivaBioApp/vendor/laravel/framework/src/Illuminate/Pipeline/Pipeline.php(137): Illuminate\\Pipeline\\Pipeline->Illuminate\\Pipeline\\{closure}()
#52 /home/debian/VivaBioApp/vendor/laravel/framework/src/Illuminate/Foundation/Http/Kernel.php(175): Illuminate\\Pipeline\\Pipeline->then()
#53 /home/debian/VivaBioApp/vendor/laravel/framework/src/Illuminate/Foundation/Http/Kernel.php(144): Illuminate\\Foundation\\Http\\Kernel->sendRequestThroughRouter()
#54 /home/debian/VivaBioApp/vendor/laravel/framework/src/Illuminate/Foundation/Application.php(1220): Illuminate\\Foundation\\Http\\Kernel->handle()
#55 /home/debian/VivaBioApp/public/index.php(20): Illuminate\\Foundation\\Application->handleRequest()
#56 /home/debian/VivaBioApp/vendor/laravel/framework/src/Illuminate/Foundation/resources/server.php(23): require_once('...')
#57 {main}

[previous exception] [object] (Illuminate\\View\\ViewException(code: 0): Vite manifest not found at: /home/debian/VivaBioApp/public/build/manifest.json (View: /home/debian/VivaBioApp/resources/views/layouts/guest.blade.php) at /home/debian/VivaBioApp/vendor/laravel/framework/src/Illuminate/Foundation/Vite.php:935)
[stacktrace]
#0 /home/debian/VivaBioApp/vendor/laravel/framework/src/Illuminate/View/Engines/PhpEngine.php(59): Illuminate\\View\\Engines\\CompilerEngine->handleViewException()
#1 /home/debian/VivaBioApp/vendor/laravel/framework/src/Illuminate/View/Engines/CompilerEngine.php(76): Illuminate\\View\\Engines\\PhpEngine->evaluatePath()
#2 /home/debian/VivaBioApp/vendor/laravel/framework/src/Illuminate/View/View.php(208): Illuminate\\View\\Engines\\CompilerEngine->get()
#3 /home/debian/VivaBioApp/vendor/laravel/framework/src/Illuminate/View/View.php(191): Illuminate\\View\\View->getContents()
#4 /home/debian/VivaBioApp/vendor/laravel/framework/src/Illuminate/View/View.php(160): Illuminate\\View\\View->renderContents()
#5 /home/debian/VivaBioApp/vendor/laravel/framework/src/Illuminate/View/Concerns/ManagesComponents.php(99): Illuminate\\View\\View->render()
#6 /home/debian/VivaBioApp/storage/framework/views/ef99cc4ec4a70de6d2d814b284b8edd9.php(206): Illuminate\\View\\Factory->renderComponent()
#7 /home/debian/VivaBioApp/vendor/laravel/framework/src/Illuminate/Filesystem/Filesystem.php(123): require('...')
#8 /home/debian/VivaBioApp/vendor/laravel/framework/src/Illuminate/Filesystem/Filesystem.php(124): Illuminate\\Filesystem\\Filesystem::Illuminate\\Filesystem\\{closure}()
#9 /home/debian/VivaBioApp/vendor/laravel/framework/src/Illuminate/View/Engines/PhpEngine.php(57): Illuminate\\Filesystem\\Filesystem->getRequire()
#10 /home/debian/VivaBioApp/vendor/laravel/framework/src/Illuminate/View/Engines/CompilerEngine.php(76): Illuminate\\View\\Engines\\PhpEngine->evaluatePath()
#11 /home/debian/VivaBioApp/vendor/laravel/framework/src/Illuminate/View/View.php(208): Illuminate\\View\\Engines\\CompilerEngine->get()
#12 /home/debian/VivaBioApp/vendor/laravel/framework/src/Illuminate/View/View.php(191): Illuminate\\View\\View->getContents()
#13 /home/debian/VivaBioApp/vendor/laravel/framework/src/Illuminate/View/View.php(160): Illuminate\\View\\View->renderContents()
#14 /home/debian/VivaBioApp/vendor/laravel/framework/src/Illuminate/Http/Response.php(78): Illuminate\\View\\View->render()
#15 /home/debian/VivaBioApp/vendor/laravel/framework/src/Illuminate/Http/Response.php(34): Illuminate\\Http\\Response->setContent()
#16 /home/debian/VivaBioApp/vendor/laravel/framework/src/Illuminate/Routing/Router.php(939): Illuminate\\Http\\Response->__construct()
#17 /home/debian/VivaBioApp/vendor/laravel/framework/src/Illuminate/Routing/Router.php(906): Illuminate\\Routing\\Router::toResponse()
#18 /home/debian/VivaBioApp/vendor/laravel/framework/src/Illuminate/Routing/Router.php(821): Illuminate\\Routing\\Router->prepareResponse()
#19 /home/debian/VivaBioApp/vendor/laravel/framework/src/Illuminate/Pipeline/Pipeline.php(180): Illuminate\\Routing\\Router->Illuminate\\Routing\\{closure}()
#20 /home/debian/VivaBioApp/vendor/laravel/framework/src/Illuminate/Auth/Middleware/RedirectIfAuthenticated.php(35): Illuminate\\Pipeline\\Pipeline->Illuminate\\Pipeline\\{closure}()
#21 /home/debian/VivaBioApp/vendor/laravel/framework/src/Illuminate/Pipeline/Pipeline.php(219): Illuminate\\Auth\\Middleware\\RedirectIfAuthenticated->handle()
#22 /home/debian/VivaBioApp/vendor/laravel/framework/src/Illuminate/Routing/Middleware/SubstituteBindings.php(50): Illuminate\\Pipeline\\Pipeline->Illuminate\\Pipeline\\{closure}()
#23 /home/debian/VivaBioApp/vendor/laravel/framework/src/Illuminate/Pipeline/Pipeline.php(219): Illuminate\\Routing\\Middleware\\SubstituteBindings->handle()
#24 /home/debian/VivaBioApp/vendor/laravel/framework/src/Illuminate/Foundation/Http/Middleware/VerifyCsrfToken.php(87): Illuminate\\Pipeline\\Pipeline->Illuminate\\Pipeline\\{closure}()
#25 /home/debian/VivaBioApp/vendor/laravel/framework/src/Illuminate/Pipeline/Pipeline.php(219): Illuminate\\Foundation\\Http\\Middleware\\VerifyCsrfToken->handle()
#26 /home/debian/VivaBioApp/vendor/laravel/framework/src/Illuminate/View/Middleware/ShareErrorsFromSession.php(48): Illuminate\\Pipeline\\Pipeline->Illuminate\\Pipeline\\{closure}()
#27 /home/debian/VivaBioApp/vendor/laravel/framework/src/Illuminate/Pipeline/Pipeline.php(219): Illuminate\\View\\Middleware\\ShareErrorsFromSession->handle()
#28 /home/debian/VivaBioApp/vendor/laravel/framework/src/Illuminate/Session/Middleware/StartSession.php(120): Illuminate\\Pipeline\\Pipeline->Illuminate\\Pipeline\\{closure}()
#29 /home/debian/VivaBioApp/vendor/laravel/framework/src/Illuminate/Session/Middleware/StartSession.php(63): Illuminate\\Session\\Middleware\\StartSession->handleStatefulRequest()
#30 /home/debian/VivaBioApp/vendor/laravel/framework/src/Illuminate/Pipeline/Pipeline.php(219): Illuminate\\Session\\Middleware\\StartSession->handle()
#31 /home/debian/VivaBioApp/vendor/laravel/framework/src/Illuminate/Cookie/Middleware/AddQueuedCookiesToResponse.php(36): Illuminate\\Pipeline\\Pipeline->Illuminate\\Pipeline\\{closure}()
#32 /home/debian/VivaBioApp/vendor/laravel/framework/src/Illuminate/Pipeline/Pipeline.php(219): Illuminate\\Cookie\\Middleware\\AddQueuedCookiesToResponse->handle()
#33 /home/debian/VivaBioApp/vendor/laravel/framework/src/Illuminate/Cookie/Middleware/EncryptCookies.php(74): Illuminate\\Pipeline\\Pipeline->Illuminate\\Pipeline\\{closure}()
#34 /home/debian/VivaBioApp/vendor/laravel/framework/src/Illuminate/Pipeline/Pipeline.php(219): Illuminate\\Cookie\\Middleware\\EncryptCookies->handle()
#35 /home/debian/VivaBioApp/vendor/laravel/framework/src/Illuminate/Pipeline/Pipeline.php(137): Illuminate\\Pipeline\\Pipeline->Illuminate\\Pipeline\\{closure}()
#36 /home/debian/VivaBioApp/vendor/laravel/framework/src/Illuminate/Routing/Router.php(821): Illuminate\\Pipeline\\Pipeline->then()
#37 /home/debian/VivaBioApp/vendor/laravel/framework/src/Illuminate/Routing/Router.php(800): Illuminate\\Routing\\Router->runRouteWithinStack()
#38 /home/debian/VivaBioApp/vendor/laravel/framework/src/Illuminate/Routing/Router.php(764): Illuminate\\Routing\\Router->runRoute()
#39 /home/debian/VivaBioApp/vendor/laravel/framework/src/Illuminate/Routing/Router.php(753): Illuminate\\Routing\\Router->dispatchToRoute()
#40 /home/debian/VivaBioApp/vendor/laravel/framework/src/Illuminate/Foundation/Http/Kernel.php(200): Illuminate\\Routing\\Router->dispatch()
#41 /home/debian/VivaBioApp/vendor/laravel/framework/src/Illuminate/Pipeline/Pipeline.php(180): Illuminate\\Foundation\\Http\\Kernel->Illuminate\\Foundation\\Http\\{closure}()
#42 /home/debian/VivaBioApp/vendor/laravel/framework/src/Illuminate/Foundation/Http/Middleware/TransformsRequest.php(21): Illuminate\\Pipeline\\Pipeline->Illuminate\\Pipeline\\{closure}()
#43 /home/debian/VivaBioApp/vendor/laravel/framework/src/Illuminate/Foundation/Http/Middleware/ConvertEmptyStringsToNull.php(31): Illuminate\\Foundation\\Http\\Middleware\\TransformsRequest->handle()
#44 /home/debian/VivaBioApp/vendor/laravel/framework/src/Illuminate/Pipeline/Pipeline.php(219): Illuminate\\Foundation\\Http\\Middleware\\ConvertEmptyStringsToNull->handle()
#45 /home/debian/VivaBioApp/vendor/laravel/framework/src/Illuminate/Foundation/Http/Middleware/TransformsRequest.php(21): Illuminate\\Pipeline\\Pipeline->Illuminate\\Pipeline\\{closure}()
#46 /home/debian/VivaBioApp/vendor/laravel/framework/src/Illuminate/Foundation/Http/Middleware/TrimStrings.php(51): Illuminate\\Foundation\\Http\\Middleware\\TransformsRequest->handle()
#47 /home/debian/VivaBioApp/vendor/laravel/framework/src/Illuminate/Pipeline/Pipeline.php(219): Illuminate\\Foundation\\Http\\Middleware\\TrimStrings->handle()
#48 /home/debian/VivaBioApp/vendor/laravel/framework/src/Illuminate/Http/Middleware/ValidatePostSize.php(27): Illuminate\\Pipeline\\Pipeline->Illuminate\\Pipeline\\{closure}()
#49 /home/debian/VivaBioApp/vendor/laravel/framework/src/Illuminate/Pipeline/Pipeline.php(219): Illuminate\\Http\\Middleware\\ValidatePostSize->handle()
#50 /home/debian/VivaBioApp/vendor/laravel/framework/src/Illuminate/Foundation/Http/Middleware/PreventRequestsDuringMaintenance.php(109): Illuminate\\Pipeline\\Pipeline->Illuminate\\Pipeline\\{closure}()
#51 /home/debian/VivaBioApp/vendor/laravel/framework/src/Illuminate/Pipeline/Pipeline.php(219): Illuminate\\Foundation\\Http\\Middleware\\PreventRequestsDuringMaintenance->handle()
#52 /home/debian/VivaBioApp/vendor/laravel/framework/src/Illuminate/Http/Middleware/HandleCors.php(48): Illuminate\\Pipeline\\Pipeline->Illuminate\\Pipeline\\{closure}()
#53 /home/debian/VivaBioApp/vendor/laravel/framework/src/Illuminate/Pipeline/Pipeline.php(219): Illuminate\\Http\\Middleware\\HandleCors->handle()
#54 /home/debian/VivaBioApp/vendor/laravel/framework/src/Illuminate/Http/Middleware/TrustProxies.php(58): Illuminate\\Pipeline\\Pipeline->Illuminate\\Pipeline\\{closure}()
#55 /home/debian/VivaBioApp/vendor/laravel/framework/src/Illuminate/Pipeline/Pipeline.php(219): Illuminate\\Http\\Middleware\\TrustProxies->handle()
#56 /home/debian/VivaBioApp/vendor/laravel/framework/src/Illuminate/Foundation/Http/Middleware/InvokeDeferredCallbacks.php(22): Illuminate\\Pipeline\\Pipeline->Illuminate\\Pipeline\\{closure}()
#57 /home/debian/VivaBioApp/vendor/laravel/framework/src/Illuminate/Pipeline/Pipeline.php(219): Illuminate\\Foundation\\Http\\Middleware\\InvokeDeferredCallbacks->handle()
#58 /home/debian/VivaBioApp/vendor/laravel/framework/src/Illuminate/Http/Middleware/ValidatePathEncoding.php(26): Illuminate\\Pipeline\\Pipeline->Illuminate\\Pipeline\\{closure}()
#59 /home/debian/VivaBioApp/vendor/laravel/framework/src/Illuminate/Pipeline/Pipeline.php(219): Illuminate\\Http\\Middleware\\ValidatePathEncoding->handle()
#60 /home/debian/VivaBioApp/vendor/laravel/framework/src/Illuminate/Pipeline/Pipeline.php(137): Illuminate\\Pipeline\\Pipeline->Illuminate\\Pipeline\\{closure}()
#61 /home/debian/VivaBioApp/vendor/laravel/framework/src/Illuminate/Foundation/Http/Kernel.php(175): Illuminate\\Pipeline\\Pipeline->then()
#62 /home/debian/VivaBioApp/vendor/laravel/framework/src/Illuminate/Foundation/Http/Kernel.php(144): Illuminate\\Foundation\\Http\\Kernel->sendRequestThroughRouter()
#63 /home/debian/VivaBioApp/vendor/laravel/framework/src/Illuminate/Foundation/Application.php(1220): Illuminate\\Foundation\\Http\\Kernel->handle()
#64 /home/debian/VivaBioApp/public/index.php(20): Illuminate\\Foundation\\Application->handleRequest()
#65 /home/debian/VivaBioApp/vendor/laravel/framework/src/Illuminate/Foundation/resources/server.php(23): require_once('...')
#66 {main}

[previous exception] [object] (Illuminate\\Foundation\\ViteManifestNotFoundException(code: 0): Vite manifest not found at: /home/debian/VivaBioApp/public/build/manifest.json at /home/debian/VivaBioApp/vendor/laravel/framework/src/Illuminate/Foundation/Vite.php:935)
[stacktrace]
#0 /home/debian/VivaBioApp/vendor/laravel/framework/src/Illuminate/Foundation/Vite.php(384): Illuminate\\Foundation\\Vite->manifest()
#1 /home/debian/VivaBioApp/storage/framework/views/3064da7a11be85c855c024861c7d2823.php(15): Illuminate\\Foundation\\Vite->__invoke()
#2 /home/debian/VivaBioApp/vendor/laravel/framework/src/Illuminate/Filesystem/Filesystem.php(123): require('...')
#3 /home/debian/VivaBioApp/vendor/laravel/framework/src/Illuminate/Filesystem/Filesystem.php(124): Illuminate\\Filesystem\\Filesystem::Illuminate\\Filesystem\\{closure}()
#4 /home/debian/VivaBioApp/vendor/laravel/framework/src/Illuminate/View/Engines/PhpEngine.php(57): Illuminate\\Filesystem\\Filesystem->getRequire()
#5 /home/debian/VivaBioApp/vendor/laravel/framework/src/Illuminate/View/Engines/CompilerEngine.php(76): Illuminate\\View\\Engines\\PhpEngine->evaluatePath()
#6 /home/debian/VivaBioApp/vendor/laravel/framework/src/Illuminate/View/View.php(208): Illuminate\\View\\Engines\\CompilerEngine->get()
#7 /home/debian/VivaBioApp/vendor/laravel/framework/src/Illuminate/View/View.php(191): Illuminate\\View\\View->getContents()
#8 /home/debian/VivaBioApp/vendor/laravel/framework/src/Illuminate/View/View.php(160): Illuminate\\View\\View->renderContents()
#9 /home/debian/VivaBioApp/vendor/laravel/framework/src/Illuminate/View/Concerns/ManagesComponents.php(99): Illuminate\\View\\View->render()
#10 /home/debian/VivaBioApp/storage/framework/views/ef99cc4ec4a70de6d2d814b284b8edd9.php(206): Illuminate\\View\\Factory->renderComponent()
#11 /home/debian/VivaBioApp/vendor/laravel/framework/src/Illuminate/Filesystem/Filesystem.php(123): require('...')
#12 /home/debian/VivaBioApp/vendor/laravel/framework/src/Illuminate/Filesystem/Filesystem.php(124): Illuminate\\Filesystem\\Filesystem::Illuminate\\Filesystem\\{closure}()
#13 /home/debian/VivaBioApp/vendor/laravel/framework/src/Illuminate/View/Engines/PhpEngine.php(57): Illuminate\\Filesystem\\Filesystem->getRequire()
#14 /home/debian/VivaBioApp/vendor/laravel/framework/src/Illuminate/View/Engines/CompilerEngine.php(76): Illuminate\\View\\Engines\\PhpEngine->evaluatePath()
#15 /home/debian/VivaBioApp/vendor/laravel/framework/src/Illuminate/View/View.php(208): Illuminate\\View\\Engines\\CompilerEngine->get()
#16 /home/debian/VivaBioApp/vendor/laravel/framework/src/Illuminate/View/View.php(191): Illuminate\\View\\View->getContents()
#17 /home/debian/VivaBioApp/vendor/laravel/framework/src/Illuminate/View/View.php(160): Illuminate\\View\\View->renderContents()
#18 /home/debian/VivaBioApp/vendor/laravel/framework/src/Illuminate/Http/Response.php(78): Illuminate\\View\\View->render()
#19 /home/debian/VivaBioApp/vendor/laravel/framework/src/Illuminate/Http/Response.php(34): Illuminate\\Http\\Response->setContent()
#20 /home/debian/VivaBioApp/vendor/laravel/framework/src/Illuminate/Routing/Router.php(939): Illuminate\\Http\\Response->__construct()
#21 /home/debian/VivaBioApp/vendor/laravel/framework/src/Illuminate/Routing/Router.php(906): Illuminate\\Routing\\Router::toResponse()
#22 /home/debian/VivaBioApp/vendor/laravel/framework/src/Illuminate/Routing/Router.php(821): Illuminate\\Routing\\Router->prepareResponse()
#23 /home/debian/VivaBioApp/vendor/laravel/framework/src/Illuminate/Pipeline/Pipeline.php(180): Illuminate\\Routing\\Router->Illuminate\\Routing\\{closure}()
#24 /home/debian/VivaBioApp/vendor/laravel/framework/src/Illuminate/Auth/Middleware/RedirectIfAuthenticated.php(35): Illuminate\\Pipeline\\Pipeline->Illuminate\\Pipeline\\{closure}()
#25 /home/debian/VivaBioApp/vendor/laravel/framework/src/Illuminate/Pipeline/Pipeline.php(219): Illuminate\\Auth\\Middleware\\RedirectIfAuthenticated->handle()
#26 /home/debian/VivaBioApp/vendor/laravel/framework/src/Illuminate/Routing/Middleware/SubstituteBindings.php(50): Illuminate\\Pipeline\\Pipeline->Illuminate\\Pipeline\\{closure}()
#27 /home/debian/VivaBioApp/vendor/laravel/framework/src/Illuminate/Pipeline/Pipeline.php(219): Illuminate\\Routing\\Middleware\\SubstituteBindings->handle()
#28 /home/debian/VivaBioApp/vendor/laravel/framework/src/Illuminate/Foundation/Http/Middleware/VerifyCsrfToken.php(87): Illuminate\\Pipeline\\Pipeline->Illuminate\\Pipeline\\{closure}()
#29 /home/debian/VivaBioApp/vendor/laravel/framework/src/Illuminate/Pipeline/Pipeline.php(219): Illuminate\\Foundation\\Http\\Middleware\\VerifyCsrfToken->handle()
#30 /home/debian/VivaBioApp/vendor/laravel/framework/src/Illuminate/View/Middleware/ShareErrorsFromSession.php(48): Illuminate\\Pipeline\\Pipeline->Illuminate\\Pipeline\\{closure}()
#31 /home/debian/VivaBioApp/vendor/laravel/framework/src/Illuminate/Pipeline/Pipeline.php(219): Illuminate\\View\\Middleware\\ShareErrorsFromSession->handle()
#32 /home/debian/VivaBioApp/vendor/laravel/framework/src/Illuminate/Session/Middleware/StartSession.php(120): Illuminate\\Pipeline\\Pipeline->Illuminate\\Pipeline\\{closure}()
#33 /home/debian/VivaBioApp/vendor/laravel/framework/src/Illuminate/Session/Middleware/StartSession.php(63): Illuminate\\Session\\Middleware\\StartSession->handleStatefulRequest()
#34 /home/debian/VivaBioApp/vendor/laravel/framework/src/Illuminate/Pipeline/Pipeline.php(219): Illuminate\\Session\\Middleware\\StartSession->handle()
#35 /home/debian/VivaBioApp/vendor/laravel/framework/src/Illuminate/Cookie/Middleware/AddQueuedCookiesToResponse.php(36): Illuminate\\Pipeline\\Pipeline->Illuminate\\Pipeline\\{closure}()
#36 /home/debian/VivaBioApp/vendor/laravel/framework/src/Illuminate/Pipeline/Pipeline.php(219): Illuminate\\Cookie\\Middleware\\AddQueuedCookiesToResponse->handle()
#37 /home/debian/VivaBioApp/vendor/laravel/framework/src/Illuminate/Cookie/Middleware/EncryptCookies.php(74): Illuminate\\Pipeline\\Pipeline->Illuminate\\Pipeline\\{closure}()
#38 /home/debian/VivaBioApp/vendor/laravel/framework/src/Illuminate/Pipeline/Pipeline.php(219): Illuminate\\Cookie\\Middleware\\EncryptCookies->handle()
#39 /home/debian/VivaBioApp/vendor/laravel/framework/src/Illuminate/Pipeline/Pipeline.php(137): Illuminate\\Pipeline\\Pipeline->Illuminate\\Pipeline\\{closure}()
#40 /home/debian/VivaBioApp/vendor/laravel/framework/src/Illuminate/Routing/Router.php(821): Illuminate\\Pipeline\\Pipeline->then()
#41 /home/debian/VivaBioApp/vendor/laravel/framework/src/Illuminate/Routing/Router.php(800): Illuminate\\Routing\\Router->runRouteWithinStack()
#42 /home/debian/VivaBioApp/vendor/laravel/framework/src/Illuminate/Routing/Router.php(764): Illuminate\\Routing\\Router->runRoute()
#43 /home/debian/VivaBioApp/vendor/laravel/framework/src/Illuminate/Routing/Router.php(753): Illuminate\\Routing\\Router->dispatchToRoute()
#44 /home/debian/VivaBioApp/vendor/laravel/framework/src/Illuminate/Foundation/Http/Kernel.php(200): Illuminate\\Routing\\Router->dispatch()
#45 /home/debian/VivaBioApp/vendor/laravel/framework/src/Illuminate/Pipeline/Pipeline.php(180): Illuminate\\Foundation\\Http\\Kernel->Illuminate\\Foundation\\Http\\{closure}()
#46 /home/debian/VivaBioApp/vendor/laravel/framework/src/Illuminate/Foundation/Http/Middleware/TransformsRequest.php(21): Illuminate\\Pipeline\\Pipeline->Illuminate\\Pipeline\\{closure}()
#47 /home/debian/VivaBioApp/vendor/laravel/framework/src/Illuminate/Foundation/Http/Middleware/ConvertEmptyStringsToNull.php(31): Illuminate\\Foundation\\Http\\Middleware\\TransformsRequest->handle()
#48 /home/debian/VivaBioApp/vendor/laravel/framework/src/Illuminate/Pipeline/Pipeline.php(219): Illuminate\\Foundation\\Http\\Middleware\\ConvertEmptyStringsToNull->handle()
#49 /home/debian/VivaBioApp/vendor/laravel/framework/src/Illuminate/Foundation/Http/Middleware/TransformsRequest.php(21): Illuminate\\Pipeline\\Pipeline->Illuminate\\Pipeline\\{closure}()
#50 /home/debian/VivaBioApp/vendor/laravel/framework/src/Illuminate/Foundation/Http/Middleware/TrimStrings.php(51): Illuminate\\Foundation\\Http\\Middleware\\TransformsRequest->handle()
#51 /home/debian/VivaBioApp/vendor/laravel/framework/src/Illuminate/Pipeline/Pipeline.php(219): Illuminate\\Foundation\\Http\\Middleware\\TrimStrings->handle()
#52 /home/debian/VivaBioApp/vendor/laravel/framework/src/Illuminate/Http/Middleware/ValidatePostSize.php(27): Illuminate\\Pipeline\\Pipeline->Illuminate\\Pipeline\\{closure}()
#53 /home/debian/VivaBioApp/vendor/laravel/framework/src/Illuminate/Pipeline/Pipeline.php(219): Illuminate\\Http\\Middleware\\ValidatePostSize->handle()
#54 /home/debian/VivaBioApp/vendor/laravel/framework/src/Illuminate/Foundation/Http/Middleware/PreventRequestsDuringMaintenance.php(109): Illuminate\\Pipeline\\Pipeline->Illuminate\\Pipeline\\{closure}()
#55 /home/debian/VivaBioApp/vendor/laravel/framework/src/Illuminate/Pipeline/Pipeline.php(219): Illuminate\\Foundation\\Http\\Middleware\\PreventRequestsDuringMaintenance->handle()
#56 /home/debian/VivaBioApp/vendor/laravel/framework/src/Illuminate/Http/Middleware/HandleCors.php(48): Illuminate\\Pipeline\\Pipeline->Illuminate\\Pipeline\\{closure}()
#57 /home/debian/VivaBioApp/vendor/laravel/framework/src/Illuminate/Pipeline/Pipeline.php(219): Illuminate\\Http\\Middleware\\HandleCors->handle()
#58 /home/debian/VivaBioApp/vendor/laravel/framework/src/Illuminate/Http/Middleware/TrustProxies.php(58): Illuminate\\Pipeline\\Pipeline->Illuminate\\Pipeline\\{closure}()
#59 /home/debian/VivaBioApp/vendor/laravel/framework/src/Illuminate/Pipeline/Pipeline.php(219): Illuminate\\Http\\Middleware\\TrustProxies->handle()
#60 /home/debian/VivaBioApp/vendor/laravel/framework/src/Illuminate/Foundation/Http/Middleware/InvokeDeferredCallbacks.php(22): Illuminate\\Pipeline\\Pipeline->Illuminate\\Pipeline\\{closure}()
#61 /home/debian/VivaBioApp/vendor/laravel/framework/src/Illuminate/Pipeline/Pipeline.php(219): Illuminate\\Foundation\\Http\\Middleware\\InvokeDeferredCallbacks->handle()
#62 /home/debian/VivaBioApp/vendor/laravel/framework/src/Illuminate/Http/Middleware/ValidatePathEncoding.php(26): Illuminate\\Pipeline\\Pipeline->Illuminate\\Pipeline\\{closure}()
#63 /home/debian/VivaBioApp/vendor/laravel/framework/src/Illuminate/Pipeline/Pipeline.php(219): Illuminate\\Http\\Middleware\\ValidatePathEncoding->handle()
#64 /home/debian/VivaBioApp/vendor/laravel/framework/src/Illuminate/Pipeline/Pipeline.php(137): Illuminate\\Pipeline\\Pipeline->Illuminate\\Pipeline\\{closure}()
#65 /home/debian/VivaBioApp/vendor/laravel/framework/src/Illuminate/Foundation/Http/Kernel.php(175): Illuminate\\Pipeline\\Pipeline->then()
#66 /home/debian/VivaBioApp/vendor/laravel/framework/src/Illuminate/Foundation/Http/Kernel.php(144): Illuminate\\Foundation\\Http\\Kernel->sendRequestThroughRouter()
#67 /home/debian/VivaBioApp/vendor/laravel/framework/src/Illuminate/Foundation/Application.php(1220): Illuminate\\Foundation\\Http\\Kernel->handle()
#68 /home/debian/VivaBioApp/public/index.php(20): Illuminate\\Foundation\\Application->handleRequest()
#69 /home/debian/VivaBioApp/vendor/laravel/framework/src/Illuminate/Foundation/resources/server.php(23): require_once('...')
#70 {main}
"} 
[2025-10-31 18:26:15] local.ERROR: syntax error, unexpected token "function", expecting ")" {"exception":"[object] (ParseError(code: 0): syntax error, unexpected token \"function\", expecting \")\" at /home/debian/VivaBioApp/routes/web.php:103)
[stacktrace]
#0 /home/debian/VivaBioApp/vendor/laravel/framework/src/Illuminate/Routing/Router.php(526): Illuminate\\Routing\\RouteFileRegistrar->register()
#1 /home/debian/VivaBioApp/vendor/laravel/framework/src/Illuminate/Routing/Router.php(480): Illuminate\\Routing\\Router->loadRoutes()
#2 /home/debian/VivaBioApp/vendor/laravel/framework/src/Illuminate/Routing/RouteRegistrar.php(210): Illuminate\\Routing\\Router->group()
#3 /home/debian/VivaBioApp/vendor/laravel/framework/src/Illuminate/Foundation/Configuration/ApplicationBuilder.php(248): Illuminate\\Routing\\RouteRegistrar->group()
#4 /home/debian/VivaBioApp/vendor/laravel/framework/src/Illuminate/Container/BoundMethod.php(36): Illuminate\\Foundation\\Configuration\\ApplicationBuilder->Illuminate\\Foundation\\Configuration\\{closure}()
#5 /home/debian/VivaBioApp/vendor/laravel/framework/src/Illuminate/Container/Util.php(43): Illuminate\\Container\\BoundMethod::Illuminate\\Container\\{closure}()
#6 /home/debian/VivaBioApp/vendor/laravel/framework/src/Illuminate/Container/BoundMethod.php(84): Illuminate\\Container\\Util::unwrapIfClosure()
#7 /home/debian/VivaBioApp/vendor/laravel/framework/src/Illuminate/Container/BoundMethod.php(35): Illuminate\\Container\\BoundMethod::callBoundMethod()
#8 /home/debian/VivaBioApp/vendor/laravel/framework/src/Illuminate/Container/Container.php(836): Illuminate\\Container\\BoundMethod::call()
#9 /home/debian/VivaBioApp/vendor/laravel/framework/src/Illuminate/Foundation/Support/Providers/RouteServiceProvider.php(162): Illuminate\\Container\\Container->call()
#10 /home/debian/VivaBioApp/vendor/laravel/framework/src/Illuminate/Foundation/Support/Providers/RouteServiceProvider.php(59): Illuminate\\Foundation\\Support\\Providers\\RouteServiceProvider->loadRoutes()
#11 /home/debian/VivaBioApp/vendor/laravel/framework/src/Illuminate/Container/BoundMethod.php(36): Illuminate\\Foundation\\Support\\Providers\\RouteServiceProvider->Illuminate\\Foundation\\Support\\Providers\\{closure}()
#12 /home/debian/VivaBioApp/vendor/laravel/framework/src/Illuminate/Container/Util.php(43): Illuminate\\Container\\BoundMethod::Illuminate\\Container\\{closure}()
#13 /home/debian/VivaBioApp/vendor/laravel/framework/src/Illuminate/Container/BoundMethod.php(84): Illuminate\\Container\\Util::unwrapIfClosure()
#14 /home/debian/VivaBioApp/vendor/laravel/framework/src/Illuminate/Container/BoundMethod.php(35): Illuminate\\Container\\BoundMethod::callBoundMethod()
#15 /home/debian/VivaBioApp/vendor/laravel/framework/src/Illuminate/Container/Container.php(836): Illuminate\\Container\\BoundMethod::call()
#16 /home/debian/VivaBioApp/vendor/laravel/framework/src/Illuminate/Support/ServiceProvider.php(143): Illuminate\\Container\\Container->call()
#17 /home/debian/VivaBioApp/vendor/laravel/framework/src/Illuminate/Foundation/Application.php(1154): Illuminate\\Support\\ServiceProvider->callBootedCallbacks()
#18 /home/debian/VivaBioApp/vendor/laravel/framework/src/Illuminate/Foundation/Application.php(1132): Illuminate\\Foundation\\Application->bootProvider()
#19 [internal function]: Illuminate\\Foundation\\Application->Illuminate\\Foundation\\{closure}()
#20 /home/debian/VivaBioApp/vendor/laravel/framework/src/Illuminate/Foundation/Application.php(1131): array_walk()
#21 /home/debian/VivaBioApp/vendor/laravel/framework/src/Illuminate/Foundation/Bootstrap/BootProviders.php(17): Illuminate\\Foundation\\Application->boot()
#22 /home/debian/VivaBioApp/vendor/laravel/framework/src/Illuminate/Foundation/Application.php(342): Illuminate\\Foundation\\Bootstrap\\BootProviders->bootstrap()
#23 /home/debian/VivaBioApp/vendor/laravel/framework/src/Illuminate/Foundation/Console/Kernel.php(473): Illuminate\\Foundation\\Application->bootstrapWith()
#24 /home/debian/VivaBioApp/vendor/laravel/framework/src/Illuminate/Foundation/Console/Kernel.php(195): Illuminate\\Foundation\\Console\\Kernel->bootstrap()
#25 Command line code(1): Illuminate\\Foundation\\Console\\Kernel->handle()
#26 {main}
"} 
[2025-10-31 18:26:28] local.ERROR: syntax error, unexpected token "function", expecting ")" {"exception":"[object] (ParseError(code: 0): syntax error, unexpected token \"function\", expecting \")\" at /home/debian/VivaBioApp/routes/web.php:103)
[stacktrace]
#0 /home/debian/VivaBioApp/vendor/laravel/framework/src/Illuminate/Routing/Router.php(526): Illuminate\\Routing\\RouteFileRegistrar->register()
#1 /home/debian/VivaBioApp/vendor/laravel/framework/src/Illuminate/Routing/Router.php(480): Illuminate\\Routing\\Router->loadRoutes()
#2 /home/debian/VivaBioApp/vendor/laravel/framework/src/Illuminate/Routing/RouteRegistrar.php(210): Illuminate\\Routing\\Router->group()
#3 /home/debian/VivaBioApp/vendor/laravel/framework/src/Illuminate/Foundation/Configuration/ApplicationBuilder.php(248): Illuminate\\Routing\\RouteRegistrar->group()
#4 /home/debian/VivaBioApp/vendor/laravel/framework/src/Illuminate/Container/BoundMethod.php(36): Illuminate\\Foundation\\Configuration\\ApplicationBuilder->Illuminate\\Foundation\\Configuration\\{closure}()
#5 /home/debian/VivaBioApp/vendor/laravel/framework/src/Illuminate/Container/Util.php(43): Illuminate\\Container\\BoundMethod::Illuminate\\Container\\{closure}()
#6 /home/debian/VivaBioApp/vendor/laravel/framework/src/Illuminate/Container/BoundMethod.php(84): Illuminate\\Container\\Util::unwrapIfClosure()
#7 /home/debian/VivaBioApp/vendor/laravel/framework/src/Illuminate/Container/BoundMethod.php(35): Illuminate\\Container\\BoundMethod::callBoundMethod()
#8 /home/debian/VivaBioApp/vendor/laravel/framework/src/Illuminate/Container/Container.php(836): Illuminate\\Container\\BoundMethod::call()
#9 /home/debian/VivaBioApp/vendor/laravel/framework/src/Illuminate/Foundation/Support/Providers/RouteServiceProvider.php(162): Illuminate\\Container\\Container->call()
#10 /home/debian/VivaBioApp/vendor/laravel/framework/src/Illuminate/Foundation/Support/Providers/RouteServiceProvider.php(59): Illuminate\\Foundation\\Support\\Providers\\RouteServiceProvider->loadRoutes()
#11 /home/debian/VivaBioApp/vendor/laravel/framework/src/Illuminate/Container/BoundMethod.php(36): Illuminate\\Foundation\\Support\\Providers\\RouteServiceProvider->Illuminate\\Foundation\\Support\\Providers\\{closure}()
#12 /home/debian/VivaBioApp/vendor/laravel/framework/src/Illuminate/Container/Util.php(43): Illuminate\\Container\\BoundMethod::Illuminate\\Container\\{closure}()
#13 /home/debian/VivaBioApp/vendor/laravel/framework/src/Illuminate/Container/BoundMethod.php(84): Illuminate\\Container\\Util::unwrapIfClosure()
#14 /home/debian/VivaBioApp/vendor/laravel/framework/src/Illuminate/Container/BoundMethod.php(35): Illuminate\\Container\\BoundMethod::callBoundMethod()
#15 /home/debian/VivaBioApp/vendor/laravel/framework/src/Illuminate/Container/Container.php(836): Illuminate\\Container\\BoundMethod::call()
#16 /home/debian/VivaBioApp/vendor/laravel/framework/src/Illuminate/Support/ServiceProvider.php(143): Illuminate\\Container\\Container->call()
#17 /home/debian/VivaBioApp/vendor/laravel/framework/src/Illuminate/Foundation/Application.php(1154): Illuminate\\Support\\ServiceProvider->callBootedCallbacks()
#18 /home/debian/VivaBioApp/vendor/laravel/framework/src/Illuminate/Foundation/Application.php(1132): Illuminate\\Foundation\\Application->bootProvider()
#19 [internal function]: Illuminate\\Foundation\\Application->Illuminate\\Foundation\\{closure}()
#20 /home/debian/VivaBioApp/vendor/laravel/framework/src/Illuminate/Foundation/Application.php(1131): array_walk()
#21 /home/debian/VivaBioApp/vendor/laravel/framework/src/Illuminate/Foundation/Bootstrap/BootProviders.php(17): Illuminate\\Foundation\\Application->boot()
#22 /home/debian/VivaBioApp/vendor/laravel/framework/src/Illuminate/Foundation/Application.php(342): Illuminate\\Foundation\\Bootstrap\\BootProviders->bootstrap()
#23 /home/debian/VivaBioApp/vendor/laravel/framework/src/Illuminate/Foundation/Console/Kernel.php(473): Illuminate\\Foundation\\Application->bootstrapWith()
#24 /home/debian/VivaBioApp/vendor/laravel/framework/src/Illuminate/Foundation/Console/Kernel.php(195): Illuminate\\Foundation\\Console\\Kernel->bootstrap()
#25 Command line code(1): Illuminate\\Foundation\\Console\\Kernel->handle()
#26 {main}
"} 
[2025-10-31 18:26:28] local.ERROR: syntax error, unexpected token "function", expecting ")" {"exception":"[object] (ParseError(code: 0): syntax error, unexpected token \"function\", expecting \")\" at /home/debian/VivaBioApp/routes/web.php:103)
[stacktrace]
#0 /home/debian/VivaBioApp/vendor/laravel/framework/src/Illuminate/Routing/Router.php(526): Illuminate\\Routing\\RouteFileRegistrar->register()
#1 /home/debian/VivaBioApp/vendor/laravel/framework/src/Illuminate/Routing/Router.php(480): Illuminate\\Routing\\Router->loadRoutes()
#2 /home/debian/VivaBioApp/vendor/laravel/framework/src/Illuminate/Routing/RouteRegistrar.php(210): Illuminate\\Routing\\Router->group()
#3 /home/debian/VivaBioApp/vendor/laravel/framework/src/Illuminate/Foundation/Configuration/ApplicationBuilder.php(248): Illuminate\\Routing\\RouteRegistrar->group()
#4 /home/debian/VivaBioApp/vendor/laravel/framework/src/Illuminate/Container/BoundMethod.php(36): Illuminate\\Foundation\\Configuration\\ApplicationBuilder->Illuminate\\Foundation\\Configuration\\{closure}()
#5 /home/debian/VivaBioApp/vendor/laravel/framework/src/Illuminate/Container/Util.php(43): Illuminate\\Container\\BoundMethod::Illuminate\\Container\\{closure}()
#6 /home/debian/VivaBioApp/vendor/laravel/framework/src/Illuminate/Container/BoundMethod.php(84): Illuminate\\Container\\Util::unwrapIfClosure()
#7 /home/debian/VivaBioApp/vendor/laravel/framework/src/Illuminate/Container/BoundMethod.php(35): Illuminate\\Container\\BoundMethod::callBoundMethod()
#8 /home/debian/VivaBioApp/vendor/laravel/framework/src/Illuminate/Container/Container.php(836): Illuminate\\Container\\BoundMethod::call()
#9 /home/debian/VivaBioApp/vendor/laravel/framework/src/Illuminate/Foundation/Support/Providers/RouteServiceProvider.php(162): Illuminate\\Container\\Container->call()
#10 /home/debian/VivaBioApp/vendor/laravel/framework/src/Illuminate/Foundation/Support/Providers/RouteServiceProvider.php(59): Illuminate\\Foundation\\Support\\Providers\\RouteServiceProvider->loadRoutes()
#11 /home/debian/VivaBioApp/vendor/laravel/framework/src/Illuminate/Container/BoundMethod.php(36): Illuminate\\Foundation\\Support\\Providers\\RouteServiceProvider->Illuminate\\Foundation\\Support\\Providers\\{closure}()
#12 /home/debian/VivaBioApp/vendor/laravel/framework/src/Illuminate/Container/Util.php(43): Illuminate\\Container\\BoundMethod::Illuminate\\Container\\{closure}()
#13 /home/debian/VivaBioApp/vendor/laravel/framework/src/Illuminate/Container/BoundMethod.php(84): Illuminate\\Container\\Util::unwrapIfClosure()
#14 /home/debian/VivaBioApp/vendor/laravel/framework/src/Illuminate/Container/BoundMethod.php(35): Illuminate\\Container\\BoundMethod::callBoundMethod()
#15 /home/debian/VivaBioApp/vendor/laravel/framework/src/Illuminate/Container/Container.php(836): Illuminate\\Container\\BoundMethod::call()
#16 /home/debian/VivaBioApp/vendor/laravel/framework/src/Illuminate/Support/ServiceProvider.php(143): Illuminate\\Container\\Container->call()
#17 /home/debian/VivaBioApp/vendor/laravel/framework/src/Illuminate/Foundation/Application.php(1154): Illuminate\\Support\\ServiceProvider->callBootedCallbacks()
#18 /home/debian/VivaBioApp/vendor/laravel/framework/src/Illuminate/Foundation/Application.php(1132): Illuminate\\Foundation\\Application->bootProvider()
#19 [internal function]: Illuminate\\Foundation\\Application->Illuminate\\Foundation\\{closure}()
#20 /home/debian/VivaBioApp/vendor/laravel/framework/src/Illuminate/Foundation/Application.php(1131): array_walk()
#21 /home/debian/VivaBioApp/vendor/laravel/framework/src/Illuminate/Foundation/Bootstrap/BootProviders.php(17): Illuminate\\Foundation\\Application->boot()
#22 /home/debian/VivaBioApp/vendor/laravel/framework/src/Illuminate/Foundation/Application.php(342): Illuminate\\Foundation\\Bootstrap\\BootProviders->bootstrap()
#23 /home/debian/VivaBioApp/vendor/laravel/framework/src/Illuminate/Foundation/Console/Kernel.php(473): Illuminate\\Foundation\\Application->bootstrapWith()
#24 /home/debian/VivaBioApp/vendor/laravel/framework/src/Illuminate/Foundation/Console/Kernel.php(195): Illuminate\\Foundation\\Console\\Kernel->bootstrap()
#25 Command line code(1): Illuminate\\Foundation\\Console\\Kernel->handle()
#26 {main}
"} 
[2025-10-31 18:27:28] local.ERROR: syntax error, unexpected token "function", expecting ")" {"exception":"[object] (ParseError(code: 0): syntax error, unexpected token \"function\", expecting \")\" at /home/debian/VivaBioApp/routes/web.php:103)
[stacktrace]
#0 /home/debian/VivaBioApp/vendor/laravel/framework/src/Illuminate/Routing/Router.php(526): Illuminate\\Routing\\RouteFileRegistrar->register()
#1 /home/debian/VivaBioApp/vendor/laravel/framework/src/Illuminate/Routing/Router.php(480): Illuminate\\Routing\\Router->loadRoutes()
#2 /home/debian/VivaBioApp/vendor/laravel/framework/src/Illuminate/Routing/RouteRegistrar.php(210): Illuminate\\Routing\\Router->group()
#3 /home/debian/VivaBioApp/vendor/laravel/framework/src/Illuminate/Foundation/Configuration/ApplicationBuilder.php(248): Illuminate\\Routing\\RouteRegistrar->group()
#4 /home/debian/VivaBioApp/vendor/laravel/framework/src/Illuminate/Container/BoundMethod.php(36): Illuminate\\Foundation\\Configuration\\ApplicationBuilder->Illuminate\\Foundation\\Configuration\\{closure}()
#5 /home/debian/VivaBioApp/vendor/laravel/framework/src/Illuminate/Container/Util.php(43): Illuminate\\Container\\BoundMethod::Illuminate\\Container\\{closure}()
#6 /home/debian/VivaBioApp/vendor/laravel/framework/src/Illuminate/Container/BoundMethod.php(84): Illuminate\\Container\\Util::unwrapIfClosure()
#7 /home/debian/VivaBioApp/vendor/laravel/framework/src/Illuminate/Container/BoundMethod.php(35): Illuminate\\Container\\BoundMethod::callBoundMethod()
#8 /home/debian/VivaBioApp/vendor/laravel/framework/src/Illuminate/Container/Container.php(836): Illuminate\\Container\\BoundMethod::call()
#9 /home/debian/VivaBioApp/vendor/laravel/framework/src/Illuminate/Foundation/Support/Providers/RouteServiceProvider.php(162): Illuminate\\Container\\Container->call()
#10 /home/debian/VivaBioApp/vendor/laravel/framework/src/Illuminate/Foundation/Support/Providers/RouteServiceProvider.php(59): Illuminate\\Foundation\\Support\\Providers\\RouteServiceProvider->loadRoutes()
#11 /home/debian/VivaBioApp/vendor/laravel/framework/src/Illuminate/Container/BoundMethod.php(36): Illuminate\\Foundation\\Support\\Providers\\RouteServiceProvider->Illuminate\\Foundation\\Support\\Providers\\{closure}()
#12 /home/debian/VivaBioApp/vendor/laravel/framework/src/Illuminate/Container/Util.php(43): Illuminate\\Container\\BoundMethod::Illuminate\\Container\\{closure}()
#13 /home/debian/VivaBioApp/vendor/laravel/framework/src/Illuminate/Container/BoundMethod.php(84): Illuminate\\Container\\Util::unwrapIfClosure()
#14 /home/debian/VivaBioApp/vendor/laravel/framework/src/Illuminate/Container/BoundMethod.php(35): Illuminate\\Container\\BoundMethod::callBoundMethod()
#15 /home/debian/VivaBioApp/vendor/laravel/framework/src/Illuminate/Container/Container.php(836): Illuminate\\Container\\BoundMethod::call()
#16 /home/debian/VivaBioApp/vendor/laravel/framework/src/Illuminate/Support/ServiceProvider.php(143): Illuminate\\Container\\Container->call()
#17 /home/debian/VivaBioApp/vendor/laravel/framework/src/Illuminate/Foundation/Application.php(1154): Illuminate\\Support\\ServiceProvider->callBootedCallbacks()
#18 /home/debian/VivaBioApp/vendor/laravel/framework/src/Illuminate/Foundation/Application.php(1132): Illuminate\\Foundation\\Application->bootProvider()
#19 [internal function]: Illuminate\\Foundation\\Application->Illuminate\\Foundation\\{closure}()
#20 /home/debian/VivaBioApp/vendor/laravel/framework/src/Illuminate/Foundation/Application.php(1131): array_walk()
#21 /home/debian/VivaBioApp/vendor/laravel/framework/src/Illuminate/Foundation/Bootstrap/BootProviders.php(17): Illuminate\\Foundation\\Application->boot()
#22 /home/debian/VivaBioApp/vendor/laravel/framework/src/Illuminate/Foundation/Application.php(342): Illuminate\\Foundation\\Bootstrap\\BootProviders->bootstrap()
#23 /home/debian/VivaBioApp/vendor/laravel/framework/src/Illuminate/Foundation/Console/Kernel.php(473): Illuminate\\Foundation\\Application->bootstrapWith()
#24 /home/debian/VivaBioApp/vendor/laravel/framework/src/Illuminate/Foundation/Console/Kernel.php(195): Illuminate\\Foundation\\Console\\Kernel->bootstrap()
#25 Command line code(1): Illuminate\\Foundation\\Console\\Kernel->handle()
#26 {main}
"} 
[2025-10-31 18:27:28] local.ERROR: syntax error, unexpected token "function", expecting ")" {"exception":"[object] (ParseError(code: 0): syntax error, unexpected token \"function\", expecting \")\" at /home/debian/VivaBioApp/routes/web.php:103)
[stacktrace]
#0 /home/debian/VivaBioApp/vendor/laravel/framework/src/Illuminate/Routing/Router.php(526): Illuminate\\Routing\\RouteFileRegistrar->register()
#1 /home/debian/VivaBioApp/vendor/laravel/framework/src/Illuminate/Routing/Router.php(480): Illuminate\\Routing\\Router->loadRoutes()
#2 /home/debian/VivaBioApp/vendor/laravel/framework/src/Illuminate/Routing/RouteRegistrar.php(210): Illuminate\\Routing\\Router->group()
#3 /home/debian/VivaBioApp/vendor/laravel/framework/src/Illuminate/Foundation/Configuration/ApplicationBuilder.php(248): Illuminate\\Routing\\RouteRegistrar->group()
#4 /home/debian/VivaBioApp/vendor/laravel/framework/src/Illuminate/Container/BoundMethod.php(36): Illuminate\\Foundation\\Configuration\\ApplicationBuilder->Illuminate\\Foundation\\Configuration\\{closure}()
#5 /home/debian/VivaBioApp/vendor/laravel/framework/src/Illuminate/Container/Util.php(43): Illuminate\\Container\\BoundMethod::Illuminate\\Container\\{closure}()
#6 /home/debian/VivaBioApp/vendor/laravel/framework/src/Illuminate/Container/BoundMethod.php(84): Illuminate\\Container\\Util::unwrapIfClosure()
#7 /home/debian/VivaBioApp/vendor/laravel/framework/src/Illuminate/Container/BoundMethod.php(35): Illuminate\\Container\\BoundMethod::callBoundMethod()
#8 /home/debian/VivaBioApp/vendor/laravel/framework/src/Illuminate/Container/Container.php(836): Illuminate\\Container\\BoundMethod::call()
#9 /home/debian/VivaBioApp/vendor/laravel/framework/src/Illuminate/Foundation/Support/Providers/RouteServiceProvider.php(162): Illuminate\\Container\\Container->call()
#10 /home/debian/VivaBioApp/vendor/laravel/framework/src/Illuminate/Foundation/Support/Providers/RouteServiceProvider.php(59): Illuminate\\Foundation\\Support\\Providers\\RouteServiceProvider->loadRoutes()
#11 /home/debian/VivaBioApp/vendor/laravel/framework/src/Illuminate/Container/BoundMethod.php(36): Illuminate\\Foundation\\Support\\Providers\\RouteServiceProvider->Illuminate\\Foundation\\Support\\Providers\\{closure}()
#12 /home/debian/VivaBioApp/vendor/laravel/framework/src/Illuminate/Container/Util.php(43): Illuminate\\Container\\BoundMethod::Illuminate\\Container\\{closure}()
#13 /home/debian/VivaBioApp/vendor/laravel/framework/src/Illuminate/Container/BoundMethod.php(84): Illuminate\\Container\\Util::unwrapIfClosure()
#14 /home/debian/VivaBioApp/vendor/laravel/framework/src/Illuminate/Container/BoundMethod.php(35): Illuminate\\Container\\BoundMethod::callBoundMethod()
#15 /home/debian/VivaBioApp/vendor/laravel/framework/src/Illuminate/Container/Container.php(836): Illuminate\\Container\\BoundMethod::call()
#16 /home/debian/VivaBioApp/vendor/laravel/framework/src/Illuminate/Support/ServiceProvider.php(143): Illuminate\\Container\\Container->call()
#17 /home/debian/VivaBioApp/vendor/laravel/framework/src/Illuminate/Foundation/Application.php(1154): Illuminate\\Support\\ServiceProvider->callBootedCallbacks()
#18 /home/debian/VivaBioApp/vendor/laravel/framework/src/Illuminate/Foundation/Application.php(1132): Illuminate\\Foundation\\Application->bootProvider()
#19 [internal function]: Illuminate\\Foundation\\Application->Illuminate\\Foundation\\{closure}()
#20 /home/debian/VivaBioApp/vendor/laravel/framework/src/Illuminate/Foundation/Application.php(1131): array_walk()
#21 /home/debian/VivaBioApp/vendor/laravel/framework/src/Illuminate/Foundation/Bootstrap/BootProviders.php(17): Illuminate\\Foundation\\Application->boot()
#22 /home/debian/VivaBioApp/vendor/laravel/framework/src/Illuminate/Foundation/Application.php(342): Illuminate\\Foundation\\Bootstrap\\BootProviders->bootstrap()
#23 /home/debian/VivaBioApp/vendor/laravel/framework/src/Illuminate/Foundation/Console/Kernel.php(473): Illuminate\\Foundation\\Application->bootstrapWith()
#24 /home/debian/VivaBioApp/vendor/laravel/framework/src/Illuminate/Foundation/Console/Kernel.php(195): Illuminate\\Foundation\\Console\\Kernel->bootstrap()
#25 Command line code(1): Illuminate\\Foundation\\Console\\Kernel->handle()
#26 {main}
"} 
[2025-10-31 18:27:28] local.ERROR: syntax error, unexpected token "function", expecting ")" {"exception":"[object] (ParseError(code: 0): syntax error, unexpected token \"function\", expecting \")\" at /home/debian/VivaBioApp/routes/web.php:103)
[stacktrace]
#0 /home/debian/VivaBioApp/vendor/laravel/framework/src/Illuminate/Routing/Router.php(526): Illuminate\\Routing\\RouteFileRegistrar->register()
#1 /home/debian/VivaBioApp/vendor/laravel/framework/src/Illuminate/Routing/Router.php(480): Illuminate\\Routing\\Router->loadRoutes()
#2 /home/debian/VivaBioApp/vendor/laravel/framework/src/Illuminate/Routing/RouteRegistrar.php(210): Illuminate\\Routing\\Router->group()
#3 /home/debian/VivaBioApp/vendor/laravel/framework/src/Illuminate/Foundation/Configuration/ApplicationBuilder.php(248): Illuminate\\Routing\\RouteRegistrar->group()
#4 /home/debian/VivaBioApp/vendor/laravel/framework/src/Illuminate/Container/BoundMethod.php(36): Illuminate\\Foundation\\Configuration\\ApplicationBuilder->Illuminate\\Foundation\\Configuration\\{closure}()
#5 /home/debian/VivaBioApp/vendor/laravel/framework/src/Illuminate/Container/Util.php(43): Illuminate\\Container\\BoundMethod::Illuminate\\Container\\{closure}()
#6 /home/debian/VivaBioApp/vendor/laravel/framework/src/Illuminate/Container/BoundMethod.php(84): Illuminate\\Container\\Util::unwrapIfClosure()
#7 /home/debian/VivaBioApp/vendor/laravel/framework/src/Illuminate/Container/BoundMethod.php(35): Illuminate\\Container\\BoundMethod::callBoundMethod()
#8 /home/debian/VivaBioApp/vendor/laravel/framework/src/Illuminate/Container/Container.php(836): Illuminate\\Container\\BoundMethod::call()
#9 /home/debian/VivaBioApp/vendor/laravel/framework/src/Illuminate/Foundation/Support/Providers/RouteServiceProvider.php(162): Illuminate\\Container\\Container->call()
#10 /home/debian/VivaBioApp/vendor/laravel/framework/src/Illuminate/Foundation/Support/Providers/RouteServiceProvider.php(59): Illuminate\\Foundation\\Support\\Providers\\RouteServiceProvider->loadRoutes()
#11 /home/debian/VivaBioApp/vendor/laravel/framework/src/Illuminate/Container/BoundMethod.php(36): Illuminate\\Foundation\\Support\\Providers\\RouteServiceProvider->Illuminate\\Foundation\\Support\\Providers\\{closure}()
#12 /home/debian/VivaBioApp/vendor/laravel/framework/src/Illuminate/Container/Util.php(43): Illuminate\\Container\\BoundMethod::Illuminate\\Container\\{closure}()
#13 /home/debian/VivaBioApp/vendor/laravel/framework/src/Illuminate/Container/BoundMethod.php(84): Illuminate\\Container\\Util::unwrapIfClosure()
#14 /home/debian/VivaBioApp/vendor/laravel/framework/src/Illuminate/Container/BoundMethod.php(35): Illuminate\\Container\\BoundMethod::callBoundMethod()
#15 /home/debian/VivaBioApp/vendor/laravel/framework/src/Illuminate/Container/Container.php(836): Illuminate\\Container\\BoundMethod::call()
#16 /home/debian/VivaBioApp/vendor/laravel/framework/src/Illuminate/Support/ServiceProvider.php(143): Illuminate\\Container\\Container->call()
#17 /home/debian/VivaBioApp/vendor/laravel/framework/src/Illuminate/Foundation/Application.php(1154): Illuminate\\Support\\ServiceProvider->callBootedCallbacks()
#18 /home/debian/VivaBioApp/vendor/laravel/framework/src/Illuminate/Foundation/Application.php(1132): Illuminate\\Foundation\\Application->bootProvider()
#19 [internal function]: Illuminate\\Foundation\\Application->Illuminate\\Foundation\\{closure}()
#20 /home/debian/VivaBioApp/vendor/laravel/framework/src/Illuminate/Foundation/Application.php(1131): array_walk()
#21 /home/debian/VivaBioApp/vendor/laravel/framework/src/Illuminate/Foundation/Bootstrap/BootProviders.php(17): Illuminate\\Foundation\\Application->boot()
#22 /home/debian/VivaBioApp/vendor/laravel/framework/src/Illuminate/Foundation/Application.php(342): Illuminate\\Foundation\\Bootstrap\\BootProviders->bootstrap()
#23 /home/debian/VivaBioApp/vendor/laravel/framework/src/Illuminate/Foundation/Console/Kernel.php(473): Illuminate\\Foundation\\Application->bootstrapWith()
#24 /home/debian/VivaBioApp/vendor/laravel/framework/src/Illuminate/Foundation/Console/Kernel.php(195): Illuminate\\Foundation\\Console\\Kernel->bootstrap()
#25 Command line code(1): Illuminate\\Foundation\\Console\\Kernel->handle()
#26 {main}
"} 
[2025-10-31 18:28:28] local.ERROR: syntax error, unexpected token "function", expecting ")" {"exception":"[object] (ParseError(code: 0): syntax error, unexpected token \"function\", expecting \")\" at /home/debian/VivaBioApp/routes/web.php:103)
[stacktrace]
#0 /home/debian/VivaBioApp/vendor/laravel/framework/src/Illuminate/Routing/Router.php(526): Illuminate\\Routing\\RouteFileRegistrar->register()
#1 /home/debian/VivaBioApp/vendor/laravel/framework/src/Illuminate/Routing/Router.php(480): Illuminate\\Routing\\Router->loadRoutes()
#2 /home/debian/VivaBioApp/vendor/laravel/framework/src/Illuminate/Routing/RouteRegistrar.php(210): Illuminate\\Routing\\Router->group()
#3 /home/debian/VivaBioApp/vendor/laravel/framework/src/Illuminate/Foundation/Configuration/ApplicationBuilder.php(248): Illuminate\\Routing\\RouteRegistrar->group()
#4 /home/debian/VivaBioApp/vendor/laravel/framework/src/Illuminate/Container/BoundMethod.php(36): Illuminate\\Foundation\\Configuration\\ApplicationBuilder->Illuminate\\Foundation\\Configuration\\{closure}()
#5 /home/debian/VivaBioApp/vendor/laravel/framework/src/Illuminate/Container/Util.php(43): Illuminate\\Container\\BoundMethod::Illuminate\\Container\\{closure}()
#6 /home/debian/VivaBioApp/vendor/laravel/framework/src/Illuminate/Container/BoundMethod.php(84): Illuminate\\Container\\Util::unwrapIfClosure()
#7 /home/debian/VivaBioApp/vendor/laravel/framework/src/Illuminate/Container/BoundMethod.php(35): Illuminate\\Container\\BoundMethod::callBoundMethod()
#8 /home/debian/VivaBioApp/vendor/laravel/framework/src/Illuminate/Container/Container.php(836): Illuminate\\Container\\BoundMethod::call()
#9 /home/debian/VivaBioApp/vendor/laravel/framework/src/Illuminate/Foundation/Support/Providers/RouteServiceProvider.php(162): Illuminate\\Container\\Container->call()
#10 /home/debian/VivaBioApp/vendor/laravel/framework/src/Illuminate/Foundation/Support/Providers/RouteServiceProvider.php(59): Illuminate\\Foundation\\Support\\Providers\\RouteServiceProvider->loadRoutes()
#11 /home/debian/VivaBioApp/vendor/laravel/framework/src/Illuminate/Container/BoundMethod.php(36): Illuminate\\Foundation\\Support\\Providers\\RouteServiceProvider->Illuminate\\Foundation\\Support\\Providers\\{closure}()
#12 /home/debian/VivaBioApp/vendor/laravel/framework/src/Illuminate/Container/Util.php(43): Illuminate\\Container\\BoundMethod::Illuminate\\Container\\{closure}()
#13 /home/debian/VivaBioApp/vendor/laravel/framework/src/Illuminate/Container/BoundMethod.php(84): Illuminate\\Container\\Util::unwrapIfClosure()
#14 /home/debian/VivaBioApp/vendor/laravel/framework/src/Illuminate/Container/BoundMethod.php(35): Illuminate\\Container\\BoundMethod::callBoundMethod()
#15 /home/debian/VivaBioApp/vendor/laravel/framework/src/Illuminate/Container/Container.php(836): Illuminate\\Container\\BoundMethod::call()
#16 /home/debian/VivaBioApp/vendor/laravel/framework/src/Illuminate/Support/ServiceProvider.php(143): Illuminate\\Container\\Container->call()
#17 /home/debian/VivaBioApp/vendor/laravel/framework/src/Illuminate/Foundation/Application.php(1154): Illuminate\\Support\\ServiceProvider->callBootedCallbacks()
#18 /home/debian/VivaBioApp/vendor/laravel/framework/src/Illuminate/Foundation/Application.php(1132): Illuminate\\Foundation\\Application->bootProvider()
#19 [internal function]: Illuminate\\Foundation\\Application->Illuminate\\Foundation\\{closure}()
#20 /home/debian/VivaBioApp/vendor/laravel/framework/src/Illuminate/Foundation/Application.php(1131): array_walk()
#21 /home/debian/VivaBioApp/vendor/laravel/framework/src/Illuminate/Foundation/Bootstrap/BootProviders.php(17): Illuminate\\Foundation\\Application->boot()
#22 /home/debian/VivaBioApp/vendor/laravel/framework/src/Illuminate/Foundation/Application.php(342): Illuminate\\Foundation\\Bootstrap\\BootProviders->bootstrap()
#23 /home/debian/VivaBioApp/vendor/laravel/framework/src/Illuminate/Foundation/Console/Kernel.php(473): Illuminate\\Foundation\\Application->bootstrapWith()
#24 /home/debian/VivaBioApp/vendor/laravel/framework/src/Illuminate/Foundation/Console/Kernel.php(195): Illuminate\\Foundation\\Console\\Kernel->bootstrap()
#25 Command line code(1): Illuminate\\Foundation\\Console\\Kernel->handle()
#26 {main}
"} 
[2025-10-31 18:28:28] local.ERROR: syntax error, unexpected token "function", expecting ")" {"exception":"[object] (ParseError(code: 0): syntax error, unexpected token \"function\", expecting \")\" at /home/debian/VivaBioApp/routes/web.php:103)
[stacktrace]
#0 /home/debian/VivaBioApp/vendor/laravel/framework/src/Illuminate/Routing/Router.php(526): Illuminate\\Routing\\RouteFileRegistrar->register()
#1 /home/debian/VivaBioApp/vendor/laravel/framework/src/Illuminate/Routing/Router.php(480): Illuminate\\Routing\\Router->loadRoutes()
#2 /home/debian/VivaBioApp/vendor/laravel/framework/src/Illuminate/Routing/RouteRegistrar.php(210): Illuminate\\Routing\\Router->group()
#3 /home/debian/VivaBioApp/vendor/laravel/framework/src/Illuminate/Foundation/Configuration/ApplicationBuilder.php(248): Illuminate\\Routing\\RouteRegistrar->group()
#4 /home/debian/VivaBioApp/vendor/laravel/framework/src/Illuminate/Container/BoundMethod.php(36): Illuminate\\Foundation\\Configuration\\ApplicationBuilder->Illuminate\\Foundation\\Configuration\\{closure}()
#5 /home/debian/VivaBioApp/vendor/laravel/framework/src/Illuminate/Container/Util.php(43): Illuminate\\Container\\BoundMethod::Illuminate\\Container\\{closure}()
#6 /home/debian/VivaBioApp/vendor/laravel/framework/src/Illuminate/Container/BoundMethod.php(84): Illuminate\\Container\\Util::unwrapIfClosure()
#7 /home/debian/VivaBioApp/vendor/laravel/framework/src/Illuminate/Container/BoundMethod.php(35): Illuminate\\Container\\BoundMethod::callBoundMethod()
#8 /home/debian/VivaBioApp/vendor/laravel/framework/src/Illuminate/Container/Container.php(836): Illuminate\\Container\\BoundMethod::call()
#9 /home/debian/VivaBioApp/vendor/laravel/framework/src/Illuminate/Foundation/Support/Providers/RouteServiceProvider.php(162): Illuminate\\Container\\Container->call()
#10 /home/debian/VivaBioApp/vendor/laravel/framework/src/Illuminate/Foundation/Support/Providers/RouteServiceProvider.php(59): Illuminate\\Foundation\\Support\\Providers\\RouteServiceProvider->loadRoutes()
#11 /home/debian/VivaBioApp/vendor/laravel/framework/src/Illuminate/Container/BoundMethod.php(36): Illuminate\\Foundation\\Support\\Providers\\RouteServiceProvider->Illuminate\\Foundation\\Support\\Providers\\{closure}()
#12 /home/debian/VivaBioApp/vendor/laravel/framework/src/Illuminate/Container/Util.php(43): Illuminate\\Container\\BoundMethod::Illuminate\\Container\\{closure}()
#13 /home/debian/VivaBioApp/vendor/laravel/framework/src/Illuminate/Container/BoundMethod.php(84): Illuminate\\Container\\Util::unwrapIfClosure()
#14 /home/debian/VivaBioApp/vendor/laravel/framework/src/Illuminate/Container/BoundMethod.php(35): Illuminate\\Container\\BoundMethod::callBoundMethod()
#15 /home/debian/VivaBioApp/vendor/laravel/framework/src/Illuminate/Container/Container.php(836): Illuminate\\Container\\BoundMethod::call()
#16 /home/debian/VivaBioApp/vendor/laravel/framework/src/Illuminate/Support/ServiceProvider.php(143): Illuminate\\Container\\Container->call()
#17 /home/debian/VivaBioApp/vendor/laravel/framework/src/Illuminate/Foundation/Application.php(1154): Illuminate\\Support\\ServiceProvider->callBootedCallbacks()
#18 /home/debian/VivaBioApp/vendor/laravel/framework/src/Illuminate/Foundation/Application.php(1132): Illuminate\\Foundation\\Application->bootProvider()
#19 [internal function]: Illuminate\\Foundation\\Application->Illuminate\\Foundation\\{closure}()
#20 /home/debian/VivaBioApp/vendor/laravel/framework/src/Illuminate/Foundation/Application.php(1131): array_walk()
#21 /home/debian/VivaBioApp/vendor/laravel/framework/src/Illuminate/Foundation/Bootstrap/BootProviders.php(17): Illuminate\\Foundation\\Application->boot()
#22 /home/debian/VivaBioApp/vendor/laravel/framework/src/Illuminate/Foundation/Application.php(342): Illuminate\\Foundation\\Bootstrap\\BootProviders->bootstrap()
#23 /home/debian/VivaBioApp/vendor/laravel/framework/src/Illuminate/Foundation/Console/Kernel.php(473): Illuminate\\Foundation\\Application->bootstrapWith()
#24 /home/debian/VivaBioApp/vendor/laravel/framework/src/Illuminate/Foundation/Console/Kernel.php(195): Illuminate\\Foundation\\Console\\Kernel->bootstrap()
#25 Command line code(1): Illuminate\\Foundation\\Console\\Kernel->handle()
#26 {main}
"} 
[2025-10-31 18:29:28] local.ERROR: syntax error, unexpected token "function", expecting ")" {"exception":"[object] (ParseError(code: 0): syntax error, unexpected token \"function\", expecting \")\" at /home/debian/VivaBioApp/routes/web.php:103)
[stacktrace]
#0 /home/debian/VivaBioApp/vendor/laravel/framework/src/Illuminate/Routing/Router.php(526): Illuminate\\Routing\\RouteFileRegistrar->register()
#1 /home/debian/VivaBioApp/vendor/laravel/framework/src/Illuminate/Routing/Router.php(480): Illuminate\\Routing\\Router->loadRoutes()
#2 /home/debian/VivaBioApp/vendor/laravel/framework/src/Illuminate/Routing/RouteRegistrar.php(210): Illuminate\\Routing\\Router->group()
#3 /home/debian/VivaBioApp/vendor/laravel/framework/src/Illuminate/Foundation/Configuration/ApplicationBuilder.php(248): Illuminate\\Routing\\RouteRegistrar->group()
#4 /home/debian/VivaBioApp/vendor/laravel/framework/src/Illuminate/Container/BoundMethod.php(36): Illuminate\\Foundation\\Configuration\\ApplicationBuilder->Illuminate\\Foundation\\Configuration\\{closure}()
#5 /home/debian/VivaBioApp/vendor/laravel/framework/src/Illuminate/Container/Util.php(43): Illuminate\\Container\\BoundMethod::Illuminate\\Container\\{closure}()
#6 /home/debian/VivaBioApp/vendor/laravel/framework/src/Illuminate/Container/BoundMethod.php(84): Illuminate\\Container\\Util::unwrapIfClosure()
#7 /home/debian/VivaBioApp/vendor/laravel/framework/src/Illuminate/Container/BoundMethod.php(35): Illuminate\\Container\\BoundMethod::callBoundMethod()
#8 /home/debian/VivaBioApp/vendor/laravel/framework/src/Illuminate/Container/Container.php(836): Illuminate\\Container\\BoundMethod::call()
#9 /home/debian/VivaBioApp/vendor/laravel/framework/src/Illuminate/Foundation/Support/Providers/RouteServiceProvider.php(162): Illuminate\\Container\\Container->call()
#10 /home/debian/VivaBioApp/vendor/laravel/framework/src/Illuminate/Foundation/Support/Providers/RouteServiceProvider.php(59): Illuminate\\Foundation\\Support\\Providers\\RouteServiceProvider->loadRoutes()
#11 /home/debian/VivaBioApp/vendor/laravel/framework/src/Illuminate/Container/BoundMethod.php(36): Illuminate\\Foundation\\Support\\Providers\\RouteServiceProvider->Illuminate\\Foundation\\Support\\Providers\\{closure}()
#12 /home/debian/VivaBioApp/vendor/laravel/framework/src/Illuminate/Container/Util.php(43): Illuminate\\Container\\BoundMethod::Illuminate\\Container\\{closure}()
#13 /home/debian/VivaBioApp/vendor/laravel/framework/src/Illuminate/Container/BoundMethod.php(84): Illuminate\\Container\\Util::unwrapIfClosure()
#14 /home/debian/VivaBioApp/vendor/laravel/framework/src/Illuminate/Container/BoundMethod.php(35): Illuminate\\Container\\BoundMethod::callBoundMethod()
#15 /home/debian/VivaBioApp/vendor/laravel/framework/src/Illuminate/Container/Container.php(836): Illuminate\\Container\\BoundMethod::call()
#16 /home/debian/VivaBioApp/vendor/laravel/framework/src/Illuminate/Support/ServiceProvider.php(143): Illuminate\\Container\\Container->call()
#17 /home/debian/VivaBioApp/vendor/laravel/framework/src/Illuminate/Foundation/Application.php(1154): Illuminate\\Support\\ServiceProvider->callBootedCallbacks()
#18 /home/debian/VivaBioApp/vendor/laravel/framework/src/Illuminate/Foundation/Application.php(1132): Illuminate\\Foundation\\Application->bootProvider()
#19 [internal function]: Illuminate\\Foundation\\Application->Illuminate\\Foundation\\{closure}()
#20 /home/debian/VivaBioApp/vendor/laravel/framework/src/Illuminate/Foundation/Application.php(1131): array_walk()
#21 /home/debian/VivaBioApp/vendor/laravel/framework/src/Illuminate/Foundation/Bootstrap/BootProviders.php(17): Illuminate\\Foundation\\Application->boot()
#22 /home/debian/VivaBioApp/vendor/laravel/framework/src/Illuminate/Foundation/Application.php(342): Illuminate\\Foundation\\Bootstrap\\BootProviders->bootstrap()
#23 /home/debian/VivaBioApp/vendor/laravel/framework/src/Illuminate/Foundation/Console/Kernel.php(473): Illuminate\\Foundation\\Application->bootstrapWith()
#24 /home/debian/VivaBioApp/vendor/laravel/framework/src/Illuminate/Foundation/Console/Kernel.php(195): Illuminate\\Foundation\\Console\\Kernel->bootstrap()
#25 Command line code(1): Illuminate\\Foundation\\Console\\Kernel->handle()
#26 {main}
"} 
[2025-10-31 18:29:28] local.ERROR: syntax error, unexpected token "function", expecting ")" {"exception":"[object] (ParseError(code: 0): syntax error, unexpected token \"function\", expecting \")\" at /home/debian/VivaBioApp/routes/web.php:103)
[stacktrace]
#0 /home/debian/VivaBioApp/vendor/laravel/framework/src/Illuminate/Routing/Router.php(526): Illuminate\\Routing\\RouteFileRegistrar->register()
#1 /home/debian/VivaBioApp/vendor/laravel/framework/src/Illuminate/Routing/Router.php(480): Illuminate\\Routing\\Router->loadRoutes()
#2 /home/debian/VivaBioApp/vendor/laravel/framework/src/Illuminate/Routing/RouteRegistrar.php(210): Illuminate\\Routing\\Router->group()
#3 /home/debian/VivaBioApp/vendor/laravel/framework/src/Illuminate/Foundation/Configuration/ApplicationBuilder.php(248): Illuminate\\Routing\\RouteRegistrar->group()
#4 /home/debian/VivaBioApp/vendor/laravel/framework/src/Illuminate/Container/BoundMethod.php(36): Illuminate\\Foundation\\Configuration\\ApplicationBuilder->Illuminate\\Foundation\\Configuration\\{closure}()
#5 /home/debian/VivaBioApp/vendor/laravel/framework/src/Illuminate/Container/Util.php(43): Illuminate\\Container\\BoundMethod::Illuminate\\Container\\{closure}()
#6 /home/debian/VivaBioApp/vendor/laravel/framework/src/Illuminate/Container/BoundMethod.php(84): Illuminate\\Container\\Util::unwrapIfClosure()
#7 /home/debian/VivaBioApp/vendor/laravel/framework/src/Illuminate/Container/BoundMethod.php(35): Illuminate\\Container\\BoundMethod::callBoundMethod()
#8 /home/debian/VivaBioApp/vendor/laravel/framework/src/Illuminate/Container/Container.php(836): Illuminate\\Container\\BoundMethod::call()
#9 /home/debian/VivaBioApp/vendor/laravel/framework/src/Illuminate/Foundation/Support/Providers/RouteServiceProvider.php(162): Illuminate\\Container\\Container->call()
#10 /home/debian/VivaBioApp/vendor/laravel/framework/src/Illuminate/Foundation/Support/Providers/RouteServiceProvider.php(59): Illuminate\\Foundation\\Support\\Providers\\RouteServiceProvider->loadRoutes()
#11 /home/debian/VivaBioApp/vendor/laravel/framework/src/Illuminate/Container/BoundMethod.php(36): Illuminate\\Foundation\\Support\\Providers\\RouteServiceProvider->Illuminate\\Foundation\\Support\\Providers\\{closure}()
#12 /home/debian/VivaBioApp/vendor/laravel/framework/src/Illuminate/Container/Util.php(43): Illuminate\\Container\\BoundMethod::Illuminate\\Container\\{closure}()
#13 /home/debian/VivaBioApp/vendor/laravel/framework/src/Illuminate/Container/BoundMethod.php(84): Illuminate\\Container\\Util::unwrapIfClosure()
#14 /home/debian/VivaBioApp/vendor/laravel/framework/src/Illuminate/Container/BoundMethod.php(35): Illuminate\\Container\\BoundMethod::callBoundMethod()
#15 /home/debian/VivaBioApp/vendor/laravel/framework/src/Illuminate/Container/Container.php(836): Illuminate\\Container\\BoundMethod::call()
#16 /home/debian/VivaBioApp/vendor/laravel/framework/src/Illuminate/Support/ServiceProvider.php(143): Illuminate\\Container\\Container->call()
#17 /home/debian/VivaBioApp/vendor/laravel/framework/src/Illuminate/Foundation/Application.php(1154): Illuminate\\Support\\ServiceProvider->callBootedCallbacks()
#18 /home/debian/VivaBioApp/vendor/laravel/framework/src/Illuminate/Foundation/Application.php(1132): Illuminate\\Foundation\\Application->bootProvider()
#19 [internal function]: Illuminate\\Foundation\\Application->Illuminate\\Foundation\\{closure}()
#20 /home/debian/VivaBioApp/vendor/laravel/framework/src/Illuminate/Foundation/Application.php(1131): array_walk()
#21 /home/debian/VivaBioApp/vendor/laravel/framework/src/Illuminate/Foundation/Bootstrap/BootProviders.php(17): Illuminate\\Foundation\\Application->boot()
#22 /home/debian/VivaBioApp/vendor/laravel/framework/src/Illuminate/Foundation/Application.php(342): Illuminate\\Foundation\\Bootstrap\\BootProviders->bootstrap()
#23 /home/debian/VivaBioApp/vendor/laravel/framework/src/Illuminate/Foundation/Console/Kernel.php(473): Illuminate\\Foundation\\Application->bootstrapWith()
#24 /home/debian/VivaBioApp/vendor/laravel/framework/src/Illuminate/Foundation/Console/Kernel.php(195): Illuminate\\Foundation\\Console\\Kernel->bootstrap()
#25 Command line code(1): Illuminate\\Foundation\\Console\\Kernel->handle()
#26 {main}
"} 
[2025-10-31 18:30:28] local.ERROR: syntax error, unexpected token "function", expecting ")" {"exception":"[object] (ParseError(code: 0): syntax error, unexpected token \"function\", expecting \")\" at /home/debian/VivaBioApp/routes/web.php:103)
[stacktrace]
#0 /home/debian/VivaBioApp/vendor/laravel/framework/src/Illuminate/Routing/Router.php(526): Illuminate\\Routing\\RouteFileRegistrar->register()
#1 /home/debian/VivaBioApp/vendor/laravel/framework/src/Illuminate/Routing/Router.php(480): Illuminate\\Routing\\Router->loadRoutes()
#2 /home/debian/VivaBioApp/vendor/laravel/framework/src/Illuminate/Routing/RouteRegistrar.php(210): Illuminate\\Routing\\Router->group()
#3 /home/debian/VivaBioApp/vendor/laravel/framework/src/Illuminate/Foundation/Configuration/ApplicationBuilder.php(248): Illuminate\\Routing\\RouteRegistrar->group()
#4 /home/debian/VivaBioApp/vendor/laravel/framework/src/Illuminate/Container/BoundMethod.php(36): Illuminate\\Foundation\\Configuration\\ApplicationBuilder->Illuminate\\Foundation\\Configuration\\{closure}()
#5 /home/debian/VivaBioApp/vendor/laravel/framework/src/Illuminate/Container/Util.php(43): Illuminate\\Container\\BoundMethod::Illuminate\\Container\\{closure}()
#6 /home/debian/VivaBioApp/vendor/laravel/framework/src/Illuminate/Container/BoundMethod.php(84): Illuminate\\Container\\Util::unwrapIfClosure()
#7 /home/debian/VivaBioApp/vendor/laravel/framework/src/Illuminate/Container/BoundMethod.php(35): Illuminate\\Container\\BoundMethod::callBoundMethod()
#8 /home/debian/VivaBioApp/vendor/laravel/framework/src/Illuminate/Container/Container.php(836): Illuminate\\Container\\BoundMethod::call()
#9 /home/debian/VivaBioApp/vendor/laravel/framework/src/Illuminate/Foundation/Support/Providers/RouteServiceProvider.php(162): Illuminate\\Container\\Container->call()
#10 /home/debian/VivaBioApp/vendor/laravel/framework/src/Illuminate/Foundation/Support/Providers/RouteServiceProvider.php(59): Illuminate\\Foundation\\Support\\Providers\\RouteServiceProvider->loadRoutes()
#11 /home/debian/VivaBioApp/vendor/laravel/framework/src/Illuminate/Container/BoundMethod.php(36): Illuminate\\Foundation\\Support\\Providers\\RouteServiceProvider->Illuminate\\Foundation\\Support\\Providers\\{closure}()
#12 /home/debian/VivaBioApp/vendor/laravel/framework/src/Illuminate/Container/Util.php(43): Illuminate\\Container\\BoundMethod::Illuminate\\Container\\{closure}()
#13 /home/debian/VivaBioApp/vendor/laravel/framework/src/Illuminate/Container/BoundMethod.php(84): Illuminate\\Container\\Util::unwrapIfClosure()
#14 /home/debian/VivaBioApp/vendor/laravel/framework/src/Illuminate/Container/BoundMethod.php(35): Illuminate\\Container\\BoundMethod::callBoundMethod()
#15 /home/debian/VivaBioApp/vendor/laravel/framework/src/Illuminate/Container/Container.php(836): Illuminate\\Container\\BoundMethod::call()
#16 /home/debian/VivaBioApp/vendor/laravel/framework/src/Illuminate/Support/ServiceProvider.php(143): Illuminate\\Container\\Container->call()
#17 /home/debian/VivaBioApp/vendor/laravel/framework/src/Illuminate/Foundation/Application.php(1154): Illuminate\\Support\\ServiceProvider->callBootedCallbacks()
#18 /home/debian/VivaBioApp/vendor/laravel/framework/src/Illuminate/Foundation/Application.php(1132): Illuminate\\Foundation\\Application->bootProvider()
#19 [internal function]: Illuminate\\Foundation\\Application->Illuminate\\Foundation\\{closure}()
#20 /home/debian/VivaBioApp/vendor/laravel/framework/src/Illuminate/Foundation/Application.php(1131): array_walk()
#21 /home/debian/VivaBioApp/vendor/laravel/framework/src/Illuminate/Foundation/Bootstrap/BootProviders.php(17): Illuminate\\Foundation\\Application->boot()
#22 /home/debian/VivaBioApp/vendor/laravel/framework/src/Illuminate/Foundation/Application.php(342): Illuminate\\Foundation\\Bootstrap\\BootProviders->bootstrap()
#23 /home/debian/VivaBioApp/vendor/laravel/framework/src/Illuminate/Foundation/Console/Kernel.php(473): Illuminate\\Foundation\\Application->bootstrapWith()
#24 /home/debian/VivaBioApp/vendor/laravel/framework/src/Illuminate/Foundation/Console/Kernel.php(195): Illuminate\\Foundation\\Console\\Kernel->bootstrap()
#25 Command line code(1): Illuminate\\Foundation\\Console\\Kernel->handle()
#26 {main}
"} 
[2025-10-31 18:30:28] local.ERROR: syntax error, unexpected token "function", expecting ")" {"exception":"[object] (ParseError(code: 0): syntax error, unexpected token \"function\", expecting \")\" at /home/debian/VivaBioApp/routes/web.php:103)
[stacktrace]
#0 /home/debian/VivaBioApp/vendor/laravel/framework/src/Illuminate/Routing/Router.php(526): Illuminate\\Routing\\RouteFileRegistrar->register()
#1 /home/debian/VivaBioApp/vendor/laravel/framework/src/Illuminate/Routing/Router.php(480): Illuminate\\Routing\\Router->loadRoutes()
#2 /home/debian/VivaBioApp/vendor/laravel/framework/src/Illuminate/Routing/RouteRegistrar.php(210): Illuminate\\Routing\\Router->group()
#3 /home/debian/VivaBioApp/vendor/laravel/framework/src/Illuminate/Foundation/Configuration/ApplicationBuilder.php(248): Illuminate\\Routing\\RouteRegistrar->group()
#4 /home/debian/VivaBioApp/vendor/laravel/framework/src/Illuminate/Container/BoundMethod.php(36): Illuminate\\Foundation\\Configuration\\ApplicationBuilder->Illuminate\\Foundation\\Configuration\\{closure}()
#5 /home/debian/VivaBioApp/vendor/laravel/framework/src/Illuminate/Container/Util.php(43): Illuminate\\Container\\BoundMethod::Illuminate\\Container\\{closure}()
#6 /home/debian/VivaBioApp/vendor/laravel/framework/src/Illuminate/Container/BoundMethod.php(84): Illuminate\\Container\\Util::unwrapIfClosure()
#7 /home/debian/VivaBioApp/vendor/laravel/framework/src/Illuminate/Container/BoundMethod.php(35): Illuminate\\Container\\BoundMethod::callBoundMethod()
#8 /home/debian/VivaBioApp/vendor/laravel/framework/src/Illuminate/Container/Container.php(836): Illuminate\\Container\\BoundMethod::call()
#9 /home/debian/VivaBioApp/vendor/laravel/framework/src/Illuminate/Foundation/Support/Providers/RouteServiceProvider.php(162): Illuminate\\Container\\Container->call()
#10 /home/debian/VivaBioApp/vendor/laravel/framework/src/Illuminate/Foundation/Support/Providers/RouteServiceProvider.php(59): Illuminate\\Foundation\\Support\\Providers\\RouteServiceProvider->loadRoutes()
#11 /home/debian/VivaBioApp/vendor/laravel/framework/src/Illuminate/Container/BoundMethod.php(36): Illuminate\\Foundation\\Support\\Providers\\RouteServiceProvider->Illuminate\\Foundation\\Support\\Providers\\{closure}()
#12 /home/debian/VivaBioApp/vendor/laravel/framework/src/Illuminate/Container/Util.php(43): Illuminate\\Container\\BoundMethod::Illuminate\\Container\\{closure}()
#13 /home/debian/VivaBioApp/vendor/laravel/framework/src/Illuminate/Container/BoundMethod.php(84): Illuminate\\Container\\Util::unwrapIfClosure()
#14 /home/debian/VivaBioApp/vendor/laravel/framework/src/Illuminate/Container/BoundMethod.php(35): Illuminate\\Container\\BoundMethod::callBoundMethod()
#15 /home/debian/VivaBioApp/vendor/laravel/framework/src/Illuminate/Container/Container.php(836): Illuminate\\Container\\BoundMethod::call()
#16 /home/debian/VivaBioApp/vendor/laravel/framework/src/Illuminate/Support/ServiceProvider.php(143): Illuminate\\Container\\Container->call()
#17 /home/debian/VivaBioApp/vendor/laravel/framework/src/Illuminate/Foundation/Application.php(1154): Illuminate\\Support\\ServiceProvider->callBootedCallbacks()
#18 /home/debian/VivaBioApp/vendor/laravel/framework/src/Illuminate/Foundation/Application.php(1132): Illuminate\\Foundation\\Application->bootProvider()
#19 [internal function]: Illuminate\\Foundation\\Application->Illuminate\\Foundation\\{closure}()
#20 /home/debian/VivaBioApp/vendor/laravel/framework/src/Illuminate/Foundation/Application.php(1131): array_walk()
#21 /home/debian/VivaBioApp/vendor/laravel/framework/src/Illuminate/Foundation/Bootstrap/BootProviders.php(17): Illuminate\\Foundation\\Application->boot()
#22 /home/debian/VivaBioApp/vendor/laravel/framework/src/Illuminate/Foundation/Application.php(342): Illuminate\\Foundation\\Bootstrap\\BootProviders->bootstrap()
#23 /home/debian/VivaBioApp/vendor/laravel/framework/src/Illuminate/Foundation/Console/Kernel.php(473): Illuminate\\Foundation\\Application->bootstrapWith()
#24 /home/debian/VivaBioApp/vendor/laravel/framework/src/Illuminate/Foundation/Console/Kernel.php(195): Illuminate\\Foundation\\Console\\Kernel->bootstrap()
#25 Command line code(1): Illuminate\\Foundation\\Console\\Kernel->handle()
#26 {main}
"} 
[2025-10-31 18:31:28] local.ERROR: syntax error, unexpected token "function", expecting ")" {"exception":"[object] (ParseError(code: 0): syntax error, unexpected token \"function\", expecting \")\" at /home/debian/VivaBioApp/routes/web.php:103)
[stacktrace]
#0 /home/debian/VivaBioApp/vendor/laravel/framework/src/Illuminate/Routing/Router.php(526): Illuminate\\Routing\\RouteFileRegistrar->register()
#1 /home/debian/VivaBioApp/vendor/laravel/framework/src/Illuminate/Routing/Router.php(480): Illuminate\\Routing\\Router->loadRoutes()
#2 /home/debian/VivaBioApp/vendor/laravel/framework/src/Illuminate/Routing/RouteRegistrar.php(210): Illuminate\\Routing\\Router->group()
#3 /home/debian/VivaBioApp/vendor/laravel/framework/src/Illuminate/Foundation/Configuration/ApplicationBuilder.php(248): Illuminate\\Routing\\RouteRegistrar->group()
#4 /home/debian/VivaBioApp/vendor/laravel/framework/src/Illuminate/Container/BoundMethod.php(36): Illuminate\\Foundation\\Configuration\\ApplicationBuilder->Illuminate\\Foundation\\Configuration\\{closure}()
#5 /home/debian/VivaBioApp/vendor/laravel/framework/src/Illuminate/Container/Util.php(43): Illuminate\\Container\\BoundMethod::Illuminate\\Container\\{closure}()
#6 /home/debian/VivaBioApp/vendor/laravel/framework/src/Illuminate/Container/BoundMethod.php(84): Illuminate\\Container\\Util::unwrapIfClosure()
#7 /home/debian/VivaBioApp/vendor/laravel/framework/src/Illuminate/Container/BoundMethod.php(35): Illuminate\\Container\\BoundMethod::callBoundMethod()
#8 /home/debian/VivaBioApp/vendor/laravel/framework/src/Illuminate/Container/Container.php(836): Illuminate\\Container\\BoundMethod::call()
#9 /home/debian/VivaBioApp/vendor/laravel/framework/src/Illuminate/Foundation/Support/Providers/RouteServiceProvider.php(162): Illuminate\\Container\\Container->call()
#10 /home/debian/VivaBioApp/vendor/laravel/framework/src/Illuminate/Foundation/Support/Providers/RouteServiceProvider.php(59): Illuminate\\Foundation\\Support\\Providers\\RouteServiceProvider->loadRoutes()
#11 /home/debian/VivaBioApp/vendor/laravel/framework/src/Illuminate/Container/BoundMethod.php(36): Illuminate\\Foundation\\Support\\Providers\\RouteServiceProvider->Illuminate\\Foundation\\Support\\Providers\\{closure}()
#12 /home/debian/VivaBioApp/vendor/laravel/framework/src/Illuminate/Container/Util.php(43): Illuminate\\Container\\BoundMethod::Illuminate\\Container\\{closure}()
#13 /home/debian/VivaBioApp/vendor/laravel/framework/src/Illuminate/Container/BoundMethod.php(84): Illuminate\\Container\\Util::unwrapIfClosure()
#14 /home/debian/VivaBioApp/vendor/laravel/framework/src/Illuminate/Container/BoundMethod.php(35): Illuminate\\Container\\BoundMethod::callBoundMethod()
#15 /home/debian/VivaBioApp/vendor/laravel/framework/src/Illuminate/Container/Container.php(836): Illuminate\\Container\\BoundMethod::call()
#16 /home/debian/VivaBioApp/vendor/laravel/framework/src/Illuminate/Support/ServiceProvider.php(143): Illuminate\\Container\\Container->call()
#17 /home/debian/VivaBioApp/vendor/laravel/framework/src/Illuminate/Foundation/Application.php(1154): Illuminate\\Support\\ServiceProvider->callBootedCallbacks()
#18 /home/debian/VivaBioApp/vendor/laravel/framework/src/Illuminate/Foundation/Application.php(1132): Illuminate\\Foundation\\Application->bootProvider()
#19 [internal function]: Illuminate\\Foundation\\Application->Illuminate\\Foundation\\{closure}()
#20 /home/debian/VivaBioApp/vendor/laravel/framework/src/Illuminate/Foundation/Application.php(1131): array_walk()
#21 /home/debian/VivaBioApp/vendor/laravel/framework/src/Illuminate/Foundation/Bootstrap/BootProviders.php(17): Illuminate\\Foundation\\Application->boot()
#22 /home/debian/VivaBioApp/vendor/laravel/framework/src/Illuminate/Foundation/Application.php(342): Illuminate\\Foundation\\Bootstrap\\BootProviders->bootstrap()
#23 /home/debian/VivaBioApp/vendor/laravel/framework/src/Illuminate/Foundation/Console/Kernel.php(473): Illuminate\\Foundation\\Application->bootstrapWith()
#24 /home/debian/VivaBioApp/vendor/laravel/framework/src/Illuminate/Foundation/Console/Kernel.php(195): Illuminate\\Foundation\\Console\\Kernel->bootstrap()
#25 Command line code(1): Illuminate\\Foundation\\Console\\Kernel->handle()
#26 {main}
"} 
[2025-10-31 18:31:28] local.ERROR: syntax error, unexpected token "function", expecting ")" {"exception":"[object] (ParseError(code: 0): syntax error, unexpected token \"function\", expecting \")\" at /home/debian/VivaBioApp/routes/web.php:103)
[stacktrace]
#0 /home/debian/VivaBioApp/vendor/laravel/framework/src/Illuminate/Routing/Router.php(526): Illuminate\\Routing\\RouteFileRegistrar->register()
#1 /home/debian/VivaBioApp/vendor/laravel/framework/src/Illuminate/Routing/Router.php(480): Illuminate\\Routing\\Router->loadRoutes()
#2 /home/debian/VivaBioApp/vendor/laravel/framework/src/Illuminate/Routing/RouteRegistrar.php(210): Illuminate\\Routing\\Router->group()
#3 /home/debian/VivaBioApp/vendor/laravel/framework/src/Illuminate/Foundation/Configuration/ApplicationBuilder.php(248): Illuminate\\Routing\\RouteRegistrar->group()
#4 /home/debian/VivaBioApp/vendor/laravel/framework/src/Illuminate/Container/BoundMethod.php(36): Illuminate\\Foundation\\Configuration\\ApplicationBuilder->Illuminate\\Foundation\\Configuration\\{closure}()
#5 /home/debian/VivaBioApp/vendor/laravel/framework/src/Illuminate/Container/Util.php(43): Illuminate\\Container\\BoundMethod::Illuminate\\Container\\{closure}()
#6 /home/debian/VivaBioApp/vendor/laravel/framework/src/Illuminate/Container/BoundMethod.php(84): Illuminate\\Container\\Util::unwrapIfClosure()
#7 /home/debian/VivaBioApp/vendor/laravel/framework/src/Illuminate/Container/BoundMethod.php(35): Illuminate\\Container\\BoundMethod::callBoundMethod()
#8 /home/debian/VivaBioApp/vendor/laravel/framework/src/Illuminate/Container/Container.php(836): Illuminate\\Container\\BoundMethod::call()
#9 /home/debian/VivaBioApp/vendor/laravel/framework/src/Illuminate/Foundation/Support/Providers/RouteServiceProvider.php(162): Illuminate\\Container\\Container->call()
#10 /home/debian/VivaBioApp/vendor/laravel/framework/src/Illuminate/Foundation/Support/Providers/RouteServiceProvider.php(59): Illuminate\\Foundation\\Support\\Providers\\RouteServiceProvider->loadRoutes()
#11 /home/debian/VivaBioApp/vendor/laravel/framework/src/Illuminate/Container/BoundMethod.php(36): Illuminate\\Foundation\\Support\\Providers\\RouteServiceProvider->Illuminate\\Foundation\\Support\\Providers\\{closure}()
#12 /home/debian/VivaBioApp/vendor/laravel/framework/src/Illuminate/Container/Util.php(43): Illuminate\\Container\\BoundMethod::Illuminate\\Container\\{closure}()
#13 /home/debian/VivaBioApp/vendor/laravel/framework/src/Illuminate/Container/BoundMethod.php(84): Illuminate\\Container\\Util::unwrapIfClosure()
#14 /home/debian/VivaBioApp/vendor/laravel/framework/src/Illuminate/Container/BoundMethod.php(35): Illuminate\\Container\\BoundMethod::callBoundMethod()
#15 /home/debian/VivaBioApp/vendor/laravel/framework/src/Illuminate/Container/Container.php(836): Illuminate\\Container\\BoundMethod::call()
#16 /home/debian/VivaBioApp/vendor/laravel/framework/src/Illuminate/Support/ServiceProvider.php(143): Illuminate\\Container\\Container->call()
#17 /home/debian/VivaBioApp/vendor/laravel/framework/src/Illuminate/Foundation/Application.php(1154): Illuminate\\Support\\ServiceProvider->callBootedCallbacks()
#18 /home/debian/VivaBioApp/vendor/laravel/framework/src/Illuminate/Foundation/Application.php(1132): Illuminate\\Foundation\\Application->bootProvider()
#19 [internal function]: Illuminate\\Foundation\\Application->Illuminate\\Foundation\\{closure}()
#20 /home/debian/VivaBioApp/vendor/laravel/framework/src/Illuminate/Foundation/Application.php(1131): array_walk()
#21 /home/debian/VivaBioApp/vendor/laravel/framework/src/Illuminate/Foundation/Bootstrap/BootProviders.php(17): Illuminate\\Foundation\\Application->boot()
#22 /home/debian/VivaBioApp/vendor/laravel/framework/src/Illuminate/Foundation/Application.php(342): Illuminate\\Foundation\\Bootstrap\\BootProviders->bootstrap()
#23 /home/debian/VivaBioApp/vendor/laravel/framework/src/Illuminate/Foundation/Console/Kernel.php(473): Illuminate\\Foundation\\Application->bootstrapWith()
#24 /home/debian/VivaBioApp/vendor/laravel/framework/src/Illuminate/Foundation/Console/Kernel.php(195): Illuminate\\Foundation\\Console\\Kernel->bootstrap()
#25 Command line code(1): Illuminate\\Foundation\\Console\\Kernel->handle()
#26 {main}
"} 
[2025-10-31 18:32:28] local.ERROR: syntax error, unexpected token "function", expecting ")" {"exception":"[object] (ParseError(code: 0): syntax error, unexpected token \"function\", expecting \")\" at /home/debian/VivaBioApp/routes/web.php:103)
[stacktrace]
#0 /home/debian/VivaBioApp/vendor/laravel/framework/src/Illuminate/Routing/Router.php(526): Illuminate\\Routing\\RouteFileRegistrar->register()
#1 /home/debian/VivaBioApp/vendor/laravel/framework/src/Illuminate/Routing/Router.php(480): Illuminate\\Routing\\Router->loadRoutes()
#2 /home/debian/VivaBioApp/vendor/laravel/framework/src/Illuminate/Routing/RouteRegistrar.php(210): Illuminate\\Routing\\Router->group()
#3 /home/debian/VivaBioApp/vendor/laravel/framework/src/Illuminate/Foundation/Configuration/ApplicationBuilder.php(248): Illuminate\\Routing\\RouteRegistrar->group()
#4 /home/debian/VivaBioApp/vendor/laravel/framework/src/Illuminate/Container/BoundMethod.php(36): Illuminate\\Foundation\\Configuration\\ApplicationBuilder->Illuminate\\Foundation\\Configuration\\{closure}()
#5 /home/debian/VivaBioApp/vendor/laravel/framework/src/Illuminate/Container/Util.php(43): Illuminate\\Container\\BoundMethod::Illuminate\\Container\\{closure}()
#6 /home/debian/VivaBioApp/vendor/laravel/framework/src/Illuminate/Container/BoundMethod.php(84): Illuminate\\Container\\Util::unwrapIfClosure()
#7 /home/debian/VivaBioApp/vendor/laravel/framework/src/Illuminate/Container/BoundMethod.php(35): Illuminate\\Container\\BoundMethod::callBoundMethod()
#8 /home/debian/VivaBioApp/vendor/laravel/framework/src/Illuminate/Container/Container.php(836): Illuminate\\Container\\BoundMethod::call()
#9 /home/debian/VivaBioApp/vendor/laravel/framework/src/Illuminate/Foundation/Support/Providers/RouteServiceProvider.php(162): Illuminate\\Container\\Container->call()
#10 /home/debian/VivaBioApp/vendor/laravel/framework/src/Illuminate/Foundation/Support/Providers/RouteServiceProvider.php(59): Illuminate\\Foundation\\Support\\Providers\\RouteServiceProvider->loadRoutes()
#11 /home/debian/VivaBioApp/vendor/laravel/framework/src/Illuminate/Container/BoundMethod.php(36): Illuminate\\Foundation\\Support\\Providers\\RouteServiceProvider->Illuminate\\Foundation\\Support\\Providers\\{closure}()
#12 /home/debian/VivaBioApp/vendor/laravel/framework/src/Illuminate/Container/Util.php(43): Illuminate\\Container\\BoundMethod::Illuminate\\Container\\{closure}()
#13 /home/debian/VivaBioApp/vendor/laravel/framework/src/Illuminate/Container/BoundMethod.php(84): Illuminate\\Container\\Util::unwrapIfClosure()
#14 /home/debian/VivaBioApp/vendor/laravel/framework/src/Illuminate/Container/BoundMethod.php(35): Illuminate\\Container\\BoundMethod::callBoundMethod()
#15 /home/debian/VivaBioApp/vendor/laravel/framework/src/Illuminate/Container/Container.php(836): Illuminate\\Container\\BoundMethod::call()
#16 /home/debian/VivaBioApp/vendor/laravel/framework/src/Illuminate/Support/ServiceProvider.php(143): Illuminate\\Container\\Container->call()
#17 /home/debian/VivaBioApp/vendor/laravel/framework/src/Illuminate/Foundation/Application.php(1154): Illuminate\\Support\\ServiceProvider->callBootedCallbacks()
#18 /home/debian/VivaBioApp/vendor/laravel/framework/src/Illuminate/Foundation/Application.php(1132): Illuminate\\Foundation\\Application->bootProvider()
#19 [internal function]: Illuminate\\Foundation\\Application->Illuminate\\Foundation\\{closure}()
#20 /home/debian/VivaBioApp/vendor/laravel/framework/src/Illuminate/Foundation/Application.php(1131): array_walk()
#21 /home/debian/VivaBioApp/vendor/laravel/framework/src/Illuminate/Foundation/Bootstrap/BootProviders.php(17): Illuminate\\Foundation\\Application->boot()
#22 /home/debian/VivaBioApp/vendor/laravel/framework/src/Illuminate/Foundation/Application.php(342): Illuminate\\Foundation\\Bootstrap\\BootProviders->bootstrap()
#23 /home/debian/VivaBioApp/vendor/laravel/framework/src/Illuminate/Foundation/Console/Kernel.php(473): Illuminate\\Foundation\\Application->bootstrapWith()
#24 /home/debian/VivaBioApp/vendor/laravel/framework/src/Illuminate/Foundation/Console/Kernel.php(195): Illuminate\\Foundation\\Console\\Kernel->bootstrap()
#25 Command line code(1): Illuminate\\Foundation\\Console\\Kernel->handle()
#26 {main}
"} 
[2025-10-31 18:32:28] local.ERROR: syntax error, unexpected token "function", expecting ")" {"exception":"[object] (ParseError(code: 0): syntax error, unexpected token \"function\", expecting \")\" at /home/debian/VivaBioApp/routes/web.php:103)
[stacktrace]
#0 /home/debian/VivaBioApp/vendor/laravel/framework/src/Illuminate/Routing/Router.php(526): Illuminate\\Routing\\RouteFileRegistrar->register()
#1 /home/debian/VivaBioApp/vendor/laravel/framework/src/Illuminate/Routing/Router.php(480): Illuminate\\Routing\\Router->loadRoutes()
#2 /home/debian/VivaBioApp/vendor/laravel/framework/src/Illuminate/Routing/RouteRegistrar.php(210): Illuminate\\Routing\\Router->group()
#3 /home/debian/VivaBioApp/vendor/laravel/framework/src/Illuminate/Foundation/Configuration/ApplicationBuilder.php(248): Illuminate\\Routing\\RouteRegistrar->group()
#4 /home/debian/VivaBioApp/vendor/laravel/framework/src/Illuminate/Container/BoundMethod.php(36): Illuminate\\Foundation\\Configuration\\ApplicationBuilder->Illuminate\\Foundation\\Configuration\\{closure}()
#5 /home/debian/VivaBioApp/vendor/laravel/framework/src/Illuminate/Container/Util.php(43): Illuminate\\Container\\BoundMethod::Illuminate\\Container\\{closure}()
#6 /home/debian/VivaBioApp/vendor/laravel/framework/src/Illuminate/Container/BoundMethod.php(84): Illuminate\\Container\\Util::unwrapIfClosure()
#7 /home/debian/VivaBioApp/vendor/laravel/framework/src/Illuminate/Container/BoundMethod.php(35): Illuminate\\Container\\BoundMethod::callBoundMethod()
#8 /home/debian/VivaBioApp/vendor/laravel/framework/src/Illuminate/Container/Container.php(836): Illuminate\\Container\\BoundMethod::call()
#9 /home/debian/VivaBioApp/vendor/laravel/framework/src/Illuminate/Foundation/Support/Providers/RouteServiceProvider.php(162): Illuminate\\Container\\Container->call()
#10 /home/debian/VivaBioApp/vendor/laravel/framework/src/Illuminate/Foundation/Support/Providers/RouteServiceProvider.php(59): Illuminate\\Foundation\\Support\\Providers\\RouteServiceProvider->loadRoutes()
#11 /home/debian/VivaBioApp/vendor/laravel/framework/src/Illuminate/Container/BoundMethod.php(36): Illuminate\\Foundation\\Support\\Providers\\RouteServiceProvider->Illuminate\\Foundation\\Support\\Providers\\{closure}()
#12 /home/debian/VivaBioApp/vendor/laravel/framework/src/Illuminate/Container/Util.php(43): Illuminate\\Container\\BoundMethod::Illuminate\\Container\\{closure}()
#13 /home/debian/VivaBioApp/vendor/laravel/framework/src/Illuminate/Container/BoundMethod.php(84): Illuminate\\Container\\Util::unwrapIfClosure()
#14 /home/debian/VivaBioApp/vendor/laravel/framework/src/Illuminate/Container/BoundMethod.php(35): Illuminate\\Container\\BoundMethod::callBoundMethod()
#15 /home/debian/VivaBioApp/vendor/laravel/framework/src/Illuminate/Container/Container.php(836): Illuminate\\Container\\BoundMethod::call()
#16 /home/debian/VivaBioApp/vendor/laravel/framework/src/Illuminate/Support/ServiceProvider.php(143): Illuminate\\Container\\Container->call()
#17 /home/debian/VivaBioApp/vendor/laravel/framework/src/Illuminate/Foundation/Application.php(1154): Illuminate\\Support\\ServiceProvider->callBootedCallbacks()
#18 /home/debian/VivaBioApp/vendor/laravel/framework/src/Illuminate/Foundation/Application.php(1132): Illuminate\\Foundation\\Application->bootProvider()
#19 [internal function]: Illuminate\\Foundation\\Application->Illuminate\\Foundation\\{closure}()
#20 /home/debian/VivaBioApp/vendor/laravel/framework/src/Illuminate/Foundation/Application.php(1131): array_walk()
#21 /home/debian/VivaBioApp/vendor/laravel/framework/src/Illuminate/Foundation/Bootstrap/BootProviders.php(17): Illuminate\\Foundation\\Application->boot()
#22 /home/debian/VivaBioApp/vendor/laravel/framework/src/Illuminate/Foundation/Application.php(342): Illuminate\\Foundation\\Bootstrap\\BootProviders->bootstrap()
#23 /home/debian/VivaBioApp/vendor/laravel/framework/src/Illuminate/Foundation/Console/Kernel.php(473): Illuminate\\Foundation\\Application->bootstrapWith()
#24 /home/debian/VivaBioApp/vendor/laravel/framework/src/Illuminate/Foundation/Console/Kernel.php(195): Illuminate\\Foundation\\Console\\Kernel->bootstrap()
#25 Command line code(1): Illuminate\\Foundation\\Console\\Kernel->handle()
#26 {main}
"} 
[2025-10-31 18:33:28] local.ERROR: syntax error, unexpected token "function", expecting ")" {"exception":"[object] (ParseError(code: 0): syntax error, unexpected token \"function\", expecting \")\" at /home/debian/VivaBioApp/routes/web.php:103)
[stacktrace]
#0 /home/debian/VivaBioApp/vendor/laravel/framework/src/Illuminate/Routing/Router.php(526): Illuminate\\Routing\\RouteFileRegistrar->register()
#1 /home/debian/VivaBioApp/vendor/laravel/framework/src/Illuminate/Routing/Router.php(480): Illuminate\\Routing\\Router->loadRoutes()
#2 /home/debian/VivaBioApp/vendor/laravel/framework/src/Illuminate/Routing/RouteRegistrar.php(210): Illuminate\\Routing\\Router->group()
#3 /home/debian/VivaBioApp/vendor/laravel/framework/src/Illuminate/Foundation/Configuration/ApplicationBuilder.php(248): Illuminate\\Routing\\RouteRegistrar->group()
#4 /home/debian/VivaBioApp/vendor/laravel/framework/src/Illuminate/Container/BoundMethod.php(36): Illuminate\\Foundation\\Configuration\\ApplicationBuilder->Illuminate\\Foundation\\Configuration\\{closure}()
#5 /home/debian/VivaBioApp/vendor/laravel/framework/src/Illuminate/Container/Util.php(43): Illuminate\\Container\\BoundMethod::Illuminate\\Container\\{closure}()
#6 /home/debian/VivaBioApp/vendor/laravel/framework/src/Illuminate/Container/BoundMethod.php(84): Illuminate\\Container\\Util::unwrapIfClosure()
#7 /home/debian/VivaBioApp/vendor/laravel/framework/src/Illuminate/Container/BoundMethod.php(35): Illuminate\\Container\\BoundMethod::callBoundMethod()
#8 /home/debian/VivaBioApp/vendor/laravel/framework/src/Illuminate/Container/Container.php(836): Illuminate\\Container\\BoundMethod::call()
#9 /home/debian/VivaBioApp/vendor/laravel/framework/src/Illuminate/Foundation/Support/Providers/RouteServiceProvider.php(162): Illuminate\\Container\\Container->call()
#10 /home/debian/VivaBioApp/vendor/laravel/framework/src/Illuminate/Foundation/Support/Providers/RouteServiceProvider.php(59): Illuminate\\Foundation\\Support\\Providers\\RouteServiceProvider->loadRoutes()
#11 /home/debian/VivaBioApp/vendor/laravel/framework/src/Illuminate/Container/BoundMethod.php(36): Illuminate\\Foundation\\Support\\Providers\\RouteServiceProvider->Illuminate\\Foundation\\Support\\Providers\\{closure}()
#12 /home/debian/VivaBioApp/vendor/laravel/framework/src/Illuminate/Container/Util.php(43): Illuminate\\Container\\BoundMethod::Illuminate\\Container\\{closure}()
#13 /home/debian/VivaBioApp/vendor/laravel/framework/src/Illuminate/Container/BoundMethod.php(84): Illuminate\\Container\\Util::unwrapIfClosure()
#14 /home/debian/VivaBioApp/vendor/laravel/framework/src/Illuminate/Container/BoundMethod.php(35): Illuminate\\Container\\BoundMethod::callBoundMethod()
#15 /home/debian/VivaBioApp/vendor/laravel/framework/src/Illuminate/Container/Container.php(836): Illuminate\\Container\\BoundMethod::call()
#16 /home/debian/VivaBioApp/vendor/laravel/framework/src/Illuminate/Support/ServiceProvider.php(143): Illuminate\\Container\\Container->call()
#17 /home/debian/VivaBioApp/vendor/laravel/framework/src/Illuminate/Foundation/Application.php(1154): Illuminate\\Support\\ServiceProvider->callBootedCallbacks()
#18 /home/debian/VivaBioApp/vendor/laravel/framework/src/Illuminate/Foundation/Application.php(1132): Illuminate\\Foundation\\Application->bootProvider()
#19 [internal function]: Illuminate\\Foundation\\Application->Illuminate\\Foundation\\{closure}()
#20 /home/debian/VivaBioApp/vendor/laravel/framework/src/Illuminate/Foundation/Application.php(1131): array_walk()
#21 /home/debian/VivaBioApp/vendor/laravel/framework/src/Illuminate/Foundation/Bootstrap/BootProviders.php(17): Illuminate\\Foundation\\Application->boot()
#22 /home/debian/VivaBioApp/vendor/laravel/framework/src/Illuminate/Foundation/Application.php(342): Illuminate\\Foundation\\Bootstrap\\BootProviders->bootstrap()
#23 /home/debian/VivaBioApp/vendor/laravel/framework/src/Illuminate/Foundation/Console/Kernel.php(473): Illuminate\\Foundation\\Application->bootstrapWith()
#24 /home/debian/VivaBioApp/vendor/laravel/framework/src/Illuminate/Foundation/Console/Kernel.php(195): Illuminate\\Foundation\\Console\\Kernel->bootstrap()
#25 Command line code(1): Illuminate\\Foundation\\Console\\Kernel->handle()
#26 {main}
"} 
[2025-10-31 18:33:28] local.ERROR: syntax error, unexpected token "function", expecting ")" {"exception":"[object] (ParseError(code: 0): syntax error, unexpected token \"function\", expecting \")\" at /home/debian/VivaBioApp/routes/web.php:103)
[stacktrace]
#0 /home/debian/VivaBioApp/vendor/laravel/framework/src/Illuminate/Routing/Router.php(526): Illuminate\\Routing\\RouteFileRegistrar->register()
#1 /home/debian/VivaBioApp/vendor/laravel/framework/src/Illuminate/Routing/Router.php(480): Illuminate\\Routing\\Router->loadRoutes()
#2 /home/debian/VivaBioApp/vendor/laravel/framework/src/Illuminate/Routing/RouteRegistrar.php(210): Illuminate\\Routing\\Router->group()
#3 /home/debian/VivaBioApp/vendor/laravel/framework/src/Illuminate/Foundation/Configuration/ApplicationBuilder.php(248): Illuminate\\Routing\\RouteRegistrar->group()
#4 /home/debian/VivaBioApp/vendor/laravel/framework/src/Illuminate/Container/BoundMethod.php(36): Illuminate\\Foundation\\Configuration\\ApplicationBuilder->Illuminate\\Foundation\\Configuration\\{closure}()
#5 /home/debian/VivaBioApp/vendor/laravel/framework/src/Illuminate/Container/Util.php(43): Illuminate\\Container\\BoundMethod::Illuminate\\Container\\{closure}()
#6 /home/debian/VivaBioApp/vendor/laravel/framework/src/Illuminate/Container/BoundMethod.php(84): Illuminate\\Container\\Util::unwrapIfClosure()
#7 /home/debian/VivaBioApp/vendor/laravel/framework/src/Illuminate/Container/BoundMethod.php(35): Illuminate\\Container\\BoundMethod::callBoundMethod()
#8 /home/debian/VivaBioApp/vendor/laravel/framework/src/Illuminate/Container/Container.php(836): Illuminate\\Container\\BoundMethod::call()
#9 /home/debian/VivaBioApp/vendor/laravel/framework/src/Illuminate/Foundation/Support/Providers/RouteServiceProvider.php(162): Illuminate\\Container\\Container->call()
#10 /home/debian/VivaBioApp/vendor/laravel/framework/src/Illuminate/Foundation/Support/Providers/RouteServiceProvider.php(59): Illuminate\\Foundation\\Support\\Providers\\RouteServiceProvider->loadRoutes()
#11 /home/debian/VivaBioApp/vendor/laravel/framework/src/Illuminate/Container/BoundMethod.php(36): Illuminate\\Foundation\\Support\\Providers\\RouteServiceProvider->Illuminate\\Foundation\\Support\\Providers\\{closure}()
#12 /home/debian/VivaBioApp/vendor/laravel/framework/src/Illuminate/Container/Util.php(43): Illuminate\\Container\\BoundMethod::Illuminate\\Container\\{closure}()
#13 /home/debian/VivaBioApp/vendor/laravel/framework/src/Illuminate/Container/BoundMethod.php(84): Illuminate\\Container\\Util::unwrapIfClosure()
#14 /home/debian/VivaBioApp/vendor/laravel/framework/src/Illuminate/Container/BoundMethod.php(35): Illuminate\\Container\\BoundMethod::callBoundMethod()
#15 /home/debian/VivaBioApp/vendor/laravel/framework/src/Illuminate/Container/Container.php(836): Illuminate\\Container\\BoundMethod::call()
#16 /home/debian/VivaBioApp/vendor/laravel/framework/src/Illuminate/Support/ServiceProvider.php(143): Illuminate\\Container\\Container->call()
#17 /home/debian/VivaBioApp/vendor/laravel/framework/src/Illuminate/Foundation/Application.php(1154): Illuminate\\Support\\ServiceProvider->callBootedCallbacks()
#18 /home/debian/VivaBioApp/vendor/laravel/framework/src/Illuminate/Foundation/Application.php(1132): Illuminate\\Foundation\\Application->bootProvider()
#19 [internal function]: Illuminate\\Foundation\\Application->Illuminate\\Foundation\\{closure}()
#20 /home/debian/VivaBioApp/vendor/laravel/framework/src/Illuminate/Foundation/Application.php(1131): array_walk()
#21 /home/debian/VivaBioApp/vendor/laravel/framework/src/Illuminate/Foundation/Bootstrap/BootProviders.php(17): Illuminate\\Foundation\\Application->boot()
#22 /home/debian/VivaBioApp/vendor/laravel/framework/src/Illuminate/Foundation/Application.php(342): Illuminate\\Foundation\\Bootstrap\\BootProviders->bootstrap()
#23 /home/debian/VivaBioApp/vendor/laravel/framework/src/Illuminate/Foundation/Console/Kernel.php(473): Illuminate\\Foundation\\Application->bootstrapWith()
#24 /home/debian/VivaBioApp/vendor/laravel/framework/src/Illuminate/Foundation/Console/Kernel.php(195): Illuminate\\Foundation\\Console\\Kernel->bootstrap()
#25 Command line code(1): Illuminate\\Foundation\\Console\\Kernel->handle()
#26 {main}
"} 
[2025-10-31 18:34:28] local.ERROR: syntax error, unexpected token "function", expecting ")" {"exception":"[object] (ParseError(code: 0): syntax error, unexpected token \"function\", expecting \")\" at /home/debian/VivaBioApp/routes/web.php:103)
[stacktrace]
#0 /home/debian/VivaBioApp/vendor/laravel/framework/src/Illuminate/Routing/Router.php(526): Illuminate\\Routing\\RouteFileRegistrar->register()
#1 /home/debian/VivaBioApp/vendor/laravel/framework/src/Illuminate/Routing/Router.php(480): Illuminate\\Routing\\Router->loadRoutes()
#2 /home/debian/VivaBioApp/vendor/laravel/framework/src/Illuminate/Routing/RouteRegistrar.php(210): Illuminate\\Routing\\Router->group()
#3 /home/debian/VivaBioApp/vendor/laravel/framework/src/Illuminate/Foundation/Configuration/ApplicationBuilder.php(248): Illuminate\\Routing\\RouteRegistrar->group()
#4 /home/debian/VivaBioApp/vendor/laravel/framework/src/Illuminate/Container/BoundMethod.php(36): Illuminate\\Foundation\\Configuration\\ApplicationBuilder->Illuminate\\Foundation\\Configuration\\{closure}()
#5 /home/debian/VivaBioApp/vendor/laravel/framework/src/Illuminate/Container/Util.php(43): Illuminate\\Container\\BoundMethod::Illuminate\\Container\\{closure}()
#6 /home/debian/VivaBioApp/vendor/laravel/framework/src/Illuminate/Container/BoundMethod.php(84): Illuminate\\Container\\Util::unwrapIfClosure()
#7 /home/debian/VivaBioApp/vendor/laravel/framework/src/Illuminate/Container/BoundMethod.php(35): Illuminate\\Container\\BoundMethod::callBoundMethod()
#8 /home/debian/VivaBioApp/vendor/laravel/framework/src/Illuminate/Container/Container.php(836): Illuminate\\Container\\BoundMethod::call()
#9 /home/debian/VivaBioApp/vendor/laravel/framework/src/Illuminate/Foundation/Support/Providers/RouteServiceProvider.php(162): Illuminate\\Container\\Container->call()
#10 /home/debian/VivaBioApp/vendor/laravel/framework/src/Illuminate/Foundation/Support/Providers/RouteServiceProvider.php(59): Illuminate\\Foundation\\Support\\Providers\\RouteServiceProvider->loadRoutes()
#11 /home/debian/VivaBioApp/vendor/laravel/framework/src/Illuminate/Container/BoundMethod.php(36): Illuminate\\Foundation\\Support\\Providers\\RouteServiceProvider->Illuminate\\Foundation\\Support\\Providers\\{closure}()
#12 /home/debian/VivaBioApp/vendor/laravel/framework/src/Illuminate/Container/Util.php(43): Illuminate\\Container\\BoundMethod::Illuminate\\Container\\{closure}()
#13 /home/debian/VivaBioApp/vendor/laravel/framework/src/Illuminate/Container/BoundMethod.php(84): Illuminate\\Container\\Util::unwrapIfClosure()
#14 /home/debian/VivaBioApp/vendor/laravel/framework/src/Illuminate/Container/BoundMethod.php(35): Illuminate\\Container\\BoundMethod::callBoundMethod()
#15 /home/debian/VivaBioApp/vendor/laravel/framework/src/Illuminate/Container/Container.php(836): Illuminate\\Container\\BoundMethod::call()
#16 /home/debian/VivaBioApp/vendor/laravel/framework/src/Illuminate/Support/ServiceProvider.php(143): Illuminate\\Container\\Container->call()
#17 /home/debian/VivaBioApp/vendor/laravel/framework/src/Illuminate/Foundation/Application.php(1154): Illuminate\\Support\\ServiceProvider->callBootedCallbacks()
#18 /home/debian/VivaBioApp/vendor/laravel/framework/src/Illuminate/Foundation/Application.php(1132): Illuminate\\Foundation\\Application->bootProvider()
#19 [internal function]: Illuminate\\Foundation\\Application->Illuminate\\Foundation\\{closure}()
#20 /home/debian/VivaBioApp/vendor/laravel/framework/src/Illuminate/Foundation/Application.php(1131): array_walk()
#21 /home/debian/VivaBioApp/vendor/laravel/framework/src/Illuminate/Foundation/Bootstrap/BootProviders.php(17): Illuminate\\Foundation\\Application->boot()
#22 /home/debian/VivaBioApp/vendor/laravel/framework/src/Illuminate/Foundation/Application.php(342): Illuminate\\Foundation\\Bootstrap\\BootProviders->bootstrap()
#23 /home/debian/VivaBioApp/vendor/laravel/framework/src/Illuminate/Foundation/Console/Kernel.php(473): Illuminate\\Foundation\\Application->bootstrapWith()
#24 /home/debian/VivaBioApp/vendor/laravel/framework/src/Illuminate/Foundation/Console/Kernel.php(195): Illuminate\\Foundation\\Console\\Kernel->bootstrap()
#25 Command line code(1): Illuminate\\Foundation\\Console\\Kernel->handle()
#26 {main}
"} 
[2025-10-31 18:34:28] local.ERROR: syntax error, unexpected token "function", expecting ")" {"exception":"[object] (ParseError(code: 0): syntax error, unexpected token \"function\", expecting \")\" at /home/debian/VivaBioApp/routes/web.php:103)
[stacktrace]
#0 /home/debian/VivaBioApp/vendor/laravel/framework/src/Illuminate/Routing/Router.php(526): Illuminate\\Routing\\RouteFileRegistrar->register()
#1 /home/debian/VivaBioApp/vendor/laravel/framework/src/Illuminate/Routing/Router.php(480): Illuminate\\Routing\\Router->loadRoutes()
#2 /home/debian/VivaBioApp/vendor/laravel/framework/src/Illuminate/Routing/RouteRegistrar.php(210): Illuminate\\Routing\\Router->group()
#3 /home/debian/VivaBioApp/vendor/laravel/framework/src/Illuminate/Foundation/Configuration/ApplicationBuilder.php(248): Illuminate\\Routing\\RouteRegistrar->group()
#4 /home/debian/VivaBioApp/vendor/laravel/framework/src/Illuminate/Container/BoundMethod.php(36): Illuminate\\Foundation\\Configuration\\ApplicationBuilder->Illuminate\\Foundation\\Configuration\\{closure}()
#5 /home/debian/VivaBioApp/vendor/laravel/framework/src/Illuminate/Container/Util.php(43): Illuminate\\Container\\BoundMethod::Illuminate\\Container\\{closure}()
#6 /home/debian/VivaBioApp/vendor/laravel/framework/src/Illuminate/Container/BoundMethod.php(84): Illuminate\\Container\\Util::unwrapIfClosure()
#7 /home/debian/VivaBioApp/vendor/laravel/framework/src/Illuminate/Container/BoundMethod.php(35): Illuminate\\Container\\BoundMethod::callBoundMethod()
#8 /home/debian/VivaBioApp/vendor/laravel/framework/src/Illuminate/Container/Container.php(836): Illuminate\\Container\\BoundMethod::call()
#9 /home/debian/VivaBioApp/vendor/laravel/framework/src/Illuminate/Foundation/Support/Providers/RouteServiceProvider.php(162): Illuminate\\Container\\Container->call()
#10 /home/debian/VivaBioApp/vendor/laravel/framework/src/Illuminate/Foundation/Support/Providers/RouteServiceProvider.php(59): Illuminate\\Foundation\\Support\\Providers\\RouteServiceProvider->loadRoutes()
#11 /home/debian/VivaBioApp/vendor/laravel/framework/src/Illuminate/Container/BoundMethod.php(36): Illuminate\\Foundation\\Support\\Providers\\RouteServiceProvider->Illuminate\\Foundation\\Support\\Providers\\{closure}()
#12 /home/debian/VivaBioApp/vendor/laravel/framework/src/Illuminate/Container/Util.php(43): Illuminate\\Container\\BoundMethod::Illuminate\\Container\\{closure}()
#13 /home/debian/VivaBioApp/vendor/laravel/framework/src/Illuminate/Container/BoundMethod.php(84): Illuminate\\Container\\Util::unwrapIfClosure()
#14 /home/debian/VivaBioApp/vendor/laravel/framework/src/Illuminate/Container/BoundMethod.php(35): Illuminate\\Container\\BoundMethod::callBoundMethod()
#15 /home/debian/VivaBioApp/vendor/laravel/framework/src/Illuminate/Container/Container.php(836): Illuminate\\Container\\BoundMethod::call()
#16 /home/debian/VivaBioApp/vendor/laravel/framework/src/Illuminate/Support/ServiceProvider.php(143): Illuminate\\Container\\Container->call()
#17 /home/debian/VivaBioApp/vendor/laravel/framework/src/Illuminate/Foundation/Application.php(1154): Illuminate\\Support\\ServiceProvider->callBootedCallbacks()
#18 /home/debian/VivaBioApp/vendor/laravel/framework/src/Illuminate/Foundation/Application.php(1132): Illuminate\\Foundation\\Application->bootProvider()
#19 [internal function]: Illuminate\\Foundation\\Application->Illuminate\\Foundation\\{closure}()
#20 /home/debian/VivaBioApp/vendor/laravel/framework/src/Illuminate/Foundation/Application.php(1131): array_walk()
#21 /home/debian/VivaBioApp/vendor/laravel/framework/src/Illuminate/Foundation/Bootstrap/BootProviders.php(17): Illuminate\\Foundation\\Application->boot()
#22 /home/debian/VivaBioApp/vendor/laravel/framework/src/Illuminate/Foundation/Application.php(342): Illuminate\\Foundation\\Bootstrap\\BootProviders->bootstrap()
#23 /home/debian/VivaBioApp/vendor/laravel/framework/src/Illuminate/Foundation/Console/Kernel.php(473): Illuminate\\Foundation\\Application->bootstrapWith()
#24 /home/debian/VivaBioApp/vendor/laravel/framework/src/Illuminate/Foundation/Console/Kernel.php(195): Illuminate\\Foundation\\Console\\Kernel->bootstrap()
#25 Command line code(1): Illuminate\\Foundation\\Console\\Kernel->handle()
#26 {main}
"} 
[2025-10-31 18:35:28] local.ERROR: syntax error, unexpected token "function", expecting ")" {"exception":"[object] (ParseError(code: 0): syntax error, unexpected token \"function\", expecting \")\" at /home/debian/VivaBioApp/routes/web.php:103)
[stacktrace]
#0 /home/debian/VivaBioApp/vendor/laravel/framework/src/Illuminate/Routing/Router.php(526): Illuminate\\Routing\\RouteFileRegistrar->register()
#1 /home/debian/VivaBioApp/vendor/laravel/framework/src/Illuminate/Routing/Router.php(480): Illuminate\\Routing\\Router->loadRoutes()
#2 /home/debian/VivaBioApp/vendor/laravel/framework/src/Illuminate/Routing/RouteRegistrar.php(210): Illuminate\\Routing\\Router->group()
#3 /home/debian/VivaBioApp/vendor/laravel/framework/src/Illuminate/Foundation/Configuration/ApplicationBuilder.php(248): Illuminate\\Routing\\RouteRegistrar->group()
#4 /home/debian/VivaBioApp/vendor/laravel/framework/src/Illuminate/Container/BoundMethod.php(36): Illuminate\\Foundation\\Configuration\\ApplicationBuilder->Illuminate\\Foundation\\Configuration\\{closure}()
#5 /home/debian/VivaBioApp/vendor/laravel/framework/src/Illuminate/Container/Util.php(43): Illuminate\\Container\\BoundMethod::Illuminate\\Container\\{closure}()
#6 /home/debian/VivaBioApp/vendor/laravel/framework/src/Illuminate/Container/BoundMethod.php(84): Illuminate\\Container\\Util::unwrapIfClosure()
#7 /home/debian/VivaBioApp/vendor/laravel/framework/src/Illuminate/Container/BoundMethod.php(35): Illuminate\\Container\\BoundMethod::callBoundMethod()
#8 /home/debian/VivaBioApp/vendor/laravel/framework/src/Illuminate/Container/Container.php(836): Illuminate\\Container\\BoundMethod::call()
#9 /home/debian/VivaBioApp/vendor/laravel/framework/src/Illuminate/Foundation/Support/Providers/RouteServiceProvider.php(162): Illuminate\\Container\\Container->call()
#10 /home/debian/VivaBioApp/vendor/laravel/framework/src/Illuminate/Foundation/Support/Providers/RouteServiceProvider.php(59): Illuminate\\Foundation\\Support\\Providers\\RouteServiceProvider->loadRoutes()
#11 /home/debian/VivaBioApp/vendor/laravel/framework/src/Illuminate/Container/BoundMethod.php(36): Illuminate\\Foundation\\Support\\Providers\\RouteServiceProvider->Illuminate\\Foundation\\Support\\Providers\\{closure}()
#12 /home/debian/VivaBioApp/vendor/laravel/framework/src/Illuminate/Container/Util.php(43): Illuminate\\Container\\BoundMethod::Illuminate\\Container\\{closure}()
#13 /home/debian/VivaBioApp/vendor/laravel/framework/src/Illuminate/Container/BoundMethod.php(84): Illuminate\\Container\\Util::unwrapIfClosure()
#14 /home/debian/VivaBioApp/vendor/laravel/framework/src/Illuminate/Container/BoundMethod.php(35): Illuminate\\Container\\BoundMethod::callBoundMethod()
#15 /home/debian/VivaBioApp/vendor/laravel/framework/src/Illuminate/Container/Container.php(836): Illuminate\\Container\\BoundMethod::call()
#16 /home/debian/VivaBioApp/vendor/laravel/framework/src/Illuminate/Support/ServiceProvider.php(143): Illuminate\\Container\\Container->call()
#17 /home/debian/VivaBioApp/vendor/laravel/framework/src/Illuminate/Foundation/Application.php(1154): Illuminate\\Support\\ServiceProvider->callBootedCallbacks()
#18 /home/debian/VivaBioApp/vendor/laravel/framework/src/Illuminate/Foundation/Application.php(1132): Illuminate\\Foundation\\Application->bootProvider()
#19 [internal function]: Illuminate\\Foundation\\Application->Illuminate\\Foundation\\{closure}()
#20 /home/debian/VivaBioApp/vendor/laravel/framework/src/Illuminate/Foundation/Application.php(1131): array_walk()
#21 /home/debian/VivaBioApp/vendor/laravel/framework/src/Illuminate/Foundation/Bootstrap/BootProviders.php(17): Illuminate\\Foundation\\Application->boot()
#22 /home/debian/VivaBioApp/vendor/laravel/framework/src/Illuminate/Foundation/Application.php(342): Illuminate\\Foundation\\Bootstrap\\BootProviders->bootstrap()
#23 /home/debian/VivaBioApp/vendor/laravel/framework/src/Illuminate/Foundation/Console/Kernel.php(473): Illuminate\\Foundation\\Application->bootstrapWith()
#24 /home/debian/VivaBioApp/vendor/laravel/framework/src/Illuminate/Foundation/Console/Kernel.php(195): Illuminate\\Foundation\\Console\\Kernel->bootstrap()
#25 Command line code(1): Illuminate\\Foundation\\Console\\Kernel->handle()
#26 {main}
"} 
[2025-10-31 18:35:28] local.ERROR: syntax error, unexpected token "function", expecting ")" {"exception":"[object] (ParseError(code: 0): syntax error, unexpected token \"function\", expecting \")\" at /home/debian/VivaBioApp/routes/web.php:103)
[stacktrace]
#0 /home/debian/VivaBioApp/vendor/laravel/framework/src/Illuminate/Routing/Router.php(526): Illuminate\\Routing\\RouteFileRegistrar->register()
#1 /home/debian/VivaBioApp/vendor/laravel/framework/src/Illuminate/Routing/Router.php(480): Illuminate\\Routing\\Router->loadRoutes()
#2 /home/debian/VivaBioApp/vendor/laravel/framework/src/Illuminate/Routing/RouteRegistrar.php(210): Illuminate\\Routing\\Router->group()
#3 /home/debian/VivaBioApp/vendor/laravel/framework/src/Illuminate/Foundation/Configuration/ApplicationBuilder.php(248): Illuminate\\Routing\\RouteRegistrar->group()
#4 /home/debian/VivaBioApp/vendor/laravel/framework/src/Illuminate/Container/BoundMethod.php(36): Illuminate\\Foundation\\Configuration\\ApplicationBuilder->Illuminate\\Foundation\\Configuration\\{closure}()
#5 /home/debian/VivaBioApp/vendor/laravel/framework/src/Illuminate/Container/Util.php(43): Illuminate\\Container\\BoundMethod::Illuminate\\Container\\{closure}()
#6 /home/debian/VivaBioApp/vendor/laravel/framework/src/Illuminate/Container/BoundMethod.php(84): Illuminate\\Container\\Util::unwrapIfClosure()
#7 /home/debian/VivaBioApp/vendor/laravel/framework/src/Illuminate/Container/BoundMethod.php(35): Illuminate\\Container\\BoundMethod::callBoundMethod()
#8 /home/debian/VivaBioApp/vendor/laravel/framework/src/Illuminate/Container/Container.php(836): Illuminate\\Container\\BoundMethod::call()
#9 /home/debian/VivaBioApp/vendor/laravel/framework/src/Illuminate/Foundation/Support/Providers/RouteServiceProvider.php(162): Illuminate\\Container\\Container->call()
#10 /home/debian/VivaBioApp/vendor/laravel/framework/src/Illuminate/Foundation/Support/Providers/RouteServiceProvider.php(59): Illuminate\\Foundation\\Support\\Providers\\RouteServiceProvider->loadRoutes()
#11 /home/debian/VivaBioApp/vendor/laravel/framework/src/Illuminate/Container/BoundMethod.php(36): Illuminate\\Foundation\\Support\\Providers\\RouteServiceProvider->Illuminate\\Foundation\\Support\\Providers\\{closure}()
#12 /home/debian/VivaBioApp/vendor/laravel/framework/src/Illuminate/Container/Util.php(43): Illuminate\\Container\\BoundMethod::Illuminate\\Container\\{closure}()
#13 /home/debian/VivaBioApp/vendor/laravel/framework/src/Illuminate/Container/BoundMethod.php(84): Illuminate\\Container\\Util::unwrapIfClosure()
#14 /home/debian/VivaBioApp/vendor/laravel/framework/src/Illuminate/Container/BoundMethod.php(35): Illuminate\\Container\\BoundMethod::callBoundMethod()
#15 /home/debian/VivaBioApp/vendor/laravel/framework/src/Illuminate/Container/Container.php(836): Illuminate\\Container\\BoundMethod::call()
#16 /home/debian/VivaBioApp/vendor/laravel/framework/src/Illuminate/Support/ServiceProvider.php(143): Illuminate\\Container\\Container->call()
#17 /home/debian/VivaBioApp/vendor/laravel/framework/src/Illuminate/Foundation/Application.php(1154): Illuminate\\Support\\ServiceProvider->callBootedCallbacks()
#18 /home/debian/VivaBioApp/vendor/laravel/framework/src/Illuminate/Foundation/Application.php(1132): Illuminate\\Foundation\\Application->bootProvider()
#19 [internal function]: Illuminate\\Foundation\\Application->Illuminate\\Foundation\\{closure}()
#20 /home/debian/VivaBioApp/vendor/laravel/framework/src/Illuminate/Foundation/Application.php(1131): array_walk()
#21 /home/debian/VivaBioApp/vendor/laravel/framework/src/Illuminate/Foundation/Bootstrap/BootProviders.php(17): Illuminate\\Foundation\\Application->boot()
#22 /home/debian/VivaBioApp/vendor/laravel/framework/src/Illuminate/Foundation/Application.php(342): Illuminate\\Foundation\\Bootstrap\\BootProviders->bootstrap()
#23 /home/debian/VivaBioApp/vendor/laravel/framework/src/Illuminate/Foundation/Console/Kernel.php(473): Illuminate\\Foundation\\Application->bootstrapWith()
#24 /home/debian/VivaBioApp/vendor/laravel/framework/src/Illuminate/Foundation/Console/Kernel.php(195): Illuminate\\Foundation\\Console\\Kernel->bootstrap()
#25 Command line code(1): Illuminate\\Foundation\\Console\\Kernel->handle()
#26 {main}
"} 
[2025-10-31 18:36:28] local.ERROR: syntax error, unexpected token "function", expecting ")" {"exception":"[object] (ParseError(code: 0): syntax error, unexpected token \"function\", expecting \")\" at /home/debian/VivaBioApp/routes/web.php:103)
[stacktrace]
#0 /home/debian/VivaBioApp/vendor/laravel/framework/src/Illuminate/Routing/Router.php(526): Illuminate\\Routing\\RouteFileRegistrar->register()
#1 /home/debian/VivaBioApp/vendor/laravel/framework/src/Illuminate/Routing/Router.php(480): Illuminate\\Routing\\Router->loadRoutes()
#2 /home/debian/VivaBioApp/vendor/laravel/framework/src/Illuminate/Routing/RouteRegistrar.php(210): Illuminate\\Routing\\Router->group()
#3 /home/debian/VivaBioApp/vendor/laravel/framework/src/Illuminate/Foundation/Configuration/ApplicationBuilder.php(248): Illuminate\\Routing\\RouteRegistrar->group()
#4 /home/debian/VivaBioApp/vendor/laravel/framework/src/Illuminate/Container/BoundMethod.php(36): Illuminate\\Foundation\\Configuration\\ApplicationBuilder->Illuminate\\Foundation\\Configuration\\{closure}()
#5 /home/debian/VivaBioApp/vendor/laravel/framework/src/Illuminate/Container/Util.php(43): Illuminate\\Container\\BoundMethod::Illuminate\\Container\\{closure}()
#6 /home/debian/VivaBioApp/vendor/laravel/framework/src/Illuminate/Container/BoundMethod.php(84): Illuminate\\Container\\Util::unwrapIfClosure()
#7 /home/debian/VivaBioApp/vendor/laravel/framework/src/Illuminate/Container/BoundMethod.php(35): Illuminate\\Container\\BoundMethod::callBoundMethod()
#8 /home/debian/VivaBioApp/vendor/laravel/framework/src/Illuminate/Container/Container.php(836): Illuminate\\Container\\BoundMethod::call()
#9 /home/debian/VivaBioApp/vendor/laravel/framework/src/Illuminate/Foundation/Support/Providers/RouteServiceProvider.php(162): Illuminate\\Container\\Container->call()
#10 /home/debian/VivaBioApp/vendor/laravel/framework/src/Illuminate/Foundation/Support/Providers/RouteServiceProvider.php(59): Illuminate\\Foundation\\Support\\Providers\\RouteServiceProvider->loadRoutes()
#11 /home/debian/VivaBioApp/vendor/laravel/framework/src/Illuminate/Container/BoundMethod.php(36): Illuminate\\Foundation\\Support\\Providers\\RouteServiceProvider->Illuminate\\Foundation\\Support\\Providers\\{closure}()
#12 /home/debian/VivaBioApp/vendor/laravel/framework/src/Illuminate/Container/Util.php(43): Illuminate\\Container\\BoundMethod::Illuminate\\Container\\{closure}()
#13 /home/debian/VivaBioApp/vendor/laravel/framework/src/Illuminate/Container/BoundMethod.php(84): Illuminate\\Container\\Util::unwrapIfClosure()
#14 /home/debian/VivaBioApp/vendor/laravel/framework/src/Illuminate/Container/BoundMethod.php(35): Illuminate\\Container\\BoundMethod::callBoundMethod()
#15 /home/debian/VivaBioApp/vendor/laravel/framework/src/Illuminate/Container/Container.php(836): Illuminate\\Container\\BoundMethod::call()
#16 /home/debian/VivaBioApp/vendor/laravel/framework/src/Illuminate/Support/ServiceProvider.php(143): Illuminate\\Container\\Container->call()
#17 /home/debian/VivaBioApp/vendor/laravel/framework/src/Illuminate/Foundation/Application.php(1154): Illuminate\\Support\\ServiceProvider->callBootedCallbacks()
#18 /home/debian/VivaBioApp/vendor/laravel/framework/src/Illuminate/Foundation/Application.php(1132): Illuminate\\Foundation\\Application->bootProvider()
#19 [internal function]: Illuminate\\Foundation\\Application->Illuminate\\Foundation\\{closure}()
#20 /home/debian/VivaBioApp/vendor/laravel/framework/src/Illuminate/Foundation/Application.php(1131): array_walk()
#21 /home/debian/VivaBioApp/vendor/laravel/framework/src/Illuminate/Foundation/Bootstrap/BootProviders.php(17): Illuminate\\Foundation\\Application->boot()
#22 /home/debian/VivaBioApp/vendor/laravel/framework/src/Illuminate/Foundation/Application.php(342): Illuminate\\Foundation\\Bootstrap\\BootProviders->bootstrap()
#23 /home/debian/VivaBioApp/vendor/laravel/framework/src/Illuminate/Foundation/Console/Kernel.php(473): Illuminate\\Foundation\\Application->bootstrapWith()
#24 /home/debian/VivaBioApp/vendor/laravel/framework/src/Illuminate/Foundation/Console/Kernel.php(195): Illuminate\\Foundation\\Console\\Kernel->bootstrap()
#25 Command line code(1): Illuminate\\Foundation\\Console\\Kernel->handle()
#26 {main}
"} 
[2025-10-31 18:36:28] local.ERROR: syntax error, unexpected token "function", expecting ")" {"exception":"[object] (ParseError(code: 0): syntax error, unexpected token \"function\", expecting \")\" at /home/debian/VivaBioApp/routes/web.php:103)
[stacktrace]
#0 /home/debian/VivaBioApp/vendor/laravel/framework/src/Illuminate/Routing/Router.php(526): Illuminate\\Routing\\RouteFileRegistrar->register()
#1 /home/debian/VivaBioApp/vendor/laravel/framework/src/Illuminate/Routing/Router.php(480): Illuminate\\Routing\\Router->loadRoutes()
#2 /home/debian/VivaBioApp/vendor/laravel/framework/src/Illuminate/Routing/RouteRegistrar.php(210): Illuminate\\Routing\\Router->group()
#3 /home/debian/VivaBioApp/vendor/laravel/framework/src/Illuminate/Foundation/Configuration/ApplicationBuilder.php(248): Illuminate\\Routing\\RouteRegistrar->group()
#4 /home/debian/VivaBioApp/vendor/laravel/framework/src/Illuminate/Container/BoundMethod.php(36): Illuminate\\Foundation\\Configuration\\ApplicationBuilder->Illuminate\\Foundation\\Configuration\\{closure}()
#5 /home/debian/VivaBioApp/vendor/laravel/framework/src/Illuminate/Container/Util.php(43): Illuminate\\Container\\BoundMethod::Illuminate\\Container\\{closure}()
#6 /home/debian/VivaBioApp/vendor/laravel/framework/src/Illuminate/Container/BoundMethod.php(84): Illuminate\\Container\\Util::unwrapIfClosure()
#7 /home/debian/VivaBioApp/vendor/laravel/framework/src/Illuminate/Container/BoundMethod.php(35): Illuminate\\Container\\BoundMethod::callBoundMethod()
#8 /home/debian/VivaBioApp/vendor/laravel/framework/src/Illuminate/Container/Container.php(836): Illuminate\\Container\\BoundMethod::call()
#9 /home/debian/VivaBioApp/vendor/laravel/framework/src/Illuminate/Foundation/Support/Providers/RouteServiceProvider.php(162): Illuminate\\Container\\Container->call()
#10 /home/debian/VivaBioApp/vendor/laravel/framework/src/Illuminate/Foundation/Support/Providers/RouteServiceProvider.php(59): Illuminate\\Foundation\\Support\\Providers\\RouteServiceProvider->loadRoutes()
#11 /home/debian/VivaBioApp/vendor/laravel/framework/src/Illuminate/Container/BoundMethod.php(36): Illuminate\\Foundation\\Support\\Providers\\RouteServiceProvider->Illuminate\\Foundation\\Support\\Providers\\{closure}()
#12 /home/debian/VivaBioApp/vendor/laravel/framework/src/Illuminate/Container/Util.php(43): Illuminate\\Container\\BoundMethod::Illuminate\\Container\\{closure}()
#13 /home/debian/VivaBioApp/vendor/laravel/framework/src/Illuminate/Container/BoundMethod.php(84): Illuminate\\Container\\Util::unwrapIfClosure()
#14 /home/debian/VivaBioApp/vendor/laravel/framework/src/Illuminate/Container/BoundMethod.php(35): Illuminate\\Container\\BoundMethod::callBoundMethod()
#15 /home/debian/VivaBioApp/vendor/laravel/framework/src/Illuminate/Container/Container.php(836): Illuminate\\Container\\BoundMethod::call()
#16 /home/debian/VivaBioApp/vendor/laravel/framework/src/Illuminate/Support/ServiceProvider.php(143): Illuminate\\Container\\Container->call()
#17 /home/debian/VivaBioApp/vendor/laravel/framework/src/Illuminate/Foundation/Application.php(1154): Illuminate\\Support\\ServiceProvider->callBootedCallbacks()
#18 /home/debian/VivaBioApp/vendor/laravel/framework/src/Illuminate/Foundation/Application.php(1132): Illuminate\\Foundation\\Application->bootProvider()
#19 [internal function]: Illuminate\\Foundation\\Application->Illuminate\\Foundation\\{closure}()
#20 /home/debian/VivaBioApp/vendor/laravel/framework/src/Illuminate/Foundation/Application.php(1131): array_walk()
#21 /home/debian/VivaBioApp/vendor/laravel/framework/src/Illuminate/Foundation/Bootstrap/BootProviders.php(17): Illuminate\\Foundation\\Application->boot()
#22 /home/debian/VivaBioApp/vendor/laravel/framework/src/Illuminate/Foundation/Application.php(342): Illuminate\\Foundation\\Bootstrap\\BootProviders->bootstrap()
#23 /home/debian/VivaBioApp/vendor/laravel/framework/src/Illuminate/Foundation/Console/Kernel.php(473): Illuminate\\Foundation\\Application->bootstrapWith()
#24 /home/debian/VivaBioApp/vendor/laravel/framework/src/Illuminate/Foundation/Console/Kernel.php(195): Illuminate\\Foundation\\Console\\Kernel->bootstrap()
#25 Command line code(1): Illuminate\\Foundation\\Console\\Kernel->handle()
#26 {main}
"} 
[2025-10-31 18:37:28] local.ERROR: syntax error, unexpected token "function", expecting ")" {"exception":"[object] (ParseError(code: 0): syntax error, unexpected token \"function\", expecting \")\" at /home/debian/VivaBioApp/routes/web.php:103)
[stacktrace]
#0 /home/debian/VivaBioApp/vendor/laravel/framework/src/Illuminate/Routing/Router.php(526): Illuminate\\Routing\\RouteFileRegistrar->register()
#1 /home/debian/VivaBioApp/vendor/laravel/framework/src/Illuminate/Routing/Router.php(480): Illuminate\\Routing\\Router->loadRoutes()
#2 /home/debian/VivaBioApp/vendor/laravel/framework/src/Illuminate/Routing/RouteRegistrar.php(210): Illuminate\\Routing\\Router->group()
#3 /home/debian/VivaBioApp/vendor/laravel/framework/src/Illuminate/Foundation/Configuration/ApplicationBuilder.php(248): Illuminate\\Routing\\RouteRegistrar->group()
#4 /home/debian/VivaBioApp/vendor/laravel/framework/src/Illuminate/Container/BoundMethod.php(36): Illuminate\\Foundation\\Configuration\\ApplicationBuilder->Illuminate\\Foundation\\Configuration\\{closure}()
#5 /home/debian/VivaBioApp/vendor/laravel/framework/src/Illuminate/Container/Util.php(43): Illuminate\\Container\\BoundMethod::Illuminate\\Container\\{closure}()
#6 /home/debian/VivaBioApp/vendor/laravel/framework/src/Illuminate/Container/BoundMethod.php(84): Illuminate\\Container\\Util::unwrapIfClosure()
#7 /home/debian/VivaBioApp/vendor/laravel/framework/src/Illuminate/Container/BoundMethod.php(35): Illuminate\\Container\\BoundMethod::callBoundMethod()
#8 /home/debian/VivaBioApp/vendor/laravel/framework/src/Illuminate/Container/Container.php(836): Illuminate\\Container\\BoundMethod::call()
#9 /home/debian/VivaBioApp/vendor/laravel/framework/src/Illuminate/Foundation/Support/Providers/RouteServiceProvider.php(162): Illuminate\\Container\\Container->call()
#10 /home/debian/VivaBioApp/vendor/laravel/framework/src/Illuminate/Foundation/Support/Providers/RouteServiceProvider.php(59): Illuminate\\Foundation\\Support\\Providers\\RouteServiceProvider->loadRoutes()
#11 /home/debian/VivaBioApp/vendor/laravel/framework/src/Illuminate/Container/BoundMethod.php(36): Illuminate\\Foundation\\Support\\Providers\\RouteServiceProvider->Illuminate\\Foundation\\Support\\Providers\\{closure}()
#12 /home/debian/VivaBioApp/vendor/laravel/framework/src/Illuminate/Container/Util.php(43): Illuminate\\Container\\BoundMethod::Illuminate\\Container\\{closure}()
#13 /home/debian/VivaBioApp/vendor/laravel/framework/src/Illuminate/Container/BoundMethod.php(84): Illuminate\\Container\\Util::unwrapIfClosure()
#14 /home/debian/VivaBioApp/vendor/laravel/framework/src/Illuminate/Container/BoundMethod.php(35): Illuminate\\Container\\BoundMethod::callBoundMethod()
#15 /home/debian/VivaBioApp/vendor/laravel/framework/src/Illuminate/Container/Container.php(836): Illuminate\\Container\\BoundMethod::call()
#16 /home/debian/VivaBioApp/vendor/laravel/framework/src/Illuminate/Support/ServiceProvider.php(143): Illuminate\\Container\\Container->call()
#17 /home/debian/VivaBioApp/vendor/laravel/framework/src/Illuminate/Foundation/Application.php(1154): Illuminate\\Support\\ServiceProvider->callBootedCallbacks()
#18 /home/debian/VivaBioApp/vendor/laravel/framework/src/Illuminate/Foundation/Application.php(1132): Illuminate\\Foundation\\Application->bootProvider()
#19 [internal function]: Illuminate\\Foundation\\Application->Illuminate\\Foundation\\{closure}()
#20 /home/debian/VivaBioApp/vendor/laravel/framework/src/Illuminate/Foundation/Application.php(1131): array_walk()
#21 /home/debian/VivaBioApp/vendor/laravel/framework/src/Illuminate/Foundation/Bootstrap/BootProviders.php(17): Illuminate\\Foundation\\Application->boot()
#22 /home/debian/VivaBioApp/vendor/laravel/framework/src/Illuminate/Foundation/Application.php(342): Illuminate\\Foundation\\Bootstrap\\BootProviders->bootstrap()
#23 /home/debian/VivaBioApp/vendor/laravel/framework/src/Illuminate/Foundation/Console/Kernel.php(473): Illuminate\\Foundation\\Application->bootstrapWith()
#24 /home/debian/VivaBioApp/vendor/laravel/framework/src/Illuminate/Foundation/Console/Kernel.php(195): Illuminate\\Foundation\\Console\\Kernel->bootstrap()
#25 Command line code(1): Illuminate\\Foundation\\Console\\Kernel->handle()
#26 {main}
"} 
[2025-10-31 18:37:28] local.ERROR: syntax error, unexpected token "function", expecting ")" {"exception":"[object] (ParseError(code: 0): syntax error, unexpected token \"function\", expecting \")\" at /home/debian/VivaBioApp/routes/web.php:103)
[stacktrace]
#0 /home/debian/VivaBioApp/vendor/laravel/framework/src/Illuminate/Routing/Router.php(526): Illuminate\\Routing\\RouteFileRegistrar->register()
#1 /home/debian/VivaBioApp/vendor/laravel/framework/src/Illuminate/Routing/Router.php(480): Illuminate\\Routing\\Router->loadRoutes()
#2 /home/debian/VivaBioApp/vendor/laravel/framework/src/Illuminate/Routing/RouteRegistrar.php(210): Illuminate\\Routing\\Router->group()
#3 /home/debian/VivaBioApp/vendor/laravel/framework/src/Illuminate/Foundation/Configuration/ApplicationBuilder.php(248): Illuminate\\Routing\\RouteRegistrar->group()
#4 /home/debian/VivaBioApp/vendor/laravel/framework/src/Illuminate/Container/BoundMethod.php(36): Illuminate\\Foundation\\Configuration\\ApplicationBuilder->Illuminate\\Foundation\\Configuration\\{closure}()
#5 /home/debian/VivaBioApp/vendor/laravel/framework/src/Illuminate/Container/Util.php(43): Illuminate\\Container\\BoundMethod::Illuminate\\Container\\{closure}()
#6 /home/debian/VivaBioApp/vendor/laravel/framework/src/Illuminate/Container/BoundMethod.php(84): Illuminate\\Container\\Util::unwrapIfClosure()
#7 /home/debian/VivaBioApp/vendor/laravel/framework/src/Illuminate/Container/BoundMethod.php(35): Illuminate\\Container\\BoundMethod::callBoundMethod()
#8 /home/debian/VivaBioApp/vendor/laravel/framework/src/Illuminate/Container/Container.php(836): Illuminate\\Container\\BoundMethod::call()
#9 /home/debian/VivaBioApp/vendor/laravel/framework/src/Illuminate/Foundation/Support/Providers/RouteServiceProvider.php(162): Illuminate\\Container\\Container->call()
#10 /home/debian/VivaBioApp/vendor/laravel/framework/src/Illuminate/Foundation/Support/Providers/RouteServiceProvider.php(59): Illuminate\\Foundation\\Support\\Providers\\RouteServiceProvider->loadRoutes()
#11 /home/debian/VivaBioApp/vendor/laravel/framework/src/Illuminate/Container/BoundMethod.php(36): Illuminate\\Foundation\\Support\\Providers\\RouteServiceProvider->Illuminate\\Foundation\\Support\\Providers\\{closure}()
#12 /home/debian/VivaBioApp/vendor/laravel/framework/src/Illuminate/Container/Util.php(43): Illuminate\\Container\\BoundMethod::Illuminate\\Container\\{closure}()
#13 /home/debian/VivaBioApp/vendor/laravel/framework/src/Illuminate/Container/BoundMethod.php(84): Illuminate\\Container\\Util::unwrapIfClosure()
#14 /home/debian/VivaBioApp/vendor/laravel/framework/src/Illuminate/Container/BoundMethod.php(35): Illuminate\\Container\\BoundMethod::callBoundMethod()
#15 /home/debian/VivaBioApp/vendor/laravel/framework/src/Illuminate/Container/Container.php(836): Illuminate\\Container\\BoundMethod::call()
#16 /home/debian/VivaBioApp/vendor/laravel/framework/src/Illuminate/Support/ServiceProvider.php(143): Illuminate\\Container\\Container->call()
#17 /home/debian/VivaBioApp/vendor/laravel/framework/src/Illuminate/Foundation/Application.php(1154): Illuminate\\Support\\ServiceProvider->callBootedCallbacks()
#18 /home/debian/VivaBioApp/vendor/laravel/framework/src/Illuminate/Foundation/Application.php(1132): Illuminate\\Foundation\\Application->bootProvider()
#19 [internal function]: Illuminate\\Foundation\\Application->Illuminate\\Foundation\\{closure}()
#20 /home/debian/VivaBioApp/vendor/laravel/framework/src/Illuminate/Foundation/Application.php(1131): array_walk()
#21 /home/debian/VivaBioApp/vendor/laravel/framework/src/Illuminate/Foundation/Bootstrap/BootProviders.php(17): Illuminate\\Foundation\\Application->boot()
#22 /home/debian/VivaBioApp/vendor/laravel/framework/src/Illuminate/Foundation/Application.php(342): Illuminate\\Foundation\\Bootstrap\\BootProviders->bootstrap()
#23 /home/debian/VivaBioApp/vendor/laravel/framework/src/Illuminate/Foundation/Console/Kernel.php(473): Illuminate\\Foundation\\Application->bootstrapWith()
#24 /home/debian/VivaBioApp/vendor/laravel/framework/src/Illuminate/Foundation/Console/Kernel.php(195): Illuminate\\Foundation\\Console\\Kernel->bootstrap()
#25 Command line code(1): Illuminate\\Foundation\\Console\\Kernel->handle()
#26 {main}
"} 
[2025-10-31 18:37:28] local.ERROR: syntax error, unexpected token "function", expecting ")" {"exception":"[object] (ParseError(code: 0): syntax error, unexpected token \"function\", expecting \")\" at /home/debian/VivaBioApp/routes/web.php:103)
[stacktrace]
#0 /home/debian/VivaBioApp/vendor/laravel/framework/src/Illuminate/Routing/Router.php(526): Illuminate\\Routing\\RouteFileRegistrar->register()
#1 /home/debian/VivaBioApp/vendor/laravel/framework/src/Illuminate/Routing/Router.php(480): Illuminate\\Routing\\Router->loadRoutes()
#2 /home/debian/VivaBioApp/vendor/laravel/framework/src/Illuminate/Routing/RouteRegistrar.php(210): Illuminate\\Routing\\Router->group()
#3 /home/debian/VivaBioApp/vendor/laravel/framework/src/Illuminate/Foundation/Configuration/ApplicationBuilder.php(248): Illuminate\\Routing\\RouteRegistrar->group()
#4 /home/debian/VivaBioApp/vendor/laravel/framework/src/Illuminate/Container/BoundMethod.php(36): Illuminate\\Foundation\\Configuration\\ApplicationBuilder->Illuminate\\Foundation\\Configuration\\{closure}()
#5 /home/debian/VivaBioApp/vendor/laravel/framework/src/Illuminate/Container/Util.php(43): Illuminate\\Container\\BoundMethod::Illuminate\\Container\\{closure}()
#6 /home/debian/VivaBioApp/vendor/laravel/framework/src/Illuminate/Container/BoundMethod.php(84): Illuminate\\Container\\Util::unwrapIfClosure()
#7 /home/debian/VivaBioApp/vendor/laravel/framework/src/Illuminate/Container/BoundMethod.php(35): Illuminate\\Container\\BoundMethod::callBoundMethod()
#8 /home/debian/VivaBioApp/vendor/laravel/framework/src/Illuminate/Container/Container.php(836): Illuminate\\Container\\BoundMethod::call()
#9 /home/debian/VivaBioApp/vendor/laravel/framework/src/Illuminate/Foundation/Support/Providers/RouteServiceProvider.php(162): Illuminate\\Container\\Container->call()
#10 /home/debian/VivaBioApp/vendor/laravel/framework/src/Illuminate/Foundation/Support/Providers/RouteServiceProvider.php(59): Illuminate\\Foundation\\Support\\Providers\\RouteServiceProvider->loadRoutes()
#11 /home/debian/VivaBioApp/vendor/laravel/framework/src/Illuminate/Container/BoundMethod.php(36): Illuminate\\Foundation\\Support\\Providers\\RouteServiceProvider->Illuminate\\Foundation\\Support\\Providers\\{closure}()
#12 /home/debian/VivaBioApp/vendor/laravel/framework/src/Illuminate/Container/Util.php(43): Illuminate\\Container\\BoundMethod::Illuminate\\Container\\{closure}()
#13 /home/debian/VivaBioApp/vendor/laravel/framework/src/Illuminate/Container/BoundMethod.php(84): Illuminate\\Container\\Util::unwrapIfClosure()
#14 /home/debian/VivaBioApp/vendor/laravel/framework/src/Illuminate/Container/BoundMethod.php(35): Illuminate\\Container\\BoundMethod::callBoundMethod()
#15 /home/debian/VivaBioApp/vendor/laravel/framework/src/Illuminate/Container/Container.php(836): Illuminate\\Container\\BoundMethod::call()
#16 /home/debian/VivaBioApp/vendor/laravel/framework/src/Illuminate/Support/ServiceProvider.php(143): Illuminate\\Container\\Container->call()
#17 /home/debian/VivaBioApp/vendor/laravel/framework/src/Illuminate/Foundation/Application.php(1154): Illuminate\\Support\\ServiceProvider->callBootedCallbacks()
#18 /home/debian/VivaBioApp/vendor/laravel/framework/src/Illuminate/Foundation/Application.php(1132): Illuminate\\Foundation\\Application->bootProvider()
#19 [internal function]: Illuminate\\Foundation\\Application->Illuminate\\Foundation\\{closure}()
#20 /home/debian/VivaBioApp/vendor/laravel/framework/src/Illuminate/Foundation/Application.php(1131): array_walk()
#21 /home/debian/VivaBioApp/vendor/laravel/framework/src/Illuminate/Foundation/Bootstrap/BootProviders.php(17): Illuminate\\Foundation\\Application->boot()
#22 /home/debian/VivaBioApp/vendor/laravel/framework/src/Illuminate/Foundation/Application.php(342): Illuminate\\Foundation\\Bootstrap\\BootProviders->bootstrap()
#23 /home/debian/VivaBioApp/vendor/laravel/framework/src/Illuminate/Foundation/Console/Kernel.php(473): Illuminate\\Foundation\\Application->bootstrapWith()
#24 /home/debian/VivaBioApp/vendor/laravel/framework/src/Illuminate/Foundation/Console/Kernel.php(195): Illuminate\\Foundation\\Console\\Kernel->bootstrap()
#25 Command line code(1): Illuminate\\Foundation\\Console\\Kernel->handle()
#26 {main}
"} 
[2025-10-31 18:38:28] local.ERROR: syntax error, unexpected token "function", expecting ")" {"exception":"[object] (ParseError(code: 0): syntax error, unexpected token \"function\", expecting \")\" at /home/debian/VivaBioApp/routes/web.php:103)
[stacktrace]
#0 /home/debian/VivaBioApp/vendor/laravel/framework/src/Illuminate/Routing/Router.php(526): Illuminate\\Routing\\RouteFileRegistrar->register()
#1 /home/debian/VivaBioApp/vendor/laravel/framework/src/Illuminate/Routing/Router.php(480): Illuminate\\Routing\\Router->loadRoutes()
#2 /home/debian/VivaBioApp/vendor/laravel/framework/src/Illuminate/Routing/RouteRegistrar.php(210): Illuminate\\Routing\\Router->group()
#3 /home/debian/VivaBioApp/vendor/laravel/framework/src/Illuminate/Foundation/Configuration/ApplicationBuilder.php(248): Illuminate\\Routing\\RouteRegistrar->group()
#4 /home/debian/VivaBioApp/vendor/laravel/framework/src/Illuminate/Container/BoundMethod.php(36): Illuminate\\Foundation\\Configuration\\ApplicationBuilder->Illuminate\\Foundation\\Configuration\\{closure}()
#5 /home/debian/VivaBioApp/vendor/laravel/framework/src/Illuminate/Container/Util.php(43): Illuminate\\Container\\BoundMethod::Illuminate\\Container\\{closure}()
#6 /home/debian/VivaBioApp/vendor/laravel/framework/src/Illuminate/Container/BoundMethod.php(84): Illuminate\\Container\\Util::unwrapIfClosure()
#7 /home/debian/VivaBioApp/vendor/laravel/framework/src/Illuminate/Container/BoundMethod.php(35): Illuminate\\Container\\BoundMethod::callBoundMethod()
#8 /home/debian/VivaBioApp/vendor/laravel/framework/src/Illuminate/Container/Container.php(836): Illuminate\\Container\\BoundMethod::call()
#9 /home/debian/VivaBioApp/vendor/laravel/framework/src/Illuminate/Foundation/Support/Providers/RouteServiceProvider.php(162): Illuminate\\Container\\Container->call()
#10 /home/debian/VivaBioApp/vendor/laravel/framework/src/Illuminate/Foundation/Support/Providers/RouteServiceProvider.php(59): Illuminate\\Foundation\\Support\\Providers\\RouteServiceProvider->loadRoutes()
#11 /home/debian/VivaBioApp/vendor/laravel/framework/src/Illuminate/Container/BoundMethod.php(36): Illuminate\\Foundation\\Support\\Providers\\RouteServiceProvider->Illuminate\\Foundation\\Support\\Providers\\{closure}()
#12 /home/debian/VivaBioApp/vendor/laravel/framework/src/Illuminate/Container/Util.php(43): Illuminate\\Container\\BoundMethod::Illuminate\\Container\\{closure}()
#13 /home/debian/VivaBioApp/vendor/laravel/framework/src/Illuminate/Container/BoundMethod.php(84): Illuminate\\Container\\Util::unwrapIfClosure()
#14 /home/debian/VivaBioApp/vendor/laravel/framework/src/Illuminate/Container/BoundMethod.php(35): Illuminate\\Container\\BoundMethod::callBoundMethod()
#15 /home/debian/VivaBioApp/vendor/laravel/framework/src/Illuminate/Container/Container.php(836): Illuminate\\Container\\BoundMethod::call()
#16 /home/debian/VivaBioApp/vendor/laravel/framework/src/Illuminate/Support/ServiceProvider.php(143): Illuminate\\Container\\Container->call()
#17 /home/debian/VivaBioApp/vendor/laravel/framework/src/Illuminate/Foundation/Application.php(1154): Illuminate\\Support\\ServiceProvider->callBootedCallbacks()
#18 /home/debian/VivaBioApp/vendor/laravel/framework/src/Illuminate/Foundation/Application.php(1132): Illuminate\\Foundation\\Application->bootProvider()
#19 [internal function]: Illuminate\\Foundation\\Application->Illuminate\\Foundation\\{closure}()
#20 /home/debian/VivaBioApp/vendor/laravel/framework/src/Illuminate/Foundation/Application.php(1131): array_walk()
#21 /home/debian/VivaBioApp/vendor/laravel/framework/src/Illuminate/Foundation/Bootstrap/BootProviders.php(17): Illuminate\\Foundation\\Application->boot()
#22 /home/debian/VivaBioApp/vendor/laravel/framework/src/Illuminate/Foundation/Application.php(342): Illuminate\\Foundation\\Bootstrap\\BootProviders->bootstrap()
#23 /home/debian/VivaBioApp/vendor/laravel/framework/src/Illuminate/Foundation/Console/Kernel.php(473): Illuminate\\Foundation\\Application->bootstrapWith()
#24 /home/debian/VivaBioApp/vendor/laravel/framework/src/Illuminate/Foundation/Console/Kernel.php(195): Illuminate\\Foundation\\Console\\Kernel->bootstrap()
#25 Command line code(1): Illuminate\\Foundation\\Console\\Kernel->handle()
#26 {main}
"} 
[2025-10-31 18:38:28] local.ERROR: syntax error, unexpected token "function", expecting ")" {"exception":"[object] (ParseError(code: 0): syntax error, unexpected token \"function\", expecting \")\" at /home/debian/VivaBioApp/routes/web.php:103)
[stacktrace]
#0 /home/debian/VivaBioApp/vendor/laravel/framework/src/Illuminate/Routing/Router.php(526): Illuminate\\Routing\\RouteFileRegistrar->register()
#1 /home/debian/VivaBioApp/vendor/laravel/framework/src/Illuminate/Routing/Router.php(480): Illuminate\\Routing\\Router->loadRoutes()
#2 /home/debian/VivaBioApp/vendor/laravel/framework/src/Illuminate/Routing/RouteRegistrar.php(210): Illuminate\\Routing\\Router->group()
#3 /home/debian/VivaBioApp/vendor/laravel/framework/src/Illuminate/Foundation/Configuration/ApplicationBuilder.php(248): Illuminate\\Routing\\RouteRegistrar->group()
#4 /home/debian/VivaBioApp/vendor/laravel/framework/src/Illuminate/Container/BoundMethod.php(36): Illuminate\\Foundation\\Configuration\\ApplicationBuilder->Illuminate\\Foundation\\Configuration\\{closure}()
#5 /home/debian/VivaBioApp/vendor/laravel/framework/src/Illuminate/Container/Util.php(43): Illuminate\\Container\\BoundMethod::Illuminate\\Container\\{closure}()
#6 /home/debian/VivaBioApp/vendor/laravel/framework/src/Illuminate/Container/BoundMethod.php(84): Illuminate\\Container\\Util::unwrapIfClosure()
#7 /home/debian/VivaBioApp/vendor/laravel/framework/src/Illuminate/Container/BoundMethod.php(35): Illuminate\\Container\\BoundMethod::callBoundMethod()
#8 /home/debian/VivaBioApp/vendor/laravel/framework/src/Illuminate/Container/Container.php(836): Illuminate\\Container\\BoundMethod::call()
#9 /home/debian/VivaBioApp/vendor/laravel/framework/src/Illuminate/Foundation/Support/Providers/RouteServiceProvider.php(162): Illuminate\\Container\\Container->call()
#10 /home/debian/VivaBioApp/vendor/laravel/framework/src/Illuminate/Foundation/Support/Providers/RouteServiceProvider.php(59): Illuminate\\Foundation\\Support\\Providers\\RouteServiceProvider->loadRoutes()
#11 /home/debian/VivaBioApp/vendor/laravel/framework/src/Illuminate/Container/BoundMethod.php(36): Illuminate\\Foundation\\Support\\Providers\\RouteServiceProvider->Illuminate\\Foundation\\Support\\Providers\\{closure}()
#12 /home/debian/VivaBioApp/vendor/laravel/framework/src/Illuminate/Container/Util.php(43): Illuminate\\Container\\BoundMethod::Illuminate\\Container\\{closure}()
#13 /home/debian/VivaBioApp/vendor/laravel/framework/src/Illuminate/Container/BoundMethod.php(84): Illuminate\\Container\\Util::unwrapIfClosure()
#14 /home/debian/VivaBioApp/vendor/laravel/framework/src/Illuminate/Container/BoundMethod.php(35): Illuminate\\Container\\BoundMethod::callBoundMethod()
#15 /home/debian/VivaBioApp/vendor/laravel/framework/src/Illuminate/Container/Container.php(836): Illuminate\\Container\\BoundMethod::call()
#16 /home/debian/VivaBioApp/vendor/laravel/framework/src/Illuminate/Support/ServiceProvider.php(143): Illuminate\\Container\\Container->call()
#17 /home/debian/VivaBioApp/vendor/laravel/framework/src/Illuminate/Foundation/Application.php(1154): Illuminate\\Support\\ServiceProvider->callBootedCallbacks()
#18 /home/debian/VivaBioApp/vendor/laravel/framework/src/Illuminate/Foundation/Application.php(1132): Illuminate\\Foundation\\Application->bootProvider()
#19 [internal function]: Illuminate\\Foundation\\Application->Illuminate\\Foundation\\{closure}()
#20 /home/debian/VivaBioApp/vendor/laravel/framework/src/Illuminate/Foundation/Application.php(1131): array_walk()
#21 /home/debian/VivaBioApp/vendor/laravel/framework/src/Illuminate/Foundation/Bootstrap/BootProviders.php(17): Illuminate\\Foundation\\Application->boot()
#22 /home/debian/VivaBioApp/vendor/laravel/framework/src/Illuminate/Foundation/Application.php(342): Illuminate\\Foundation\\Bootstrap\\BootProviders->bootstrap()
#23 /home/debian/VivaBioApp/vendor/laravel/framework/src/Illuminate/Foundation/Console/Kernel.php(473): Illuminate\\Foundation\\Application->bootstrapWith()
#24 /home/debian/VivaBioApp/vendor/laravel/framework/src/Illuminate/Foundation/Console/Kernel.php(195): Illuminate\\Foundation\\Console\\Kernel->bootstrap()
#25 Command line code(1): Illuminate\\Foundation\\Console\\Kernel->handle()
#26 {main}
"} 
[2025-11-05 11:28:39] local.ERROR: syntax error, unexpected token "function", expecting ")" {"exception":"[object] (ParseError(code: 0): syntax error, unexpected token \"function\", expecting \")\" at /home/debian/VivaBioApp/routes/web.php:103)
[stacktrace]
#0 /home/debian/VivaBioApp/vendor/laravel/framework/src/Illuminate/Routing/Router.php(526): Illuminate\\Routing\\RouteFileRegistrar->register()
#1 /home/debian/VivaBioApp/vendor/laravel/framework/src/Illuminate/Routing/Router.php(480): Illuminate\\Routing\\Router->loadRoutes()
#2 /home/debian/VivaBioApp/vendor/laravel/framework/src/Illuminate/Routing/RouteRegistrar.php(210): Illuminate\\Routing\\Router->group()
#3 /home/debian/VivaBioApp/vendor/laravel/framework/src/Illuminate/Foundation/Configuration/ApplicationBuilder.php(248): Illuminate\\Routing\\RouteRegistrar->group()
#4 /home/debian/VivaBioApp/vendor/laravel/framework/src/Illuminate/Container/BoundMethod.php(36): Illuminate\\Foundation\\Configuration\\ApplicationBuilder->Illuminate\\Foundation\\Configuration\\{closure}()
#5 /home/debian/VivaBioApp/vendor/laravel/framework/src/Illuminate/Container/Util.php(43): Illuminate\\Container\\BoundMethod::Illuminate\\Container\\{closure}()
#6 /home/debian/VivaBioApp/vendor/laravel/framework/src/Illuminate/Container/BoundMethod.php(84): Illuminate\\Container\\Util::unwrapIfClosure()
#7 /home/debian/VivaBioApp/vendor/laravel/framework/src/Illuminate/Container/BoundMethod.php(35): Illuminate\\Container\\BoundMethod::callBoundMethod()
#8 /home/debian/VivaBioApp/vendor/laravel/framework/src/Illuminate/Container/Container.php(836): Illuminate\\Container\\BoundMethod::call()
#9 /home/debian/VivaBioApp/vendor/laravel/framework/src/Illuminate/Foundation/Support/Providers/RouteServiceProvider.php(162): Illuminate\\Container\\Container->call()
#10 /home/debian/VivaBioApp/vendor/laravel/framework/src/Illuminate/Foundation/Support/Providers/RouteServiceProvider.php(59): Illuminate\\Foundation\\Support\\Providers\\RouteServiceProvider->loadRoutes()
#11 /home/debian/VivaBioApp/vendor/laravel/framework/src/Illuminate/Container/BoundMethod.php(36): Illuminate\\Foundation\\Support\\Providers\\RouteServiceProvider->Illuminate\\Foundation\\Support\\Providers\\{closure}()
#12 /home/debian/VivaBioApp/vendor/laravel/framework/src/Illuminate/Container/Util.php(43): Illuminate\\Container\\BoundMethod::Illuminate\\Container\\{closure}()
#13 /home/debian/VivaBioApp/vendor/laravel/framework/src/Illuminate/Container/BoundMethod.php(84): Illuminate\\Container\\Util::unwrapIfClosure()
#14 /home/debian/VivaBioApp/vendor/laravel/framework/src/Illuminate/Container/BoundMethod.php(35): Illuminate\\Container\\BoundMethod::callBoundMethod()
#15 /home/debian/VivaBioApp/vendor/laravel/framework/src/Illuminate/Container/Container.php(836): Illuminate\\Container\\BoundMethod::call()
#16 /home/debian/VivaBioApp/vendor/laravel/framework/src/Illuminate/Support/ServiceProvider.php(143): Illuminate\\Container\\Container->call()
#17 /home/debian/VivaBioApp/vendor/laravel/framework/src/Illuminate/Foundation/Application.php(1154): Illuminate\\Support\\ServiceProvider->callBootedCallbacks()
#18 /home/debian/VivaBioApp/vendor/laravel/framework/src/Illuminate/Foundation/Application.php(1132): Illuminate\\Foundation\\Application->bootProvider()
#19 [internal function]: Illuminate\\Foundation\\Application->Illuminate\\Foundation\\{closure}()
#20 /home/debian/VivaBioApp/vendor/laravel/framework/src/Illuminate/Foundation/Application.php(1131): array_walk()
#21 /home/debian/VivaBioApp/vendor/laravel/framework/src/Illuminate/Foundation/Bootstrap/BootProviders.php(17): Illuminate\\Foundation\\Application->boot()
#22 /home/debian/VivaBioApp/vendor/laravel/framework/src/Illuminate/Foundation/Application.php(342): Illuminate\\Foundation\\Bootstrap\\BootProviders->bootstrap()
#23 /home/debian/VivaBioApp/vendor/laravel/framework/src/Illuminate/Foundation/Console/Kernel.php(473): Illuminate\\Foundation\\Application->bootstrapWith()
#24 /home/debian/VivaBioApp/vendor/laravel/framework/src/Illuminate/Foundation/Console/Kernel.php(195): Illuminate\\Foundation\\Console\\Kernel->bootstrap()
#25 Command line code(1): Illuminate\\Foundation\\Console\\Kernel->handle()
#26 {main}
"} 
[2025-11-05 11:28:39] local.ERROR: syntax error, unexpected token "function", expecting ")" {"exception":"[object] (ParseError(code: 0): syntax error, unexpected token \"function\", expecting \")\" at /home/debian/VivaBioApp/routes/web.php:103)
[stacktrace]
#0 /home/debian/VivaBioApp/vendor/laravel/framework/src/Illuminate/Routing/Router.php(526): Illuminate\\Routing\\RouteFileRegistrar->register()
#1 /home/debian/VivaBioApp/vendor/laravel/framework/src/Illuminate/Routing/Router.php(480): Illuminate\\Routing\\Router->loadRoutes()
#2 /home/debian/VivaBioApp/vendor/laravel/framework/src/Illuminate/Routing/RouteRegistrar.php(210): Illuminate\\Routing\\Router->group()
#3 /home/debian/VivaBioApp/vendor/laravel/framework/src/Illuminate/Foundation/Configuration/ApplicationBuilder.php(248): Illuminate\\Routing\\RouteRegistrar->group()
#4 /home/debian/VivaBioApp/vendor/laravel/framework/src/Illuminate/Container/BoundMethod.php(36): Illuminate\\Foundation\\Configuration\\ApplicationBuilder->Illuminate\\Foundation\\Configuration\\{closure}()
#5 /home/debian/VivaBioApp/vendor/laravel/framework/src/Illuminate/Container/Util.php(43): Illuminate\\Container\\BoundMethod::Illuminate\\Container\\{closure}()
#6 /home/debian/VivaBioApp/vendor/laravel/framework/src/Illuminate/Container/BoundMethod.php(84): Illuminate\\Container\\Util::unwrapIfClosure()
#7 /home/debian/VivaBioApp/vendor/laravel/framework/src/Illuminate/Container/BoundMethod.php(35): Illuminate\\Container\\BoundMethod::callBoundMethod()
#8 /home/debian/VivaBioApp/vendor/laravel/framework/src/Illuminate/Container/Container.php(836): Illuminate\\Container\\BoundMethod::call()
#9 /home/debian/VivaBioApp/vendor/laravel/framework/src/Illuminate/Foundation/Support/Providers/RouteServiceProvider.php(162): Illuminate\\Container\\Container->call()
#10 /home/debian/VivaBioApp/vendor/laravel/framework/src/Illuminate/Foundation/Support/Providers/RouteServiceProvider.php(59): Illuminate\\Foundation\\Support\\Providers\\RouteServiceProvider->loadRoutes()
#11 /home/debian/VivaBioApp/vendor/laravel/framework/src/Illuminate/Container/BoundMethod.php(36): Illuminate\\Foundation\\Support\\Providers\\RouteServiceProvider->Illuminate\\Foundation\\Support\\Providers\\{closure}()
#12 /home/debian/VivaBioApp/vendor/laravel/framework/src/Illuminate/Container/Util.php(43): Illuminate\\Container\\BoundMethod::Illuminate\\Container\\{closure}()
#13 /home/debian/VivaBioApp/vendor/laravel/framework/src/Illuminate/Container/BoundMethod.php(84): Illuminate\\Container\\Util::unwrapIfClosure()
#14 /home/debian/VivaBioApp/vendor/laravel/framework/src/Illuminate/Container/BoundMethod.php(35): Illuminate\\Container\\BoundMethod::callBoundMethod()
#15 /home/debian/VivaBioApp/vendor/laravel/framework/src/Illuminate/Container/Container.php(836): Illuminate\\Container\\BoundMethod::call()
#16 /home/debian/VivaBioApp/vendor/laravel/framework/src/Illuminate/Support/ServiceProvider.php(143): Illuminate\\Container\\Container->call()
#17 /home/debian/VivaBioApp/vendor/laravel/framework/src/Illuminate/Foundation/Application.php(1154): Illuminate\\Support\\ServiceProvider->callBootedCallbacks()
#18 /home/debian/VivaBioApp/vendor/laravel/framework/src/Illuminate/Foundation/Application.php(1132): Illuminate\\Foundation\\Application->bootProvider()
#19 [internal function]: Illuminate\\Foundation\\Application->Illuminate\\Foundation\\{closure}()
#20 /home/debian/VivaBioApp/vendor/laravel/framework/src/Illuminate/Foundation/Application.php(1131): array_walk()
#21 /home/debian/VivaBioApp/vendor/laravel/framework/src/Illuminate/Foundation/Bootstrap/BootProviders.php(17): Illuminate\\Foundation\\Application->boot()
#22 /home/debian/VivaBioApp/vendor/laravel/framework/src/Illuminate/Foundation/Application.php(342): Illuminate\\Foundation\\Bootstrap\\BootProviders->bootstrap()
#23 /home/debian/VivaBioApp/vendor/laravel/framework/src/Illuminate/Foundation/Console/Kernel.php(473): Illuminate\\Foundation\\Application->bootstrapWith()
#24 /home/debian/VivaBioApp/vendor/laravel/framework/src/Illuminate/Foundation/Console/Kernel.php(195): Illuminate\\Foundation\\Console\\Kernel->bootstrap()
#25 Command line code(1): Illuminate\\Foundation\\Console\\Kernel->handle()
#26 {main}
"} 
[2025-11-05 11:28:39] local.ERROR: syntax error, unexpected token "function", expecting ")" {"exception":"[object] (ParseError(code: 0): syntax error, unexpected token \"function\", expecting \")\" at /home/debian/VivaBioApp/routes/web.php:103)
[stacktrace]
#0 /home/debian/VivaBioApp/vendor/laravel/framework/src/Illuminate/Routing/Router.php(526): Illuminate\\Routing\\RouteFileRegistrar->register()
#1 /home/debian/VivaBioApp/vendor/laravel/framework/src/Illuminate/Routing/Router.php(480): Illuminate\\Routing\\Router->loadRoutes()
#2 /home/debian/VivaBioApp/vendor/laravel/framework/src/Illuminate/Routing/RouteRegistrar.php(210): Illuminate\\Routing\\Router->group()
#3 /home/debian/VivaBioApp/vendor/laravel/framework/src/Illuminate/Foundation/Configuration/ApplicationBuilder.php(248): Illuminate\\Routing\\RouteRegistrar->group()
#4 /home/debian/VivaBioApp/vendor/laravel/framework/src/Illuminate/Container/BoundMethod.php(36): Illuminate\\Foundation\\Configuration\\ApplicationBuilder->Illuminate\\Foundation\\Configuration\\{closure}()
#5 /home/debian/VivaBioApp/vendor/laravel/framework/src/Illuminate/Container/Util.php(43): Illuminate\\Container\\BoundMethod::Illuminate\\Container\\{closure}()
#6 /home/debian/VivaBioApp/vendor/laravel/framework/src/Illuminate/Container/BoundMethod.php(84): Illuminate\\Container\\Util::unwrapIfClosure()
#7 /home/debian/VivaBioApp/vendor/laravel/framework/src/Illuminate/Container/BoundMethod.php(35): Illuminate\\Container\\BoundMethod::callBoundMethod()
#8 /home/debian/VivaBioApp/vendor/laravel/framework/src/Illuminate/Container/Container.php(836): Illuminate\\Container\\BoundMethod::call()
#9 /home/debian/VivaBioApp/vendor/laravel/framework/src/Illuminate/Foundation/Support/Providers/RouteServiceProvider.php(162): Illuminate\\Container\\Container->call()
#10 /home/debian/VivaBioApp/vendor/laravel/framework/src/Illuminate/Foundation/Support/Providers/RouteServiceProvider.php(59): Illuminate\\Foundation\\Support\\Providers\\RouteServiceProvider->loadRoutes()
#11 /home/debian/VivaBioApp/vendor/laravel/framework/src/Illuminate/Container/BoundMethod.php(36): Illuminate\\Foundation\\Support\\Providers\\RouteServiceProvider->Illuminate\\Foundation\\Support\\Providers\\{closure}()
#12 /home/debian/VivaBioApp/vendor/laravel/framework/src/Illuminate/Container/Util.php(43): Illuminate\\Container\\BoundMethod::Illuminate\\Container\\{closure}()
#13 /home/debian/VivaBioApp/vendor/laravel/framework/src/Illuminate/Container/BoundMethod.php(84): Illuminate\\Container\\Util::unwrapIfClosure()
#14 /home/debian/VivaBioApp/vendor/laravel/framework/src/Illuminate/Container/BoundMethod.php(35): Illuminate\\Container\\BoundMethod::callBoundMethod()
#15 /home/debian/VivaBioApp/vendor/laravel/framework/src/Illuminate/Container/Container.php(836): Illuminate\\Container\\BoundMethod::call()
#16 /home/debian/VivaBioApp/vendor/laravel/framework/src/Illuminate/Support/ServiceProvider.php(143): Illuminate\\Container\\Container->call()
#17 /home/debian/VivaBioApp/vendor/laravel/framework/src/Illuminate/Foundation/Application.php(1154): Illuminate\\Support\\ServiceProvider->callBootedCallbacks()
#18 /home/debian/VivaBioApp/vendor/laravel/framework/src/Illuminate/Foundation/Application.php(1132): Illuminate\\Foundation\\Application->bootProvider()
#19 [internal function]: Illuminate\\Foundation\\Application->Illuminate\\Foundation\\{closure}()
#20 /home/debian/VivaBioApp/vendor/laravel/framework/src/Illuminate/Foundation/Application.php(1131): array_walk()
#21 /home/debian/VivaBioApp/vendor/laravel/framework/src/Illuminate/Foundation/Bootstrap/BootProviders.php(17): Illuminate\\Foundation\\Application->boot()
#22 /home/debian/VivaBioApp/vendor/laravel/framework/src/Illuminate/Foundation/Application.php(342): Illuminate\\Foundation\\Bootstrap\\BootProviders->bootstrap()
#23 /home/debian/VivaBioApp/vendor/laravel/framework/src/Illuminate/Foundation/Console/Kernel.php(473): Illuminate\\Foundation\\Application->bootstrapWith()
#24 /home/debian/VivaBioApp/vendor/laravel/framework/src/Illuminate/Foundation/Console/Kernel.php(195): Illuminate\\Foundation\\Console\\Kernel->bootstrap()
#25 Command line code(1): Illuminate\\Foundation\\Console\\Kernel->handle()
#26 {main}
"} 
[2025-11-05 11:28:39] local.ERROR: syntax error, unexpected token "function", expecting ")" {"exception":"[object] (ParseError(code: 0): syntax error, unexpected token \"function\", expecting \")\" at /home/debian/VivaBioApp/routes/web.php:103)
[stacktrace]
#0 /home/debian/VivaBioApp/vendor/laravel/framework/src/Illuminate/Routing/Router.php(526): Illuminate\\Routing\\RouteFileRegistrar->register()
#1 /home/debian/VivaBioApp/vendor/laravel/framework/src/Illuminate/Routing/Router.php(480): Illuminate\\Routing\\Router->loadRoutes()
#2 /home/debian/VivaBioApp/vendor/laravel/framework/src/Illuminate/Routing/RouteRegistrar.php(210): Illuminate\\Routing\\Router->group()
#3 /home/debian/VivaBioApp/vendor/laravel/framework/src/Illuminate/Foundation/Configuration/ApplicationBuilder.php(248): Illuminate\\Routing\\RouteRegistrar->group()
#4 /home/debian/VivaBioApp/vendor/laravel/framework/src/Illuminate/Container/BoundMethod.php(36): Illuminate\\Foundation\\Configuration\\ApplicationBuilder->Illuminate\\Foundation\\Configuration\\{closure}()
#5 /home/debian/VivaBioApp/vendor/laravel/framework/src/Illuminate/Container/Util.php(43): Illuminate\\Container\\BoundMethod::Illuminate\\Container\\{closure}()
#6 /home/debian/VivaBioApp/vendor/laravel/framework/src/Illuminate/Container/BoundMethod.php(84): Illuminate\\Container\\Util::unwrapIfClosure()
#7 /home/debian/VivaBioApp/vendor/laravel/framework/src/Illuminate/Container/BoundMethod.php(35): Illuminate\\Container\\BoundMethod::callBoundMethod()
#8 /home/debian/VivaBioApp/vendor/laravel/framework/src/Illuminate/Container/Container.php(836): Illuminate\\Container\\BoundMethod::call()
#9 /home/debian/VivaBioApp/vendor/laravel/framework/src/Illuminate/Foundation/Support/Providers/RouteServiceProvider.php(162): Illuminate\\Container\\Container->call()
#10 /home/debian/VivaBioApp/vendor/laravel/framework/src/Illuminate/Foundation/Support/Providers/RouteServiceProvider.php(59): Illuminate\\Foundation\\Support\\Providers\\RouteServiceProvider->loadRoutes()
#11 /home/debian/VivaBioApp/vendor/laravel/framework/src/Illuminate/Container/BoundMethod.php(36): Illuminate\\Foundation\\Support\\Providers\\RouteServiceProvider->Illuminate\\Foundation\\Support\\Providers\\{closure}()
#12 /home/debian/VivaBioApp/vendor/laravel/framework/src/Illuminate/Container/Util.php(43): Illuminate\\Container\\BoundMethod::Illuminate\\Container\\{closure}()
#13 /home/debian/VivaBioApp/vendor/laravel/framework/src/Illuminate/Container/BoundMethod.php(84): Illuminate\\Container\\Util::unwrapIfClosure()
#14 /home/debian/VivaBioApp/vendor/laravel/framework/src/Illuminate/Container/BoundMethod.php(35): Illuminate\\Container\\BoundMethod::callBoundMethod()
#15 /home/debian/VivaBioApp/vendor/laravel/framework/src/Illuminate/Container/Container.php(836): Illuminate\\Container\\BoundMethod::call()
#16 /home/debian/VivaBioApp/vendor/laravel/framework/src/Illuminate/Support/ServiceProvider.php(143): Illuminate\\Container\\Container->call()
#17 /home/debian/VivaBioApp/vendor/laravel/framework/src/Illuminate/Foundation/Application.php(1154): Illuminate\\Support\\ServiceProvider->callBootedCallbacks()
#18 /home/debian/VivaBioApp/vendor/laravel/framework/src/Illuminate/Foundation/Application.php(1132): Illuminate\\Foundation\\Application->bootProvider()
#19 [internal function]: Illuminate\\Foundation\\Application->Illuminate\\Foundation\\{closure}()
#20 /home/debian/VivaBioApp/vendor/laravel/framework/src/Illuminate/Foundation/Application.php(1131): array_walk()
#21 /home/debian/VivaBioApp/vendor/laravel/framework/src/Illuminate/Foundation/Bootstrap/BootProviders.php(17): Illuminate\\Foundation\\Application->boot()
#22 /home/debian/VivaBioApp/vendor/laravel/framework/src/Illuminate/Foundation/Application.php(342): Illuminate\\Foundation\\Bootstrap\\BootProviders->bootstrap()
#23 /home/debian/VivaBioApp/vendor/laravel/framework/src/Illuminate/Foundation/Console/Kernel.php(473): Illuminate\\Foundation\\Application->bootstrapWith()
#24 /home/debian/VivaBioApp/vendor/laravel/framework/src/Illuminate/Foundation/Console/Kernel.php(195): Illuminate\\Foundation\\Console\\Kernel->bootstrap()
#25 Command line code(1): Illuminate\\Foundation\\Console\\Kernel->handle()
#26 {main}
"} 
[2025-11-05 11:28:39] local.ERROR: syntax error, unexpected token "function", expecting ")" {"exception":"[object] (ParseError(code: 0): syntax error, unexpected token \"function\", expecting \")\" at /home/debian/VivaBioApp/routes/web.php:103)
[stacktrace]
#0 /home/debian/VivaBioApp/vendor/laravel/framework/src/Illuminate/Routing/Router.php(526): Illuminate\\Routing\\RouteFileRegistrar->register()
#1 /home/debian/VivaBioApp/vendor/laravel/framework/src/Illuminate/Routing/Router.php(480): Illuminate\\Routing\\Router->loadRoutes()
#2 /home/debian/VivaBioApp/vendor/laravel/framework/src/Illuminate/Routing/RouteRegistrar.php(210): Illuminate\\Routing\\Router->group()
#3 /home/debian/VivaBioApp/vendor/laravel/framework/src/Illuminate/Foundation/Configuration/ApplicationBuilder.php(248): Illuminate\\Routing\\RouteRegistrar->group()
#4 /home/debian/VivaBioApp/vendor/laravel/framework/src/Illuminate/Container/BoundMethod.php(36): Illuminate\\Foundation\\Configuration\\ApplicationBuilder->Illuminate\\Foundation\\Configuration\\{closure}()
#5 /home/debian/VivaBioApp/vendor/laravel/framework/src/Illuminate/Container/Util.php(43): Illuminate\\Container\\BoundMethod::Illuminate\\Container\\{closure}()
#6 /home/debian/VivaBioApp/vendor/laravel/framework/src/Illuminate/Container/BoundMethod.php(84): Illuminate\\Container\\Util::unwrapIfClosure()
#7 /home/debian/VivaBioApp/vendor/laravel/framework/src/Illuminate/Container/BoundMethod.php(35): Illuminate\\Container\\BoundMethod::callBoundMethod()
#8 /home/debian/VivaBioApp/vendor/laravel/framework/src/Illuminate/Container/Container.php(836): Illuminate\\Container\\BoundMethod::call()
#9 /home/debian/VivaBioApp/vendor/laravel/framework/src/Illuminate/Foundation/Support/Providers/RouteServiceProvider.php(162): Illuminate\\Container\\Container->call()
#10 /home/debian/VivaBioApp/vendor/laravel/framework/src/Illuminate/Foundation/Support/Providers/RouteServiceProvider.php(59): Illuminate\\Foundation\\Support\\Providers\\RouteServiceProvider->loadRoutes()
#11 /home/debian/VivaBioApp/vendor/laravel/framework/src/Illuminate/Container/BoundMethod.php(36): Illuminate\\Foundation\\Support\\Providers\\RouteServiceProvider->Illuminate\\Foundation\\Support\\Providers\\{closure}()
#12 /home/debian/VivaBioApp/vendor/laravel/framework/src/Illuminate/Container/Util.php(43): Illuminate\\Container\\BoundMethod::Illuminate\\Container\\{closure}()
#13 /home/debian/VivaBioApp/vendor/laravel/framework/src/Illuminate/Container/BoundMethod.php(84): Illuminate\\Container\\Util::unwrapIfClosure()
#14 /home/debian/VivaBioApp/vendor/laravel/framework/src/Illuminate/Container/BoundMethod.php(35): Illuminate\\Container\\BoundMethod::callBoundMethod()
#15 /home/debian/VivaBioApp/vendor/laravel/framework/src/Illuminate/Container/Container.php(836): Illuminate\\Container\\BoundMethod::call()
#16 /home/debian/VivaBioApp/vendor/laravel/framework/src/Illuminate/Support/ServiceProvider.php(143): Illuminate\\Container\\Container->call()
#17 /home/debian/VivaBioApp/vendor/laravel/framework/src/Illuminate/Foundation/Application.php(1154): Illuminate\\Support\\ServiceProvider->callBootedCallbacks()
#18 /home/debian/VivaBioApp/vendor/laravel/framework/src/Illuminate/Foundation/Application.php(1132): Illuminate\\Foundation\\Application->bootProvider()
#19 [internal function]: Illuminate\\Foundation\\Application->Illuminate\\Foundation\\{closure}()
#20 /home/debian/VivaBioApp/vendor/laravel/framework/src/Illuminate/Foundation/Application.php(1131): array_walk()
#21 /home/debian/VivaBioApp/vendor/laravel/framework/src/Illuminate/Foundation/Bootstrap/BootProviders.php(17): Illuminate\\Foundation\\Application->boot()
#22 /home/debian/VivaBioApp/vendor/laravel/framework/src/Illuminate/Foundation/Application.php(342): Illuminate\\Foundation\\Bootstrap\\BootProviders->bootstrap()
#23 /home/debian/VivaBioApp/vendor/laravel/framework/src/Illuminate/Foundation/Console/Kernel.php(473): Illuminate\\Foundation\\Application->bootstrapWith()
#24 /home/debian/VivaBioApp/vendor/laravel/framework/src/Illuminate/Foundation/Console/Kernel.php(195): Illuminate\\Foundation\\Console\\Kernel->bootstrap()
#25 Command line code(1): Illuminate\\Foundation\\Console\\Kernel->handle()
#26 {main}
"} 
[2025-11-05 11:28:39] local.ERROR: syntax error, unexpected token "function", expecting ")" {"exception":"[object] (ParseError(code: 0): syntax error, unexpected token \"function\", expecting \")\" at /home/debian/VivaBioApp/routes/web.php:103)
[stacktrace]
#0 /home/debian/VivaBioApp/vendor/laravel/framework/src/Illuminate/Routing/Router.php(526): Illuminate\\Routing\\RouteFileRegistrar->register()
#1 /home/debian/VivaBioApp/vendor/laravel/framework/src/Illuminate/Routing/Router.php(480): Illuminate\\Routing\\Router->loadRoutes()
#2 /home/debian/VivaBioApp/vendor/laravel/framework/src/Illuminate/Routing/RouteRegistrar.php(210): Illuminate\\Routing\\Router->group()
#3 /home/debian/VivaBioApp/vendor/laravel/framework/src/Illuminate/Foundation/Configuration/ApplicationBuilder.php(248): Illuminate\\Routing\\RouteRegistrar->group()
#4 /home/debian/VivaBioApp/vendor/laravel/framework/src/Illuminate/Container/BoundMethod.php(36): Illuminate\\Foundation\\Configuration\\ApplicationBuilder->Illuminate\\Foundation\\Configuration\\{closure}()
#5 /home/debian/VivaBioApp/vendor/laravel/framework/src/Illuminate/Container/Util.php(43): Illuminate\\Container\\BoundMethod::Illuminate\\Container\\{closure}()
#6 /home/debian/VivaBioApp/vendor/laravel/framework/src/Illuminate/Container/BoundMethod.php(84): Illuminate\\Container\\Util::unwrapIfClosure()
#7 /home/debian/VivaBioApp/vendor/laravel/framework/src/Illuminate/Container/BoundMethod.php(35): Illuminate\\Container\\BoundMethod::callBoundMethod()
#8 /home/debian/VivaBioApp/vendor/laravel/framework/src/Illuminate/Container/Container.php(836): Illuminate\\Container\\BoundMethod::call()
#9 /home/debian/VivaBioApp/vendor/laravel/framework/src/Illuminate/Foundation/Support/Providers/RouteServiceProvider.php(162): Illuminate\\Container\\Container->call()
#10 /home/debian/VivaBioApp/vendor/laravel/framework/src/Illuminate/Foundation/Support/Providers/RouteServiceProvider.php(59): Illuminate\\Foundation\\Support\\Providers\\RouteServiceProvider->loadRoutes()
#11 /home/debian/VivaBioApp/vendor/laravel/framework/src/Illuminate/Container/BoundMethod.php(36): Illuminate\\Foundation\\Support\\Providers\\RouteServiceProvider->Illuminate\\Foundation\\Support\\Providers\\{closure}()
#12 /home/debian/VivaBioApp/vendor/laravel/framework/src/Illuminate/Container/Util.php(43): Illuminate\\Container\\BoundMethod::Illuminate\\Container\\{closure}()
#13 /home/debian/VivaBioApp/vendor/laravel/framework/src/Illuminate/Container/BoundMethod.php(84): Illuminate\\Container\\Util::unwrapIfClosure()
#14 /home/debian/VivaBioApp/vendor/laravel/framework/src/Illuminate/Container/BoundMethod.php(35): Illuminate\\Container\\BoundMethod::callBoundMethod()
#15 /home/debian/VivaBioApp/vendor/laravel/framework/src/Illuminate/Container/Container.php(836): Illuminate\\Container\\BoundMethod::call()
#16 /home/debian/VivaBioApp/vendor/laravel/framework/src/Illuminate/Support/ServiceProvider.php(143): Illuminate\\Container\\Container->call()
#17 /home/debian/VivaBioApp/vendor/laravel/framework/src/Illuminate/Foundation/Application.php(1154): Illuminate\\Support\\ServiceProvider->callBootedCallbacks()
#18 /home/debian/VivaBioApp/vendor/laravel/framework/src/Illuminate/Foundation/Application.php(1132): Illuminate\\Foundation\\Application->bootProvider()
#19 [internal function]: Illuminate\\Foundation\\Application->Illuminate\\Foundation\\{closure}()
#20 /home/debian/VivaBioApp/vendor/laravel/framework/src/Illuminate/Foundation/Application.php(1131): array_walk()
#21 /home/debian/VivaBioApp/vendor/laravel/framework/src/Illuminate/Foundation/Bootstrap/BootProviders.php(17): Illuminate\\Foundation\\Application->boot()
#22 /home/debian/VivaBioApp/vendor/laravel/framework/src/Illuminate/Foundation/Application.php(342): Illuminate\\Foundation\\Bootstrap\\BootProviders->bootstrap()
#23 /home/debian/VivaBioApp/vendor/laravel/framework/src/Illuminate/Foundation/Console/Kernel.php(473): Illuminate\\Foundation\\Application->bootstrapWith()
#24 /home/debian/VivaBioApp/vendor/laravel/framework/src/Illuminate/Foundation/Console/Kernel.php(195): Illuminate\\Foundation\\Console\\Kernel->bootstrap()
#25 Command line code(1): Illuminate\\Foundation\\Console\\Kernel->handle()
#26 {main}
"} 
[2025-11-05 11:28:39] local.ERROR: syntax error, unexpected token "function", expecting ")" {"exception":"[object] (ParseError(code: 0): syntax error, unexpected token \"function\", expecting \")\" at /home/debian/VivaBioApp/routes/web.php:103)
[stacktrace]
#0 /home/debian/VivaBioApp/vendor/laravel/framework/src/Illuminate/Routing/Router.php(526): Illuminate\\Routing\\RouteFileRegistrar->register()
#1 /home/debian/VivaBioApp/vendor/laravel/framework/src/Illuminate/Routing/Router.php(480): Illuminate\\Routing\\Router->loadRoutes()
#2 /home/debian/VivaBioApp/vendor/laravel/framework/src/Illuminate/Routing/RouteRegistrar.php(210): Illuminate\\Routing\\Router->group()
#3 /home/debian/VivaBioApp/vendor/laravel/framework/src/Illuminate/Foundation/Configuration/ApplicationBuilder.php(248): Illuminate\\Routing\\RouteRegistrar->group()
#4 /home/debian/VivaBioApp/vendor/laravel/framework/src/Illuminate/Container/BoundMethod.php(36): Illuminate\\Foundation\\Configuration\\ApplicationBuilder->Illuminate\\Foundation\\Configuration\\{closure}()
#5 /home/debian/VivaBioApp/vendor/laravel/framework/src/Illuminate/Container/Util.php(43): Illuminate\\Container\\BoundMethod::Illuminate\\Container\\{closure}()
#6 /home/debian/VivaBioApp/vendor/laravel/framework/src/Illuminate/Container/BoundMethod.php(84): Illuminate\\Container\\Util::unwrapIfClosure()
#7 /home/debian/VivaBioApp/vendor/laravel/framework/src/Illuminate/Container/BoundMethod.php(35): Illuminate\\Container\\BoundMethod::callBoundMethod()
#8 /home/debian/VivaBioApp/vendor/laravel/framework/src/Illuminate/Container/Container.php(836): Illuminate\\Container\\BoundMethod::call()
#9 /home/debian/VivaBioApp/vendor/laravel/framework/src/Illuminate/Foundation/Support/Providers/RouteServiceProvider.php(162): Illuminate\\Container\\Container->call()
#10 /home/debian/VivaBioApp/vendor/laravel/framework/src/Illuminate/Foundation/Support/Providers/RouteServiceProvider.php(59): Illuminate\\Foundation\\Support\\Providers\\RouteServiceProvider->loadRoutes()
#11 /home/debian/VivaBioApp/vendor/laravel/framework/src/Illuminate/Container/BoundMethod.php(36): Illuminate\\Foundation\\Support\\Providers\\RouteServiceProvider->Illuminate\\Foundation\\Support\\Providers\\{closure}()
#12 /home/debian/VivaBioApp/vendor/laravel/framework/src/Illuminate/Container/Util.php(43): Illuminate\\Container\\BoundMethod::Illuminate\\Container\\{closure}()
#13 /home/debian/VivaBioApp/vendor/laravel/framework/src/Illuminate/Container/BoundMethod.php(84): Illuminate\\Container\\Util::unwrapIfClosure()
#14 /home/debian/VivaBioApp/vendor/laravel/framework/src/Illuminate/Container/BoundMethod.php(35): Illuminate\\Container\\BoundMethod::callBoundMethod()
#15 /home/debian/VivaBioApp/vendor/laravel/framework/src/Illuminate/Container/Container.php(836): Illuminate\\Container\\BoundMethod::call()
#16 /home/debian/VivaBioApp/vendor/laravel/framework/src/Illuminate/Support/ServiceProvider.php(143): Illuminate\\Container\\Container->call()
#17 /home/debian/VivaBioApp/vendor/laravel/framework/src/Illuminate/Foundation/Application.php(1154): Illuminate\\Support\\ServiceProvider->callBootedCallbacks()
#18 /home/debian/VivaBioApp/vendor/laravel/framework/src/Illuminate/Foundation/Application.php(1132): Illuminate\\Foundation\\Application->bootProvider()
#19 [internal function]: Illuminate\\Foundation\\Application->Illuminate\\Foundation\\{closure}()
#20 /home/debian/VivaBioApp/vendor/laravel/framework/src/Illuminate/Foundation/Application.php(1131): array_walk()
#21 /home/debian/VivaBioApp/vendor/laravel/framework/src/Illuminate/Foundation/Bootstrap/BootProviders.php(17): Illuminate\\Foundation\\Application->boot()
#22 /home/debian/VivaBioApp/vendor/laravel/framework/src/Illuminate/Foundation/Application.php(342): Illuminate\\Foundation\\Bootstrap\\BootProviders->bootstrap()
#23 /home/debian/VivaBioApp/vendor/laravel/framework/src/Illuminate/Foundation/Console/Kernel.php(473): Illuminate\\Foundation\\Application->bootstrapWith()
#24 /home/debian/VivaBioApp/vendor/laravel/framework/src/Illuminate/Foundation/Console/Kernel.php(195): Illuminate\\Foundation\\Console\\Kernel->bootstrap()
#25 Command line code(1): Illuminate\\Foundation\\Console\\Kernel->handle()
#26 {main}
"} 
[2025-11-05 11:28:39] local.ERROR: syntax error, unexpected token "function", expecting ")" {"exception":"[object] (ParseError(code: 0): syntax error, unexpected token \"function\", expecting \")\" at /home/debian/VivaBioApp/routes/web.php:103)
[stacktrace]
#0 /home/debian/VivaBioApp/vendor/laravel/framework/src/Illuminate/Routing/Router.php(526): Illuminate\\Routing\\RouteFileRegistrar->register()
#1 /home/debian/VivaBioApp/vendor/laravel/framework/src/Illuminate/Routing/Router.php(480): Illuminate\\Routing\\Router->loadRoutes()
#2 /home/debian/VivaBioApp/vendor/laravel/framework/src/Illuminate/Routing/RouteRegistrar.php(210): Illuminate\\Routing\\Router->group()
#3 /home/debian/VivaBioApp/vendor/laravel/framework/src/Illuminate/Foundation/Configuration/ApplicationBuilder.php(248): Illuminate\\Routing\\RouteRegistrar->group()
#4 /home/debian/VivaBioApp/vendor/laravel/framework/src/Illuminate/Container/BoundMethod.php(36): Illuminate\\Foundation\\Configuration\\ApplicationBuilder->Illuminate\\Foundation\\Configuration\\{closure}()
#5 /home/debian/VivaBioApp/vendor/laravel/framework/src/Illuminate/Container/Util.php(43): Illuminate\\Container\\BoundMethod::Illuminate\\Container\\{closure}()
#6 /home/debian/VivaBioApp/vendor/laravel/framework/src/Illuminate/Container/BoundMethod.php(84): Illuminate\\Container\\Util::unwrapIfClosure()
#7 /home/debian/VivaBioApp/vendor/laravel/framework/src/Illuminate/Container/BoundMethod.php(35): Illuminate\\Container\\BoundMethod::callBoundMethod()
#8 /home/debian/VivaBioApp/vendor/laravel/framework/src/Illuminate/Container/Container.php(836): Illuminate\\Container\\BoundMethod::call()
#9 /home/debian/VivaBioApp/vendor/laravel/framework/src/Illuminate/Foundation/Support/Providers/RouteServiceProvider.php(162): Illuminate\\Container\\Container->call()
#10 /home/debian/VivaBioApp/vendor/laravel/framework/src/Illuminate/Foundation/Support/Providers/RouteServiceProvider.php(59): Illuminate\\Foundation\\Support\\Providers\\RouteServiceProvider->loadRoutes()
#11 /home/debian/VivaBioApp/vendor/laravel/framework/src/Illuminate/Container/BoundMethod.php(36): Illuminate\\Foundation\\Support\\Providers\\RouteServiceProvider->Illuminate\\Foundation\\Support\\Providers\\{closure}()
#12 /home/debian/VivaBioApp/vendor/laravel/framework/src/Illuminate/Container/Util.php(43): Illuminate\\Container\\BoundMethod::Illuminate\\Container\\{closure}()
#13 /home/debian/VivaBioApp/vendor/laravel/framework/src/Illuminate/Container/BoundMethod.php(84): Illuminate\\Container\\Util::unwrapIfClosure()
#14 /home/debian/VivaBioApp/vendor/laravel/framework/src/Illuminate/Container/BoundMethod.php(35): Illuminate\\Container\\BoundMethod::callBoundMethod()
#15 /home/debian/VivaBioApp/vendor/laravel/framework/src/Illuminate/Container/Container.php(836): Illuminate\\Container\\BoundMethod::call()
#16 /home/debian/VivaBioApp/vendor/laravel/framework/src/Illuminate/Support/ServiceProvider.php(143): Illuminate\\Container\\Container->call()
#17 /home/debian/VivaBioApp/vendor/laravel/framework/src/Illuminate/Foundation/Application.php(1154): Illuminate\\Support\\ServiceProvider->callBootedCallbacks()
#18 /home/debian/VivaBioApp/vendor/laravel/framework/src/Illuminate/Foundation/Application.php(1132): Illuminate\\Foundation\\Application->bootProvider()
#19 [internal function]: Illuminate\\Foundation\\Application->Illuminate\\Foundation\\{closure}()
#20 /home/debian/VivaBioApp/vendor/laravel/framework/src/Illuminate/Foundation/Application.php(1131): array_walk()
#21 /home/debian/VivaBioApp/vendor/laravel/framework/src/Illuminate/Foundation/Bootstrap/BootProviders.php(17): Illuminate\\Foundation\\Application->boot()
#22 /home/debian/VivaBioApp/vendor/laravel/framework/src/Illuminate/Foundation/Application.php(342): Illuminate\\Foundation\\Bootstrap\\BootProviders->bootstrap()
#23 /home/debian/VivaBioApp/vendor/laravel/framework/src/Illuminate/Foundation/Console/Kernel.php(473): Illuminate\\Foundation\\Application->bootstrapWith()
#24 /home/debian/VivaBioApp/vendor/laravel/framework/src/Illuminate/Foundation/Console/Kernel.php(195): Illuminate\\Foundation\\Console\\Kernel->bootstrap()
#25 Command line code(1): Illuminate\\Foundation\\Console\\Kernel->handle()
#26 {main}
"} 
[2025-11-05 11:28:39] local.ERROR: syntax error, unexpected token "function", expecting ")" {"exception":"[object] (ParseError(code: 0): syntax error, unexpected token \"function\", expecting \")\" at /home/debian/VivaBioApp/routes/web.php:103)
[stacktrace]
#0 /home/debian/VivaBioApp/vendor/laravel/framework/src/Illuminate/Routing/Router.php(526): Illuminate\\Routing\\RouteFileRegistrar->register()
#1 /home/debian/VivaBioApp/vendor/laravel/framework/src/Illuminate/Routing/Router.php(480): Illuminate\\Routing\\Router->loadRoutes()
#2 /home/debian/VivaBioApp/vendor/laravel/framework/src/Illuminate/Routing/RouteRegistrar.php(210): Illuminate\\Routing\\Router->group()
#3 /home/debian/VivaBioApp/vendor/laravel/framework/src/Illuminate/Foundation/Configuration/ApplicationBuilder.php(248): Illuminate\\Routing\\RouteRegistrar->group()
#4 /home/debian/VivaBioApp/vendor/laravel/framework/src/Illuminate/Container/BoundMethod.php(36): Illuminate\\Foundation\\Configuration\\ApplicationBuilder->Illuminate\\Foundation\\Configuration\\{closure}()
#5 /home/debian/VivaBioApp/vendor/laravel/framework/src/Illuminate/Container/Util.php(43): Illuminate\\Container\\BoundMethod::Illuminate\\Container\\{closure}()
#6 /home/debian/VivaBioApp/vendor/laravel/framework/src/Illuminate/Container/BoundMethod.php(84): Illuminate\\Container\\Util::unwrapIfClosure()
#7 /home/debian/VivaBioApp/vendor/laravel/framework/src/Illuminate/Container/BoundMethod.php(35): Illuminate\\Container\\BoundMethod::callBoundMethod()
#8 /home/debian/VivaBioApp/vendor/laravel/framework/src/Illuminate/Container/Container.php(836): Illuminate\\Container\\BoundMethod::call()
#9 /home/debian/VivaBioApp/vendor/laravel/framework/src/Illuminate/Foundation/Support/Providers/RouteServiceProvider.php(162): Illuminate\\Container\\Container->call()
#10 /home/debian/VivaBioApp/vendor/laravel/framework/src/Illuminate/Foundation/Support/Providers/RouteServiceProvider.php(59): Illuminate\\Foundation\\Support\\Providers\\RouteServiceProvider->loadRoutes()
#11 /home/debian/VivaBioApp/vendor/laravel/framework/src/Illuminate/Container/BoundMethod.php(36): Illuminate\\Foundation\\Support\\Providers\\RouteServiceProvider->Illuminate\\Foundation\\Support\\Providers\\{closure}()
#12 /home/debian/VivaBioApp/vendor/laravel/framework/src/Illuminate/Container/Util.php(43): Illuminate\\Container\\BoundMethod::Illuminate\\Container\\{closure}()
#13 /home/debian/VivaBioApp/vendor/laravel/framework/src/Illuminate/Container/BoundMethod.php(84): Illuminate\\Container\\Util::unwrapIfClosure()
#14 /home/debian/VivaBioApp/vendor/laravel/framework/src/Illuminate/Container/BoundMethod.php(35): Illuminate\\Container\\BoundMethod::callBoundMethod()
#15 /home/debian/VivaBioApp/vendor/laravel/framework/src/Illuminate/Container/Container.php(836): Illuminate\\Container\\BoundMethod::call()
#16 /home/debian/VivaBioApp/vendor/laravel/framework/src/Illuminate/Support/ServiceProvider.php(143): Illuminate\\Container\\Container->call()
#17 /home/debian/VivaBioApp/vendor/laravel/framework/src/Illuminate/Foundation/Application.php(1154): Illuminate\\Support\\ServiceProvider->callBootedCallbacks()
#18 /home/debian/VivaBioApp/vendor/laravel/framework/src/Illuminate/Foundation/Application.php(1132): Illuminate\\Foundation\\Application->bootProvider()
#19 [internal function]: Illuminate\\Foundation\\Application->Illuminate\\Foundation\\{closure}()
#20 /home/debian/VivaBioApp/vendor/laravel/framework/src/Illuminate/Foundation/Application.php(1131): array_walk()
#21 /home/debian/VivaBioApp/vendor/laravel/framework/src/Illuminate/Foundation/Bootstrap/BootProviders.php(17): Illuminate\\Foundation\\Application->boot()
#22 /home/debian/VivaBioApp/vendor/laravel/framework/src/Illuminate/Foundation/Application.php(342): Illuminate\\Foundation\\Bootstrap\\BootProviders->bootstrap()
#23 /home/debian/VivaBioApp/vendor/laravel/framework/src/Illuminate/Foundation/Console/Kernel.php(473): Illuminate\\Foundation\\Application->bootstrapWith()
#24 /home/debian/VivaBioApp/vendor/laravel/framework/src/Illuminate/Foundation/Console/Kernel.php(195): Illuminate\\Foundation\\Console\\Kernel->bootstrap()
#25 Command line code(1): Illuminate\\Foundation\\Console\\Kernel->handle()
#26 {main}
"} 
[2025-11-05 11:28:52] local.ERROR: syntax error, unexpected token "function", expecting ")" {"exception":"[object] (ParseError(code: 0): syntax error, unexpected token \"function\", expecting \")\" at /home/debian/VivaBioApp/routes/web.php:103)
[stacktrace]
#0 /home/debian/VivaBioApp/vendor/laravel/framework/src/Illuminate/Routing/Router.php(526): Illuminate\\Routing\\RouteFileRegistrar->register()
#1 /home/debian/VivaBioApp/vendor/laravel/framework/src/Illuminate/Routing/Router.php(480): Illuminate\\Routing\\Router->loadRoutes()
#2 /home/debian/VivaBioApp/vendor/laravel/framework/src/Illuminate/Routing/RouteRegistrar.php(210): Illuminate\\Routing\\Router->group()
#3 /home/debian/VivaBioApp/vendor/laravel/framework/src/Illuminate/Foundation/Configuration/ApplicationBuilder.php(248): Illuminate\\Routing\\RouteRegistrar->group()
#4 /home/debian/VivaBioApp/vendor/laravel/framework/src/Illuminate/Container/BoundMethod.php(36): Illuminate\\Foundation\\Configuration\\ApplicationBuilder->Illuminate\\Foundation\\Configuration\\{closure}()
#5 /home/debian/VivaBioApp/vendor/laravel/framework/src/Illuminate/Container/Util.php(43): Illuminate\\Container\\BoundMethod::Illuminate\\Container\\{closure}()
#6 /home/debian/VivaBioApp/vendor/laravel/framework/src/Illuminate/Container/BoundMethod.php(84): Illuminate\\Container\\Util::unwrapIfClosure()
#7 /home/debian/VivaBioApp/vendor/laravel/framework/src/Illuminate/Container/BoundMethod.php(35): Illuminate\\Container\\BoundMethod::callBoundMethod()
#8 /home/debian/VivaBioApp/vendor/laravel/framework/src/Illuminate/Container/Container.php(836): Illuminate\\Container\\BoundMethod::call()
#9 /home/debian/VivaBioApp/vendor/laravel/framework/src/Illuminate/Foundation/Support/Providers/RouteServiceProvider.php(162): Illuminate\\Container\\Container->call()
#10 /home/debian/VivaBioApp/vendor/laravel/framework/src/Illuminate/Foundation/Support/Providers/RouteServiceProvider.php(59): Illuminate\\Foundation\\Support\\Providers\\RouteServiceProvider->loadRoutes()
#11 /home/debian/VivaBioApp/vendor/laravel/framework/src/Illuminate/Container/BoundMethod.php(36): Illuminate\\Foundation\\Support\\Providers\\RouteServiceProvider->Illuminate\\Foundation\\Support\\Providers\\{closure}()
#12 /home/debian/VivaBioApp/vendor/laravel/framework/src/Illuminate/Container/Util.php(43): Illuminate\\Container\\BoundMethod::Illuminate\\Container\\{closure}()
#13 /home/debian/VivaBioApp/vendor/laravel/framework/src/Illuminate/Container/BoundMethod.php(84): Illuminate\\Container\\Util::unwrapIfClosure()
#14 /home/debian/VivaBioApp/vendor/laravel/framework/src/Illuminate/Container/BoundMethod.php(35): Illuminate\\Container\\BoundMethod::callBoundMethod()
#15 /home/debian/VivaBioApp/vendor/laravel/framework/src/Illuminate/Container/Container.php(836): Illuminate\\Container\\BoundMethod::call()
#16 /home/debian/VivaBioApp/vendor/laravel/framework/src/Illuminate/Support/ServiceProvider.php(143): Illuminate\\Container\\Container->call()
#17 /home/debian/VivaBioApp/vendor/laravel/framework/src/Illuminate/Foundation/Application.php(1154): Illuminate\\Support\\ServiceProvider->callBootedCallbacks()
#18 /home/debian/VivaBioApp/vendor/laravel/framework/src/Illuminate/Foundation/Application.php(1132): Illuminate\\Foundation\\Application->bootProvider()
#19 [internal function]: Illuminate\\Foundation\\Application->Illuminate\\Foundation\\{closure}()
#20 /home/debian/VivaBioApp/vendor/laravel/framework/src/Illuminate/Foundation/Application.php(1131): array_walk()
#21 /home/debian/VivaBioApp/vendor/laravel/framework/src/Illuminate/Foundation/Bootstrap/BootProviders.php(17): Illuminate\\Foundation\\Application->boot()
#22 /home/debian/VivaBioApp/vendor/laravel/framework/src/Illuminate/Foundation/Application.php(342): Illuminate\\Foundation\\Bootstrap\\BootProviders->bootstrap()
#23 /home/debian/VivaBioApp/vendor/laravel/framework/src/Illuminate/Foundation/Console/Kernel.php(473): Illuminate\\Foundation\\Application->bootstrapWith()
#24 /home/debian/VivaBioApp/vendor/laravel/framework/src/Illuminate/Foundation/Console/Kernel.php(195): Illuminate\\Foundation\\Console\\Kernel->bootstrap()
#25 /home/debian/VivaBioApp/vendor/laravel/framework/src/Illuminate/Foundation/Application.php(1235): Illuminate\\Foundation\\Console\\Kernel->handle()
#26 /home/debian/VivaBioApp/artisan(16): Illuminate\\Foundation\\Application->handleCommand()
#27 {main}
"} 
[2025-11-05 11:29:39] local.ERROR: syntax error, unexpected token "function", expecting ")" {"exception":"[object] (ParseError(code: 0): syntax error, unexpected token \"function\", expecting \")\" at /home/debian/VivaBioApp/routes/web.php:103)
[stacktrace]
#0 /home/debian/VivaBioApp/vendor/laravel/framework/src/Illuminate/Routing/Router.php(526): Illuminate\\Routing\\RouteFileRegistrar->register()
#1 /home/debian/VivaBioApp/vendor/laravel/framework/src/Illuminate/Routing/Router.php(480): Illuminate\\Routing\\Router->loadRoutes()
#2 /home/debian/VivaBioApp/vendor/laravel/framework/src/Illuminate/Routing/RouteRegistrar.php(210): Illuminate\\Routing\\Router->group()
#3 /home/debian/VivaBioApp/vendor/laravel/framework/src/Illuminate/Foundation/Configuration/ApplicationBuilder.php(248): Illuminate\\Routing\\RouteRegistrar->group()
#4 /home/debian/VivaBioApp/vendor/laravel/framework/src/Illuminate/Container/BoundMethod.php(36): Illuminate\\Foundation\\Configuration\\ApplicationBuilder->Illuminate\\Foundation\\Configuration\\{closure}()
#5 /home/debian/VivaBioApp/vendor/laravel/framework/src/Illuminate/Container/Util.php(43): Illuminate\\Container\\BoundMethod::Illuminate\\Container\\{closure}()
#6 /home/debian/VivaBioApp/vendor/laravel/framework/src/Illuminate/Container/BoundMethod.php(84): Illuminate\\Container\\Util::unwrapIfClosure()
#7 /home/debian/VivaBioApp/vendor/laravel/framework/src/Illuminate/Container/BoundMethod.php(35): Illuminate\\Container\\BoundMethod::callBoundMethod()
#8 /home/debian/VivaBioApp/vendor/laravel/framework/src/Illuminate/Container/Container.php(836): Illuminate\\Container\\BoundMethod::call()
#9 /home/debian/VivaBioApp/vendor/laravel/framework/src/Illuminate/Foundation/Support/Providers/RouteServiceProvider.php(162): Illuminate\\Container\\Container->call()
#10 /home/debian/VivaBioApp/vendor/laravel/framework/src/Illuminate/Foundation/Support/Providers/RouteServiceProvider.php(59): Illuminate\\Foundation\\Support\\Providers\\RouteServiceProvider->loadRoutes()
#11 /home/debian/VivaBioApp/vendor/laravel/framework/src/Illuminate/Container/BoundMethod.php(36): Illuminate\\Foundation\\Support\\Providers\\RouteServiceProvider->Illuminate\\Foundation\\Support\\Providers\\{closure}()
#12 /home/debian/VivaBioApp/vendor/laravel/framework/src/Illuminate/Container/Util.php(43): Illuminate\\Container\\BoundMethod::Illuminate\\Container\\{closure}()
#13 /home/debian/VivaBioApp/vendor/laravel/framework/src/Illuminate/Container/BoundMethod.php(84): Illuminate\\Container\\Util::unwrapIfClosure()
#14 /home/debian/VivaBioApp/vendor/laravel/framework/src/Illuminate/Container/BoundMethod.php(35): Illuminate\\Container\\BoundMethod::callBoundMethod()
#15 /home/debian/VivaBioApp/vendor/laravel/framework/src/Illuminate/Container/Container.php(836): Illuminate\\Container\\BoundMethod::call()
#16 /home/debian/VivaBioApp/vendor/laravel/framework/src/Illuminate/Support/ServiceProvider.php(143): Illuminate\\Container\\Container->call()
#17 /home/debian/VivaBioApp/vendor/laravel/framework/src/Illuminate/Foundation/Application.php(1154): Illuminate\\Support\\ServiceProvider->callBootedCallbacks()
#18 /home/debian/VivaBioApp/vendor/laravel/framework/src/Illuminate/Foundation/Application.php(1132): Illuminate\\Foundation\\Application->bootProvider()
#19 [internal function]: Illuminate\\Foundation\\Application->Illuminate\\Foundation\\{closure}()
#20 /home/debian/VivaBioApp/vendor/laravel/framework/src/Illuminate/Foundation/Application.php(1131): array_walk()
#21 /home/debian/VivaBioApp/vendor/laravel/framework/src/Illuminate/Foundation/Bootstrap/BootProviders.php(17): Illuminate\\Foundation\\Application->boot()
#22 /home/debian/VivaBioApp/vendor/laravel/framework/src/Illuminate/Foundation/Application.php(342): Illuminate\\Foundation\\Bootstrap\\BootProviders->bootstrap()
#23 /home/debian/VivaBioApp/vendor/laravel/framework/src/Illuminate/Foundation/Console/Kernel.php(473): Illuminate\\Foundation\\Application->bootstrapWith()
#24 /home/debian/VivaBioApp/vendor/laravel/framework/src/Illuminate/Foundation/Console/Kernel.php(195): Illuminate\\Foundation\\Console\\Kernel->bootstrap()
#25 Command line code(1): Illuminate\\Foundation\\Console\\Kernel->handle()
#26 {main}
"} 
[2025-11-05 11:29:39] local.ERROR: syntax error, unexpected token "function", expecting ")" {"exception":"[object] (ParseError(code: 0): syntax error, unexpected token \"function\", expecting \")\" at /home/debian/VivaBioApp/routes/web.php:103)
[stacktrace]
#0 /home/debian/VivaBioApp/vendor/laravel/framework/src/Illuminate/Routing/Router.php(526): Illuminate\\Routing\\RouteFileRegistrar->register()
#1 /home/debian/VivaBioApp/vendor/laravel/framework/src/Illuminate/Routing/Router.php(480): Illuminate\\Routing\\Router->loadRoutes()
#2 /home/debian/VivaBioApp/vendor/laravel/framework/src/Illuminate/Routing/RouteRegistrar.php(210): Illuminate\\Routing\\Router->group()
#3 /home/debian/VivaBioApp/vendor/laravel/framework/src/Illuminate/Foundation/Configuration/ApplicationBuilder.php(248): Illuminate\\Routing\\RouteRegistrar->group()
#4 /home/debian/VivaBioApp/vendor/laravel/framework/src/Illuminate/Container/BoundMethod.php(36): Illuminate\\Foundation\\Configuration\\ApplicationBuilder->Illuminate\\Foundation\\Configuration\\{closure}()
#5 /home/debian/VivaBioApp/vendor/laravel/framework/src/Illuminate/Container/Util.php(43): Illuminate\\Container\\BoundMethod::Illuminate\\Container\\{closure}()
#6 /home/debian/VivaBioApp/vendor/laravel/framework/src/Illuminate/Container/BoundMethod.php(84): Illuminate\\Container\\Util::unwrapIfClosure()
#7 /home/debian/VivaBioApp/vendor/laravel/framework/src/Illuminate/Container/BoundMethod.php(35): Illuminate\\Container\\BoundMethod::callBoundMethod()
#8 /home/debian/VivaBioApp/vendor/laravel/framework/src/Illuminate/Container/Container.php(836): Illuminate\\Container\\BoundMethod::call()
#9 /home/debian/VivaBioApp/vendor/laravel/framework/src/Illuminate/Foundation/Support/Providers/RouteServiceProvider.php(162): Illuminate\\Container\\Container->call()
#10 /home/debian/VivaBioApp/vendor/laravel/framework/src/Illuminate/Foundation/Support/Providers/RouteServiceProvider.php(59): Illuminate\\Foundation\\Support\\Providers\\RouteServiceProvider->loadRoutes()
#11 /home/debian/VivaBioApp/vendor/laravel/framework/src/Illuminate/Container/BoundMethod.php(36): Illuminate\\Foundation\\Support\\Providers\\RouteServiceProvider->Illuminate\\Foundation\\Support\\Providers\\{closure}()
#12 /home/debian/VivaBioApp/vendor/laravel/framework/src/Illuminate/Container/Util.php(43): Illuminate\\Container\\BoundMethod::Illuminate\\Container\\{closure}()
#13 /home/debian/VivaBioApp/vendor/laravel/framework/src/Illuminate/Container/BoundMethod.php(84): Illuminate\\Container\\Util::unwrapIfClosure()
#14 /home/debian/VivaBioApp/vendor/laravel/framework/src/Illuminate/Container/BoundMethod.php(35): Illuminate\\Container\\BoundMethod::callBoundMethod()
#15 /home/debian/VivaBioApp/vendor/laravel/framework/src/Illuminate/Container/Container.php(836): Illuminate\\Container\\BoundMethod::call()
#16 /home/debian/VivaBioApp/vendor/laravel/framework/src/Illuminate/Support/ServiceProvider.php(143): Illuminate\\Container\\Container->call()
#17 /home/debian/VivaBioApp/vendor/laravel/framework/src/Illuminate/Foundation/Application.php(1154): Illuminate\\Support\\ServiceProvider->callBootedCallbacks()
#18 /home/debian/VivaBioApp/vendor/laravel/framework/src/Illuminate/Foundation/Application.php(1132): Illuminate\\Foundation\\Application->bootProvider()
#19 [internal function]: Illuminate\\Foundation\\Application->Illuminate\\Foundation\\{closure}()
#20 /home/debian/VivaBioApp/vendor/laravel/framework/src/Illuminate/Foundation/Application.php(1131): array_walk()
#21 /home/debian/VivaBioApp/vendor/laravel/framework/src/Illuminate/Foundation/Bootstrap/BootProviders.php(17): Illuminate\\Foundation\\Application->boot()
#22 /home/debian/VivaBioApp/vendor/laravel/framework/src/Illuminate/Foundation/Application.php(342): Illuminate\\Foundation\\Bootstrap\\BootProviders->bootstrap()
#23 /home/debian/VivaBioApp/vendor/laravel/framework/src/Illuminate/Foundation/Console/Kernel.php(473): Illuminate\\Foundation\\Application->bootstrapWith()
#24 /home/debian/VivaBioApp/vendor/laravel/framework/src/Illuminate/Foundation/Console/Kernel.php(195): Illuminate\\Foundation\\Console\\Kernel->bootstrap()
#25 Command line code(1): Illuminate\\Foundation\\Console\\Kernel->handle()
#26 {main}
"} 
[2025-11-05 11:30:39] local.ERROR: syntax error, unexpected token "function", expecting ")" {"exception":"[object] (ParseError(code: 0): syntax error, unexpected token \"function\", expecting \")\" at /home/debian/VivaBioApp/routes/web.php:103)
[stacktrace]
#0 /home/debian/VivaBioApp/vendor/laravel/framework/src/Illuminate/Routing/Router.php(526): Illuminate\\Routing\\RouteFileRegistrar->register()
#1 /home/debian/VivaBioApp/vendor/laravel/framework/src/Illuminate/Routing/Router.php(480): Illuminate\\Routing\\Router->loadRoutes()
#2 /home/debian/VivaBioApp/vendor/laravel/framework/src/Illuminate/Routing/RouteRegistrar.php(210): Illuminate\\Routing\\Router->group()
#3 /home/debian/VivaBioApp/vendor/laravel/framework/src/Illuminate/Foundation/Configuration/ApplicationBuilder.php(248): Illuminate\\Routing\\RouteRegistrar->group()
#4 /home/debian/VivaBioApp/vendor/laravel/framework/src/Illuminate/Container/BoundMethod.php(36): Illuminate\\Foundation\\Configuration\\ApplicationBuilder->Illuminate\\Foundation\\Configuration\\{closure}()
#5 /home/debian/VivaBioApp/vendor/laravel/framework/src/Illuminate/Container/Util.php(43): Illuminate\\Container\\BoundMethod::Illuminate\\Container\\{closure}()
#6 /home/debian/VivaBioApp/vendor/laravel/framework/src/Illuminate/Container/BoundMethod.php(84): Illuminate\\Container\\Util::unwrapIfClosure()
#7 /home/debian/VivaBioApp/vendor/laravel/framework/src/Illuminate/Container/BoundMethod.php(35): Illuminate\\Container\\BoundMethod::callBoundMethod()
#8 /home/debian/VivaBioApp/vendor/laravel/framework/src/Illuminate/Container/Container.php(836): Illuminate\\Container\\BoundMethod::call()
#9 /home/debian/VivaBioApp/vendor/laravel/framework/src/Illuminate/Foundation/Support/Providers/RouteServiceProvider.php(162): Illuminate\\Container\\Container->call()
#10 /home/debian/VivaBioApp/vendor/laravel/framework/src/Illuminate/Foundation/Support/Providers/RouteServiceProvider.php(59): Illuminate\\Foundation\\Support\\Providers\\RouteServiceProvider->loadRoutes()
#11 /home/debian/VivaBioApp/vendor/laravel/framework/src/Illuminate/Container/BoundMethod.php(36): Illuminate\\Foundation\\Support\\Providers\\RouteServiceProvider->Illuminate\\Foundation\\Support\\Providers\\{closure}()
#12 /home/debian/VivaBioApp/vendor/laravel/framework/src/Illuminate/Container/Util.php(43): Illuminate\\Container\\BoundMethod::Illuminate\\Container\\{closure}()
#13 /home/debian/VivaBioApp/vendor/laravel/framework/src/Illuminate/Container/BoundMethod.php(84): Illuminate\\Container\\Util::unwrapIfClosure()
#14 /home/debian/VivaBioApp/vendor/laravel/framework/src/Illuminate/Container/BoundMethod.php(35): Illuminate\\Container\\BoundMethod::callBoundMethod()
#15 /home/debian/VivaBioApp/vendor/laravel/framework/src/Illuminate/Container/Container.php(836): Illuminate\\Container\\BoundMethod::call()
#16 /home/debian/VivaBioApp/vendor/laravel/framework/src/Illuminate/Support/ServiceProvider.php(143): Illuminate\\Container\\Container->call()
#17 /home/debian/VivaBioApp/vendor/laravel/framework/src/Illuminate/Foundation/Application.php(1154): Illuminate\\Support\\ServiceProvider->callBootedCallbacks()
#18 /home/debian/VivaBioApp/vendor/laravel/framework/src/Illuminate/Foundation/Application.php(1132): Illuminate\\Foundation\\Application->bootProvider()
#19 [internal function]: Illuminate\\Foundation\\Application->Illuminate\\Foundation\\{closure}()
#20 /home/debian/VivaBioApp/vendor/laravel/framework/src/Illuminate/Foundation/Application.php(1131): array_walk()
#21 /home/debian/VivaBioApp/vendor/laravel/framework/src/Illuminate/Foundation/Bootstrap/BootProviders.php(17): Illuminate\\Foundation\\Application->boot()
#22 /home/debian/VivaBioApp/vendor/laravel/framework/src/Illuminate/Foundation/Application.php(342): Illuminate\\Foundation\\Bootstrap\\BootProviders->bootstrap()
#23 /home/debian/VivaBioApp/vendor/laravel/framework/src/Illuminate/Foundation/Console/Kernel.php(473): Illuminate\\Foundation\\Application->bootstrapWith()
#24 /home/debian/VivaBioApp/vendor/laravel/framework/src/Illuminate/Foundation/Console/Kernel.php(195): Illuminate\\Foundation\\Console\\Kernel->bootstrap()
#25 Command line code(1): Illuminate\\Foundation\\Console\\Kernel->handle()
#26 {main}
"} 
[2025-11-05 11:30:39] local.ERROR: syntax error, unexpected token "function", expecting ")" {"exception":"[object] (ParseError(code: 0): syntax error, unexpected token \"function\", expecting \")\" at /home/debian/VivaBioApp/routes/web.php:103)
[stacktrace]
#0 /home/debian/VivaBioApp/vendor/laravel/framework/src/Illuminate/Routing/Router.php(526): Illuminate\\Routing\\RouteFileRegistrar->register()
#1 /home/debian/VivaBioApp/vendor/laravel/framework/src/Illuminate/Routing/Router.php(480): Illuminate\\Routing\\Router->loadRoutes()
#2 /home/debian/VivaBioApp/vendor/laravel/framework/src/Illuminate/Routing/RouteRegistrar.php(210): Illuminate\\Routing\\Router->group()
#3 /home/debian/VivaBioApp/vendor/laravel/framework/src/Illuminate/Foundation/Configuration/ApplicationBuilder.php(248): Illuminate\\Routing\\RouteRegistrar->group()
#4 /home/debian/VivaBioApp/vendor/laravel/framework/src/Illuminate/Container/BoundMethod.php(36): Illuminate\\Foundation\\Configuration\\ApplicationBuilder->Illuminate\\Foundation\\Configuration\\{closure}()
#5 /home/debian/VivaBioApp/vendor/laravel/framework/src/Illuminate/Container/Util.php(43): Illuminate\\Container\\BoundMethod::Illuminate\\Container\\{closure}()
#6 /home/debian/VivaBioApp/vendor/laravel/framework/src/Illuminate/Container/BoundMethod.php(84): Illuminate\\Container\\Util::unwrapIfClosure()
#7 /home/debian/VivaBioApp/vendor/laravel/framework/src/Illuminate/Container/BoundMethod.php(35): Illuminate\\Container\\BoundMethod::callBoundMethod()
#8 /home/debian/VivaBioApp/vendor/laravel/framework/src/Illuminate/Container/Container.php(836): Illuminate\\Container\\BoundMethod::call()
#9 /home/debian/VivaBioApp/vendor/laravel/framework/src/Illuminate/Foundation/Support/Providers/RouteServiceProvider.php(162): Illuminate\\Container\\Container->call()
#10 /home/debian/VivaBioApp/vendor/laravel/framework/src/Illuminate/Foundation/Support/Providers/RouteServiceProvider.php(59): Illuminate\\Foundation\\Support\\Providers\\RouteServiceProvider->loadRoutes()
#11 /home/debian/VivaBioApp/vendor/laravel/framework/src/Illuminate/Container/BoundMethod.php(36): Illuminate\\Foundation\\Support\\Providers\\RouteServiceProvider->Illuminate\\Foundation\\Support\\Providers\\{closure}()
#12 /home/debian/VivaBioApp/vendor/laravel/framework/src/Illuminate/Container/Util.php(43): Illuminate\\Container\\BoundMethod::Illuminate\\Container\\{closure}()
#13 /home/debian/VivaBioApp/vendor/laravel/framework/src/Illuminate/Container/BoundMethod.php(84): Illuminate\\Container\\Util::unwrapIfClosure()
#14 /home/debian/VivaBioApp/vendor/laravel/framework/src/Illuminate/Container/BoundMethod.php(35): Illuminate\\Container\\BoundMethod::callBoundMethod()
#15 /home/debian/VivaBioApp/vendor/laravel/framework/src/Illuminate/Container/Container.php(836): Illuminate\\Container\\BoundMethod::call()
#16 /home/debian/VivaBioApp/vendor/laravel/framework/src/Illuminate/Support/ServiceProvider.php(143): Illuminate\\Container\\Container->call()
#17 /home/debian/VivaBioApp/vendor/laravel/framework/src/Illuminate/Foundation/Application.php(1154): Illuminate\\Support\\ServiceProvider->callBootedCallbacks()
#18 /home/debian/VivaBioApp/vendor/laravel/framework/src/Illuminate/Foundation/Application.php(1132): Illuminate\\Foundation\\Application->bootProvider()
#19 [internal function]: Illuminate\\Foundation\\Application->Illuminate\\Foundation\\{closure}()
#20 /home/debian/VivaBioApp/vendor/laravel/framework/src/Illuminate/Foundation/Application.php(1131): array_walk()
#21 /home/debian/VivaBioApp/vendor/laravel/framework/src/Illuminate/Foundation/Bootstrap/BootProviders.php(17): Illuminate\\Foundation\\Application->boot()
#22 /home/debian/VivaBioApp/vendor/laravel/framework/src/Illuminate/Foundation/Application.php(342): Illuminate\\Foundation\\Bootstrap\\BootProviders->bootstrap()
#23 /home/debian/VivaBioApp/vendor/laravel/framework/src/Illuminate/Foundation/Console/Kernel.php(473): Illuminate\\Foundation\\Application->bootstrapWith()
#24 /home/debian/VivaBioApp/vendor/laravel/framework/src/Illuminate/Foundation/Console/Kernel.php(195): Illuminate\\Foundation\\Console\\Kernel->bootstrap()
#25 Command line code(1): Illuminate\\Foundation\\Console\\Kernel->handle()
#26 {main}
"} 
[2025-11-05 11:30:56] local.ERROR: syntax error, unexpected token "function", expecting ")" {"exception":"[object] (ParseError(code: 0): syntax error, unexpected token \"function\", expecting \")\" at /home/debian/VivaBioApp/routes/web.php:103)
[stacktrace]
#0 /home/debian/VivaBioApp/vendor/laravel/framework/src/Illuminate/Routing/Router.php(526): Illuminate\\Routing\\RouteFileRegistrar->register()
#1 /home/debian/VivaBioApp/vendor/laravel/framework/src/Illuminate/Routing/Router.php(480): Illuminate\\Routing\\Router->loadRoutes()
#2 /home/debian/VivaBioApp/vendor/laravel/framework/src/Illuminate/Routing/RouteRegistrar.php(210): Illuminate\\Routing\\Router->group()
#3 /home/debian/VivaBioApp/vendor/laravel/framework/src/Illuminate/Foundation/Configuration/ApplicationBuilder.php(248): Illuminate\\Routing\\RouteRegistrar->group()
#4 /home/debian/VivaBioApp/vendor/laravel/framework/src/Illuminate/Container/BoundMethod.php(36): Illuminate\\Foundation\\Configuration\\ApplicationBuilder->Illuminate\\Foundation\\Configuration\\{closure}()
#5 /home/debian/VivaBioApp/vendor/laravel/framework/src/Illuminate/Container/Util.php(43): Illuminate\\Container\\BoundMethod::Illuminate\\Container\\{closure}()
#6 /home/debian/VivaBioApp/vendor/laravel/framework/src/Illuminate/Container/BoundMethod.php(84): Illuminate\\Container\\Util::unwrapIfClosure()
#7 /home/debian/VivaBioApp/vendor/laravel/framework/src/Illuminate/Container/BoundMethod.php(35): Illuminate\\Container\\BoundMethod::callBoundMethod()
#8 /home/debian/VivaBioApp/vendor/laravel/framework/src/Illuminate/Container/Container.php(836): Illuminate\\Container\\BoundMethod::call()
#9 /home/debian/VivaBioApp/vendor/laravel/framework/src/Illuminate/Foundation/Support/Providers/RouteServiceProvider.php(162): Illuminate\\Container\\Container->call()
#10 /home/debian/VivaBioApp/vendor/laravel/framework/src/Illuminate/Foundation/Support/Providers/RouteServiceProvider.php(59): Illuminate\\Foundation\\Support\\Providers\\RouteServiceProvider->loadRoutes()
#11 /home/debian/VivaBioApp/vendor/laravel/framework/src/Illuminate/Container/BoundMethod.php(36): Illuminate\\Foundation\\Support\\Providers\\RouteServiceProvider->Illuminate\\Foundation\\Support\\Providers\\{closure}()
#12 /home/debian/VivaBioApp/vendor/laravel/framework/src/Illuminate/Container/Util.php(43): Illuminate\\Container\\BoundMethod::Illuminate\\Container\\{closure}()
#13 /home/debian/VivaBioApp/vendor/laravel/framework/src/Illuminate/Container/BoundMethod.php(84): Illuminate\\Container\\Util::unwrapIfClosure()
#14 /home/debian/VivaBioApp/vendor/laravel/framework/src/Illuminate/Container/BoundMethod.php(35): Illuminate\\Container\\BoundMethod::callBoundMethod()
#15 /home/debian/VivaBioApp/vendor/laravel/framework/src/Illuminate/Container/Container.php(836): Illuminate\\Container\\BoundMethod::call()
#16 /home/debian/VivaBioApp/vendor/laravel/framework/src/Illuminate/Support/ServiceProvider.php(143): Illuminate\\Container\\Container->call()
#17 /home/debian/VivaBioApp/vendor/laravel/framework/src/Illuminate/Foundation/Application.php(1154): Illuminate\\Support\\ServiceProvider->callBootedCallbacks()
#18 /home/debian/VivaBioApp/vendor/laravel/framework/src/Illuminate/Foundation/Application.php(1132): Illuminate\\Foundation\\Application->bootProvider()
#19 [internal function]: Illuminate\\Foundation\\Application->Illuminate\\Foundation\\{closure}()
#20 /home/debian/VivaBioApp/vendor/laravel/framework/src/Illuminate/Foundation/Application.php(1131): array_walk()
#21 /home/debian/VivaBioApp/vendor/laravel/framework/src/Illuminate/Foundation/Bootstrap/BootProviders.php(17): Illuminate\\Foundation\\Application->boot()
#22 /home/debian/VivaBioApp/vendor/laravel/framework/src/Illuminate/Foundation/Application.php(342): Illuminate\\Foundation\\Bootstrap\\BootProviders->bootstrap()
#23 /home/debian/VivaBioApp/vendor/laravel/framework/src/Illuminate/Foundation/Console/Kernel.php(473): Illuminate\\Foundation\\Application->bootstrapWith()
#24 /home/debian/VivaBioApp/vendor/laravel/framework/src/Illuminate/Foundation/Console/Kernel.php(195): Illuminate\\Foundation\\Console\\Kernel->bootstrap()
#25 Command line code(1): Illuminate\\Foundation\\Console\\Kernel->handle()
#26 {main}
"} 
[2025-11-05 11:30:56] local.ERROR: syntax error, unexpected token "function", expecting ")" {"exception":"[object] (ParseError(code: 0): syntax error, unexpected token \"function\", expecting \")\" at /home/debian/VivaBioApp/routes/web.php:103)
[stacktrace]
#0 /home/debian/VivaBioApp/vendor/laravel/framework/src/Illuminate/Routing/Router.php(526): Illuminate\\Routing\\RouteFileRegistrar->register()
#1 /home/debian/VivaBioApp/vendor/laravel/framework/src/Illuminate/Routing/Router.php(480): Illuminate\\Routing\\Router->loadRoutes()
#2 /home/debian/VivaBioApp/vendor/laravel/framework/src/Illuminate/Routing/RouteRegistrar.php(210): Illuminate\\Routing\\Router->group()
#3 /home/debian/VivaBioApp/vendor/laravel/framework/src/Illuminate/Foundation/Configuration/ApplicationBuilder.php(248): Illuminate\\Routing\\RouteRegistrar->group()
#4 /home/debian/VivaBioApp/vendor/laravel/framework/src/Illuminate/Container/BoundMethod.php(36): Illuminate\\Foundation\\Configuration\\ApplicationBuilder->Illuminate\\Foundation\\Configuration\\{closure}()
#5 /home/debian/VivaBioApp/vendor/laravel/framework/src/Illuminate/Container/Util.php(43): Illuminate\\Container\\BoundMethod::Illuminate\\Container\\{closure}()
#6 /home/debian/VivaBioApp/vendor/laravel/framework/src/Illuminate/Container/BoundMethod.php(84): Illuminate\\Container\\Util::unwrapIfClosure()
#7 /home/debian/VivaBioApp/vendor/laravel/framework/src/Illuminate/Container/BoundMethod.php(35): Illuminate\\Container\\BoundMethod::callBoundMethod()
#8 /home/debian/VivaBioApp/vendor/laravel/framework/src/Illuminate/Container/Container.php(836): Illuminate\\Container\\BoundMethod::call()
#9 /home/debian/VivaBioApp/vendor/laravel/framework/src/Illuminate/Foundation/Support/Providers/RouteServiceProvider.php(162): Illuminate\\Container\\Container->call()
#10 /home/debian/VivaBioApp/vendor/laravel/framework/src/Illuminate/Foundation/Support/Providers/RouteServiceProvider.php(59): Illuminate\\Foundation\\Support\\Providers\\RouteServiceProvider->loadRoutes()
#11 /home/debian/VivaBioApp/vendor/laravel/framework/src/Illuminate/Container/BoundMethod.php(36): Illuminate\\Foundation\\Support\\Providers\\RouteServiceProvider->Illuminate\\Foundation\\Support\\Providers\\{closure}()
#12 /home/debian/VivaBioApp/vendor/laravel/framework/src/Illuminate/Container/Util.php(43): Illuminate\\Container\\BoundMethod::Illuminate\\Container\\{closure}()
#13 /home/debian/VivaBioApp/vendor/laravel/framework/src/Illuminate/Container/BoundMethod.php(84): Illuminate\\Container\\Util::unwrapIfClosure()
#14 /home/debian/VivaBioApp/vendor/laravel/framework/src/Illuminate/Container/BoundMethod.php(35): Illuminate\\Container\\BoundMethod::callBoundMethod()
#15 /home/debian/VivaBioApp/vendor/laravel/framework/src/Illuminate/Container/Container.php(836): Illuminate\\Container\\BoundMethod::call()
#16 /home/debian/VivaBioApp/vendor/laravel/framework/src/Illuminate/Support/ServiceProvider.php(143): Illuminate\\Container\\Container->call()
#17 /home/debian/VivaBioApp/vendor/laravel/framework/src/Illuminate/Foundation/Application.php(1154): Illuminate\\Support\\ServiceProvider->callBootedCallbacks()
#18 /home/debian/VivaBioApp/vendor/laravel/framework/src/Illuminate/Foundation/Application.php(1132): Illuminate\\Foundation\\Application->bootProvider()
#19 [internal function]: Illuminate\\Foundation\\Application->Illuminate\\Foundation\\{closure}()
#20 /home/debian/VivaBioApp/vendor/laravel/framework/src/Illuminate/Foundation/Application.php(1131): array_walk()
#21 /home/debian/VivaBioApp/vendor/laravel/framework/src/Illuminate/Foundation/Bootstrap/BootProviders.php(17): Illuminate\\Foundation\\Application->boot()
#22 /home/debian/VivaBioApp/vendor/laravel/framework/src/Illuminate/Foundation/Application.php(342): Illuminate\\Foundation\\Bootstrap\\BootProviders->bootstrap()
#23 /home/debian/VivaBioApp/vendor/laravel/framework/src/Illuminate/Foundation/Console/Kernel.php(473): Illuminate\\Foundation\\Application->bootstrapWith()
#24 /home/debian/VivaBioApp/vendor/laravel/framework/src/Illuminate/Foundation/Console/Kernel.php(195): Illuminate\\Foundation\\Console\\Kernel->bootstrap()
#25 Command line code(1): Illuminate\\Foundation\\Console\\Kernel->handle()
#26 {main}
"} 
[2025-11-05 11:31:39] local.ERROR: syntax error, unexpected token "function", expecting ")" {"exception":"[object] (ParseError(code: 0): syntax error, unexpected token \"function\", expecting \")\" at /home/debian/VivaBioApp/routes/web.php:103)
[stacktrace]
#0 /home/debian/VivaBioApp/vendor/laravel/framework/src/Illuminate/Routing/Router.php(526): Illuminate\\Routing\\RouteFileRegistrar->register()
#1 /home/debian/VivaBioApp/vendor/laravel/framework/src/Illuminate/Routing/Router.php(480): Illuminate\\Routing\\Router->loadRoutes()
#2 /home/debian/VivaBioApp/vendor/laravel/framework/src/Illuminate/Routing/RouteRegistrar.php(210): Illuminate\\Routing\\Router->group()
#3 /home/debian/VivaBioApp/vendor/laravel/framework/src/Illuminate/Foundation/Configuration/ApplicationBuilder.php(248): Illuminate\\Routing\\RouteRegistrar->group()
#4 /home/debian/VivaBioApp/vendor/laravel/framework/src/Illuminate/Container/BoundMethod.php(36): Illuminate\\Foundation\\Configuration\\ApplicationBuilder->Illuminate\\Foundation\\Configuration\\{closure}()
#5 /home/debian/VivaBioApp/vendor/laravel/framework/src/Illuminate/Container/Util.php(43): Illuminate\\Container\\BoundMethod::Illuminate\\Container\\{closure}()
#6 /home/debian/VivaBioApp/vendor/laravel/framework/src/Illuminate/Container/BoundMethod.php(84): Illuminate\\Container\\Util::unwrapIfClosure()
#7 /home/debian/VivaBioApp/vendor/laravel/framework/src/Illuminate/Container/BoundMethod.php(35): Illuminate\\Container\\BoundMethod::callBoundMethod()
#8 /home/debian/VivaBioApp/vendor/laravel/framework/src/Illuminate/Container/Container.php(836): Illuminate\\Container\\BoundMethod::call()
#9 /home/debian/VivaBioApp/vendor/laravel/framework/src/Illuminate/Foundation/Support/Providers/RouteServiceProvider.php(162): Illuminate\\Container\\Container->call()
#10 /home/debian/VivaBioApp/vendor/laravel/framework/src/Illuminate/Foundation/Support/Providers/RouteServiceProvider.php(59): Illuminate\\Foundation\\Support\\Providers\\RouteServiceProvider->loadRoutes()
#11 /home/debian/VivaBioApp/vendor/laravel/framework/src/Illuminate/Container/BoundMethod.php(36): Illuminate\\Foundation\\Support\\Providers\\RouteServiceProvider->Illuminate\\Foundation\\Support\\Providers\\{closure}()
#12 /home/debian/VivaBioApp/vendor/laravel/framework/src/Illuminate/Container/Util.php(43): Illuminate\\Container\\BoundMethod::Illuminate\\Container\\{closure}()
#13 /home/debian/VivaBioApp/vendor/laravel/framework/src/Illuminate/Container/BoundMethod.php(84): Illuminate\\Container\\Util::unwrapIfClosure()
#14 /home/debian/VivaBioApp/vendor/laravel/framework/src/Illuminate/Container/BoundMethod.php(35): Illuminate\\Container\\BoundMethod::callBoundMethod()
#15 /home/debian/VivaBioApp/vendor/laravel/framework/src/Illuminate/Container/Container.php(836): Illuminate\\Container\\BoundMethod::call()
#16 /home/debian/VivaBioApp/vendor/laravel/framework/src/Illuminate/Support/ServiceProvider.php(143): Illuminate\\Container\\Container->call()
#17 /home/debian/VivaBioApp/vendor/laravel/framework/src/Illuminate/Foundation/Application.php(1154): Illuminate\\Support\\ServiceProvider->callBootedCallbacks()
#18 /home/debian/VivaBioApp/vendor/laravel/framework/src/Illuminate/Foundation/Application.php(1132): Illuminate\\Foundation\\Application->bootProvider()
#19 [internal function]: Illuminate\\Foundation\\Application->Illuminate\\Foundation\\{closure}()
#20 /home/debian/VivaBioApp/vendor/laravel/framework/src/Illuminate/Foundation/Application.php(1131): array_walk()
#21 /home/debian/VivaBioApp/vendor/laravel/framework/src/Illuminate/Foundation/Bootstrap/BootProviders.php(17): Illuminate\\Foundation\\Application->boot()
#22 /home/debian/VivaBioApp/vendor/laravel/framework/src/Illuminate/Foundation/Application.php(342): Illuminate\\Foundation\\Bootstrap\\BootProviders->bootstrap()
#23 /home/debian/VivaBioApp/vendor/laravel/framework/src/Illuminate/Foundation/Console/Kernel.php(473): Illuminate\\Foundation\\Application->bootstrapWith()
#24 /home/debian/VivaBioApp/vendor/laravel/framework/src/Illuminate/Foundation/Console/Kernel.php(195): Illuminate\\Foundation\\Console\\Kernel->bootstrap()
#25 Command line code(1): Illuminate\\Foundation\\Console\\Kernel->handle()
#26 {main}
"} 
[2025-11-05 11:31:39] local.ERROR: syntax error, unexpected token "function", expecting ")" {"exception":"[object] (ParseError(code: 0): syntax error, unexpected token \"function\", expecting \")\" at /home/debian/VivaBioApp/routes/web.php:103)
[stacktrace]
#0 /home/debian/VivaBioApp/vendor/laravel/framework/src/Illuminate/Routing/Router.php(526): Illuminate\\Routing\\RouteFileRegistrar->register()
#1 /home/debian/VivaBioApp/vendor/laravel/framework/src/Illuminate/Routing/Router.php(480): Illuminate\\Routing\\Router->loadRoutes()
#2 /home/debian/VivaBioApp/vendor/laravel/framework/src/Illuminate/Routing/RouteRegistrar.php(210): Illuminate\\Routing\\Router->group()
#3 /home/debian/VivaBioApp/vendor/laravel/framework/src/Illuminate/Foundation/Configuration/ApplicationBuilder.php(248): Illuminate\\Routing\\RouteRegistrar->group()
#4 /home/debian/VivaBioApp/vendor/laravel/framework/src/Illuminate/Container/BoundMethod.php(36): Illuminate\\Foundation\\Configuration\\ApplicationBuilder->Illuminate\\Foundation\\Configuration\\{closure}()
#5 /home/debian/VivaBioApp/vendor/laravel/framework/src/Illuminate/Container/Util.php(43): Illuminate\\Container\\BoundMethod::Illuminate\\Container\\{closure}()
#6 /home/debian/VivaBioApp/vendor/laravel/framework/src/Illuminate/Container/BoundMethod.php(84): Illuminate\\Container\\Util::unwrapIfClosure()
#7 /home/debian/VivaBioApp/vendor/laravel/framework/src/Illuminate/Container/BoundMethod.php(35): Illuminate\\Container\\BoundMethod::callBoundMethod()
#8 /home/debian/VivaBioApp/vendor/laravel/framework/src/Illuminate/Container/Container.php(836): Illuminate\\Container\\BoundMethod::call()
#9 /home/debian/VivaBioApp/vendor/laravel/framework/src/Illuminate/Foundation/Support/Providers/RouteServiceProvider.php(162): Illuminate\\Container\\Container->call()
#10 /home/debian/VivaBioApp/vendor/laravel/framework/src/Illuminate/Foundation/Support/Providers/RouteServiceProvider.php(59): Illuminate\\Foundation\\Support\\Providers\\RouteServiceProvider->loadRoutes()
#11 /home/debian/VivaBioApp/vendor/laravel/framework/src/Illuminate/Container/BoundMethod.php(36): Illuminate\\Foundation\\Support\\Providers\\RouteServiceProvider->Illuminate\\Foundation\\Support\\Providers\\{closure}()
#12 /home/debian/VivaBioApp/vendor/laravel/framework/src/Illuminate/Container/Util.php(43): Illuminate\\Container\\BoundMethod::Illuminate\\Container\\{closure}()
#13 /home/debian/VivaBioApp/vendor/laravel/framework/src/Illuminate/Container/BoundMethod.php(84): Illuminate\\Container\\Util::unwrapIfClosure()
#14 /home/debian/VivaBioApp/vendor/laravel/framework/src/Illuminate/Container/BoundMethod.php(35): Illuminate\\Container\\BoundMethod::callBoundMethod()
#15 /home/debian/VivaBioApp/vendor/laravel/framework/src/Illuminate/Container/Container.php(836): Illuminate\\Container\\BoundMethod::call()
#16 /home/debian/VivaBioApp/vendor/laravel/framework/src/Illuminate/Support/ServiceProvider.php(143): Illuminate\\Container\\Container->call()
#17 /home/debian/VivaBioApp/vendor/laravel/framework/src/Illuminate/Foundation/Application.php(1154): Illuminate\\Support\\ServiceProvider->callBootedCallbacks()
#18 /home/debian/VivaBioApp/vendor/laravel/framework/src/Illuminate/Foundation/Application.php(1132): Illuminate\\Foundation\\Application->bootProvider()
#19 [internal function]: Illuminate\\Foundation\\Application->Illuminate\\Foundation\\{closure}()
#20 /home/debian/VivaBioApp/vendor/laravel/framework/src/Illuminate/Foundation/Application.php(1131): array_walk()
#21 /home/debian/VivaBioApp/vendor/laravel/framework/src/Illuminate/Foundation/Bootstrap/BootProviders.php(17): Illuminate\\Foundation\\Application->boot()
#22 /home/debian/VivaBioApp/vendor/laravel/framework/src/Illuminate/Foundation/Application.php(342): Illuminate\\Foundation\\Bootstrap\\BootProviders->bootstrap()
#23 /home/debian/VivaBioApp/vendor/laravel/framework/src/Illuminate/Foundation/Console/Kernel.php(473): Illuminate\\Foundation\\Application->bootstrapWith()
#24 /home/debian/VivaBioApp/vendor/laravel/framework/src/Illuminate/Foundation/Console/Kernel.php(195): Illuminate\\Foundation\\Console\\Kernel->bootstrap()
#25 Command line code(1): Illuminate\\Foundation\\Console\\Kernel->handle()
#26 {main}
"} 
[2025-11-05 11:32:39] local.ERROR: syntax error, unexpected token "function", expecting ")" {"exception":"[object] (ParseError(code: 0): syntax error, unexpected token \"function\", expecting \")\" at /home/debian/VivaBioApp/routes/web.php:101)
[stacktrace]
#0 /home/debian/VivaBioApp/vendor/laravel/framework/src/Illuminate/Routing/Router.php(526): Illuminate\\Routing\\RouteFileRegistrar->register()
#1 /home/debian/VivaBioApp/vendor/laravel/framework/src/Illuminate/Routing/Router.php(480): Illuminate\\Routing\\Router->loadRoutes()
#2 /home/debian/VivaBioApp/vendor/laravel/framework/src/Illuminate/Routing/RouteRegistrar.php(210): Illuminate\\Routing\\Router->group()
#3 /home/debian/VivaBioApp/vendor/laravel/framework/src/Illuminate/Foundation/Configuration/ApplicationBuilder.php(248): Illuminate\\Routing\\RouteRegistrar->group()
#4 /home/debian/VivaBioApp/vendor/laravel/framework/src/Illuminate/Container/BoundMethod.php(36): Illuminate\\Foundation\\Configuration\\ApplicationBuilder->Illuminate\\Foundation\\Configuration\\{closure}()
#5 /home/debian/VivaBioApp/vendor/laravel/framework/src/Illuminate/Container/Util.php(43): Illuminate\\Container\\BoundMethod::Illuminate\\Container\\{closure}()
#6 /home/debian/VivaBioApp/vendor/laravel/framework/src/Illuminate/Container/BoundMethod.php(84): Illuminate\\Container\\Util::unwrapIfClosure()
#7 /home/debian/VivaBioApp/vendor/laravel/framework/src/Illuminate/Container/BoundMethod.php(35): Illuminate\\Container\\BoundMethod::callBoundMethod()
#8 /home/debian/VivaBioApp/vendor/laravel/framework/src/Illuminate/Container/Container.php(836): Illuminate\\Container\\BoundMethod::call()
#9 /home/debian/VivaBioApp/vendor/laravel/framework/src/Illuminate/Foundation/Support/Providers/RouteServiceProvider.php(162): Illuminate\\Container\\Container->call()
#10 /home/debian/VivaBioApp/vendor/laravel/framework/src/Illuminate/Foundation/Support/Providers/RouteServiceProvider.php(59): Illuminate\\Foundation\\Support\\Providers\\RouteServiceProvider->loadRoutes()
#11 /home/debian/VivaBioApp/vendor/laravel/framework/src/Illuminate/Container/BoundMethod.php(36): Illuminate\\Foundation\\Support\\Providers\\RouteServiceProvider->Illuminate\\Foundation\\Support\\Providers\\{closure}()
#12 /home/debian/VivaBioApp/vendor/laravel/framework/src/Illuminate/Container/Util.php(43): Illuminate\\Container\\BoundMethod::Illuminate\\Container\\{closure}()
#13 /home/debian/VivaBioApp/vendor/laravel/framework/src/Illuminate/Container/BoundMethod.php(84): Illuminate\\Container\\Util::unwrapIfClosure()
#14 /home/debian/VivaBioApp/vendor/laravel/framework/src/Illuminate/Container/BoundMethod.php(35): Illuminate\\Container\\BoundMethod::callBoundMethod()
#15 /home/debian/VivaBioApp/vendor/laravel/framework/src/Illuminate/Container/Container.php(836): Illuminate\\Container\\BoundMethod::call()
#16 /home/debian/VivaBioApp/vendor/laravel/framework/src/Illuminate/Support/ServiceProvider.php(143): Illuminate\\Container\\Container->call()
#17 /home/debian/VivaBioApp/vendor/laravel/framework/src/Illuminate/Foundation/Application.php(1154): Illuminate\\Support\\ServiceProvider->callBootedCallbacks()
#18 /home/debian/VivaBioApp/vendor/laravel/framework/src/Illuminate/Foundation/Application.php(1132): Illuminate\\Foundation\\Application->bootProvider()
#19 [internal function]: Illuminate\\Foundation\\Application->Illuminate\\Foundation\\{closure}()
#20 /home/debian/VivaBioApp/vendor/laravel/framework/src/Illuminate/Foundation/Application.php(1131): array_walk()
#21 /home/debian/VivaBioApp/vendor/laravel/framework/src/Illuminate/Foundation/Bootstrap/BootProviders.php(17): Illuminate\\Foundation\\Application->boot()
#22 /home/debian/VivaBioApp/vendor/laravel/framework/src/Illuminate/Foundation/Application.php(342): Illuminate\\Foundation\\Bootstrap\\BootProviders->bootstrap()
#23 /home/debian/VivaBioApp/vendor/laravel/framework/src/Illuminate/Foundation/Console/Kernel.php(473): Illuminate\\Foundation\\Application->bootstrapWith()
#24 /home/debian/VivaBioApp/vendor/laravel/framework/src/Illuminate/Foundation/Console/Kernel.php(195): Illuminate\\Foundation\\Console\\Kernel->bootstrap()
#25 Command line code(1): Illuminate\\Foundation\\Console\\Kernel->handle()
#26 {main}
"} 
[2025-11-05 11:32:39] local.ERROR: syntax error, unexpected token "function", expecting ")" {"exception":"[object] (ParseError(code: 0): syntax error, unexpected token \"function\", expecting \")\" at /home/debian/VivaBioApp/routes/web.php:101)
[stacktrace]
#0 /home/debian/VivaBioApp/vendor/laravel/framework/src/Illuminate/Routing/Router.php(526): Illuminate\\Routing\\RouteFileRegistrar->register()
#1 /home/debian/VivaBioApp/vendor/laravel/framework/src/Illuminate/Routing/Router.php(480): Illuminate\\Routing\\Router->loadRoutes()
#2 /home/debian/VivaBioApp/vendor/laravel/framework/src/Illuminate/Routing/RouteRegistrar.php(210): Illuminate\\Routing\\Router->group()
#3 /home/debian/VivaBioApp/vendor/laravel/framework/src/Illuminate/Foundation/Configuration/ApplicationBuilder.php(248): Illuminate\\Routing\\RouteRegistrar->group()
#4 /home/debian/VivaBioApp/vendor/laravel/framework/src/Illuminate/Container/BoundMethod.php(36): Illuminate\\Foundation\\Configuration\\ApplicationBuilder->Illuminate\\Foundation\\Configuration\\{closure}()
#5 /home/debian/VivaBioApp/vendor/laravel/framework/src/Illuminate/Container/Util.php(43): Illuminate\\Container\\BoundMethod::Illuminate\\Container\\{closure}()
#6 /home/debian/VivaBioApp/vendor/laravel/framework/src/Illuminate/Container/BoundMethod.php(84): Illuminate\\Container\\Util::unwrapIfClosure()
#7 /home/debian/VivaBioApp/vendor/laravel/framework/src/Illuminate/Container/BoundMethod.php(35): Illuminate\\Container\\BoundMethod::callBoundMethod()
#8 /home/debian/VivaBioApp/vendor/laravel/framework/src/Illuminate/Container/Container.php(836): Illuminate\\Container\\BoundMethod::call()
#9 /home/debian/VivaBioApp/vendor/laravel/framework/src/Illuminate/Foundation/Support/Providers/RouteServiceProvider.php(162): Illuminate\\Container\\Container->call()
#10 /home/debian/VivaBioApp/vendor/laravel/framework/src/Illuminate/Foundation/Support/Providers/RouteServiceProvider.php(59): Illuminate\\Foundation\\Support\\Providers\\RouteServiceProvider->loadRoutes()
#11 /home/debian/VivaBioApp/vendor/laravel/framework/src/Illuminate/Container/BoundMethod.php(36): Illuminate\\Foundation\\Support\\Providers\\RouteServiceProvider->Illuminate\\Foundation\\Support\\Providers\\{closure}()
#12 /home/debian/VivaBioApp/vendor/laravel/framework/src/Illuminate/Container/Util.php(43): Illuminate\\Container\\BoundMethod::Illuminate\\Container\\{closure}()
#13 /home/debian/VivaBioApp/vendor/laravel/framework/src/Illuminate/Container/BoundMethod.php(84): Illuminate\\Container\\Util::unwrapIfClosure()
#14 /home/debian/VivaBioApp/vendor/laravel/framework/src/Illuminate/Container/BoundMethod.php(35): Illuminate\\Container\\BoundMethod::callBoundMethod()
#15 /home/debian/VivaBioApp/vendor/laravel/framework/src/Illuminate/Container/Container.php(836): Illuminate\\Container\\BoundMethod::call()
#16 /home/debian/VivaBioApp/vendor/laravel/framework/src/Illuminate/Support/ServiceProvider.php(143): Illuminate\\Container\\Container->call()
#17 /home/debian/VivaBioApp/vendor/laravel/framework/src/Illuminate/Foundation/Application.php(1154): Illuminate\\Support\\ServiceProvider->callBootedCallbacks()
#18 /home/debian/VivaBioApp/vendor/laravel/framework/src/Illuminate/Foundation/Application.php(1132): Illuminate\\Foundation\\Application->bootProvider()
#19 [internal function]: Illuminate\\Foundation\\Application->Illuminate\\Foundation\\{closure}()
#20 /home/debian/VivaBioApp/vendor/laravel/framework/src/Illuminate/Foundation/Application.php(1131): array_walk()
#21 /home/debian/VivaBioApp/vendor/laravel/framework/src/Illuminate/Foundation/Bootstrap/BootProviders.php(17): Illuminate\\Foundation\\Application->boot()
#22 /home/debian/VivaBioApp/vendor/laravel/framework/src/Illuminate/Foundation/Application.php(342): Illuminate\\Foundation\\Bootstrap\\BootProviders->bootstrap()
#23 /home/debian/VivaBioApp/vendor/laravel/framework/src/Illuminate/Foundation/Console/Kernel.php(473): Illuminate\\Foundation\\Application->bootstrapWith()
#24 /home/debian/VivaBioApp/vendor/laravel/framework/src/Illuminate/Foundation/Console/Kernel.php(195): Illuminate\\Foundation\\Console\\Kernel->bootstrap()
#25 Command line code(1): Illuminate\\Foundation\\Console\\Kernel->handle()
#26 {main}
"} 
[2025-11-05 11:32:42] local.ERROR: syntax error, unexpected token "function", expecting ")" {"exception":"[object] (ParseError(code: 0): syntax error, unexpected token \"function\", expecting \")\" at /home/debian/VivaBioApp/routes/web.php:101)
[stacktrace]
#0 /home/debian/VivaBioApp/vendor/laravel/framework/src/Illuminate/Routing/Router.php(526): Illuminate\\Routing\\RouteFileRegistrar->register()
#1 /home/debian/VivaBioApp/vendor/laravel/framework/src/Illuminate/Routing/Router.php(480): Illuminate\\Routing\\Router->loadRoutes()
#2 /home/debian/VivaBioApp/vendor/laravel/framework/src/Illuminate/Routing/RouteRegistrar.php(210): Illuminate\\Routing\\Router->group()
#3 /home/debian/VivaBioApp/vendor/laravel/framework/src/Illuminate/Foundation/Configuration/ApplicationBuilder.php(248): Illuminate\\Routing\\RouteRegistrar->group()
#4 /home/debian/VivaBioApp/vendor/laravel/framework/src/Illuminate/Container/BoundMethod.php(36): Illuminate\\Foundation\\Configuration\\ApplicationBuilder->Illuminate\\Foundation\\Configuration\\{closure}()
#5 /home/debian/VivaBioApp/vendor/laravel/framework/src/Illuminate/Container/Util.php(43): Illuminate\\Container\\BoundMethod::Illuminate\\Container\\{closure}()
#6 /home/debian/VivaBioApp/vendor/laravel/framework/src/Illuminate/Container/BoundMethod.php(84): Illuminate\\Container\\Util::unwrapIfClosure()
#7 /home/debian/VivaBioApp/vendor/laravel/framework/src/Illuminate/Container/BoundMethod.php(35): Illuminate\\Container\\BoundMethod::callBoundMethod()
#8 /home/debian/VivaBioApp/vendor/laravel/framework/src/Illuminate/Container/Container.php(836): Illuminate\\Container\\BoundMethod::call()
#9 /home/debian/VivaBioApp/vendor/laravel/framework/src/Illuminate/Foundation/Support/Providers/RouteServiceProvider.php(162): Illuminate\\Container\\Container->call()
#10 /home/debian/VivaBioApp/vendor/laravel/framework/src/Illuminate/Foundation/Support/Providers/RouteServiceProvider.php(59): Illuminate\\Foundation\\Support\\Providers\\RouteServiceProvider->loadRoutes()
#11 /home/debian/VivaBioApp/vendor/laravel/framework/src/Illuminate/Container/BoundMethod.php(36): Illuminate\\Foundation\\Support\\Providers\\RouteServiceProvider->Illuminate\\Foundation\\Support\\Providers\\{closure}()
#12 /home/debian/VivaBioApp/vendor/laravel/framework/src/Illuminate/Container/Util.php(43): Illuminate\\Container\\BoundMethod::Illuminate\\Container\\{closure}()
#13 /home/debian/VivaBioApp/vendor/laravel/framework/src/Illuminate/Container/BoundMethod.php(84): Illuminate\\Container\\Util::unwrapIfClosure()
#14 /home/debian/VivaBioApp/vendor/laravel/framework/src/Illuminate/Container/BoundMethod.php(35): Illuminate\\Container\\BoundMethod::callBoundMethod()
#15 /home/debian/VivaBioApp/vendor/laravel/framework/src/Illuminate/Container/Container.php(836): Illuminate\\Container\\BoundMethod::call()
#16 /home/debian/VivaBioApp/vendor/laravel/framework/src/Illuminate/Support/ServiceProvider.php(143): Illuminate\\Container\\Container->call()
#17 /home/debian/VivaBioApp/vendor/laravel/framework/src/Illuminate/Foundation/Application.php(1154): Illuminate\\Support\\ServiceProvider->callBootedCallbacks()
#18 /home/debian/VivaBioApp/vendor/laravel/framework/src/Illuminate/Foundation/Application.php(1132): Illuminate\\Foundation\\Application->bootProvider()
#19 [internal function]: Illuminate\\Foundation\\Application->Illuminate\\Foundation\\{closure}()
#20 /home/debian/VivaBioApp/vendor/laravel/framework/src/Illuminate/Foundation/Application.php(1131): array_walk()
#21 /home/debian/VivaBioApp/vendor/laravel/framework/src/Illuminate/Foundation/Bootstrap/BootProviders.php(17): Illuminate\\Foundation\\Application->boot()
#22 /home/debian/VivaBioApp/vendor/laravel/framework/src/Illuminate/Foundation/Application.php(342): Illuminate\\Foundation\\Bootstrap\\BootProviders->bootstrap()
#23 /home/debian/VivaBioApp/vendor/laravel/framework/src/Illuminate/Foundation/Console/Kernel.php(473): Illuminate\\Foundation\\Application->bootstrapWith()
#24 /home/debian/VivaBioApp/vendor/laravel/framework/src/Illuminate/Foundation/Console/Kernel.php(195): Illuminate\\Foundation\\Console\\Kernel->bootstrap()
#25 Command line code(1): Illuminate\\Foundation\\Console\\Kernel->handle()
#26 {main}
"} 
[2025-11-05 11:32:54] local.ERROR: syntax error, unexpected token "function", expecting ")" {"exception":"[object] (ParseError(code: 0): syntax error, unexpected token \"function\", expecting \")\" at /home/debian/VivaBioApp/routes/web.php:101)
[stacktrace]
#0 /home/debian/VivaBioApp/vendor/laravel/framework/src/Illuminate/Routing/Router.php(526): Illuminate\\Routing\\RouteFileRegistrar->register()
#1 /home/debian/VivaBioApp/vendor/laravel/framework/src/Illuminate/Routing/Router.php(480): Illuminate\\Routing\\Router->loadRoutes()
#2 /home/debian/VivaBioApp/vendor/laravel/framework/src/Illuminate/Routing/RouteRegistrar.php(210): Illuminate\\Routing\\Router->group()
#3 /home/debian/VivaBioApp/vendor/laravel/framework/src/Illuminate/Foundation/Configuration/ApplicationBuilder.php(248): Illuminate\\Routing\\RouteRegistrar->group()
#4 /home/debian/VivaBioApp/vendor/laravel/framework/src/Illuminate/Container/BoundMethod.php(36): Illuminate\\Foundation\\Configuration\\ApplicationBuilder->Illuminate\\Foundation\\Configuration\\{closure}()
#5 /home/debian/VivaBioApp/vendor/laravel/framework/src/Illuminate/Container/Util.php(43): Illuminate\\Container\\BoundMethod::Illuminate\\Container\\{closure}()
#6 /home/debian/VivaBioApp/vendor/laravel/framework/src/Illuminate/Container/BoundMethod.php(84): Illuminate\\Container\\Util::unwrapIfClosure()
#7 /home/debian/VivaBioApp/vendor/laravel/framework/src/Illuminate/Container/BoundMethod.php(35): Illuminate\\Container\\BoundMethod::callBoundMethod()
#8 /home/debian/VivaBioApp/vendor/laravel/framework/src/Illuminate/Container/Container.php(836): Illuminate\\Container\\BoundMethod::call()
#9 /home/debian/VivaBioApp/vendor/laravel/framework/src/Illuminate/Foundation/Support/Providers/RouteServiceProvider.php(162): Illuminate\\Container\\Container->call()
#10 /home/debian/VivaBioApp/vendor/laravel/framework/src/Illuminate/Foundation/Support/Providers/RouteServiceProvider.php(59): Illuminate\\Foundation\\Support\\Providers\\RouteServiceProvider->loadRoutes()
#11 /home/debian/VivaBioApp/vendor/laravel/framework/src/Illuminate/Container/BoundMethod.php(36): Illuminate\\Foundation\\Support\\Providers\\RouteServiceProvider->Illuminate\\Foundation\\Support\\Providers\\{closure}()
#12 /home/debian/VivaBioApp/vendor/laravel/framework/src/Illuminate/Container/Util.php(43): Illuminate\\Container\\BoundMethod::Illuminate\\Container\\{closure}()
#13 /home/debian/VivaBioApp/vendor/laravel/framework/src/Illuminate/Container/BoundMethod.php(84): Illuminate\\Container\\Util::unwrapIfClosure()
#14 /home/debian/VivaBioApp/vendor/laravel/framework/src/Illuminate/Container/BoundMethod.php(35): Illuminate\\Container\\BoundMethod::callBoundMethod()
#15 /home/debian/VivaBioApp/vendor/laravel/framework/src/Illuminate/Container/Container.php(836): Illuminate\\Container\\BoundMethod::call()
#16 /home/debian/VivaBioApp/vendor/laravel/framework/src/Illuminate/Support/ServiceProvider.php(143): Illuminate\\Container\\Container->call()
#17 /home/debian/VivaBioApp/vendor/laravel/framework/src/Illuminate/Foundation/Application.php(1154): Illuminate\\Support\\ServiceProvider->callBootedCallbacks()
#18 /home/debian/VivaBioApp/vendor/laravel/framework/src/Illuminate/Foundation/Application.php(1132): Illuminate\\Foundation\\Application->bootProvider()
#19 [internal function]: Illuminate\\Foundation\\Application->Illuminate\\Foundation\\{closure}()
#20 /home/debian/VivaBioApp/vendor/laravel/framework/src/Illuminate/Foundation/Application.php(1131): array_walk()
#21 /home/debian/VivaBioApp/vendor/laravel/framework/src/Illuminate/Foundation/Bootstrap/BootProviders.php(17): Illuminate\\Foundation\\Application->boot()
#22 /home/debian/VivaBioApp/vendor/laravel/framework/src/Illuminate/Foundation/Application.php(342): Illuminate\\Foundation\\Bootstrap\\BootProviders->bootstrap()
#23 /home/debian/VivaBioApp/vendor/laravel/framework/src/Illuminate/Foundation/Console/Kernel.php(473): Illuminate\\Foundation\\Application->bootstrapWith()
#24 /home/debian/VivaBioApp/vendor/laravel/framework/src/Illuminate/Foundation/Console/Kernel.php(195): Illuminate\\Foundation\\Console\\Kernel->bootstrap()
#25 /home/debian/VivaBioApp/vendor/laravel/framework/src/Illuminate/Foundation/Application.php(1235): Illuminate\\Foundation\\Console\\Kernel->handle()
#26 /home/debian/VivaBioApp/artisan(16): Illuminate\\Foundation\\Application->handleCommand()
#27 {main}
"} 
[2025-11-05 11:33:39] local.ERROR: syntax error, unexpected token "function", expecting ")" {"exception":"[object] (ParseError(code: 0): syntax error, unexpected token \"function\", expecting \")\" at /home/debian/VivaBioApp/routes/web.php:101)
[stacktrace]
#0 /home/debian/VivaBioApp/vendor/laravel/framework/src/Illuminate/Routing/Router.php(526): Illuminate\\Routing\\RouteFileRegistrar->register()
#1 /home/debian/VivaBioApp/vendor/laravel/framework/src/Illuminate/Routing/Router.php(480): Illuminate\\Routing\\Router->loadRoutes()
#2 /home/debian/VivaBioApp/vendor/laravel/framework/src/Illuminate/Routing/RouteRegistrar.php(210): Illuminate\\Routing\\Router->group()
#3 /home/debian/VivaBioApp/vendor/laravel/framework/src/Illuminate/Foundation/Configuration/ApplicationBuilder.php(248): Illuminate\\Routing\\RouteRegistrar->group()
#4 /home/debian/VivaBioApp/vendor/laravel/framework/src/Illuminate/Container/BoundMethod.php(36): Illuminate\\Foundation\\Configuration\\ApplicationBuilder->Illuminate\\Foundation\\Configuration\\{closure}()
#5 /home/debian/VivaBioApp/vendor/laravel/framework/src/Illuminate/Container/Util.php(43): Illuminate\\Container\\BoundMethod::Illuminate\\Container\\{closure}()
#6 /home/debian/VivaBioApp/vendor/laravel/framework/src/Illuminate/Container/BoundMethod.php(84): Illuminate\\Container\\Util::unwrapIfClosure()
#7 /home/debian/VivaBioApp/vendor/laravel/framework/src/Illuminate/Container/BoundMethod.php(35): Illuminate\\Container\\BoundMethod::callBoundMethod()
#8 /home/debian/VivaBioApp/vendor/laravel/framework/src/Illuminate/Container/Container.php(836): Illuminate\\Container\\BoundMethod::call()
#9 /home/debian/VivaBioApp/vendor/laravel/framework/src/Illuminate/Foundation/Support/Providers/RouteServiceProvider.php(162): Illuminate\\Container\\Container->call()
#10 /home/debian/VivaBioApp/vendor/laravel/framework/src/Illuminate/Foundation/Support/Providers/RouteServiceProvider.php(59): Illuminate\\Foundation\\Support\\Providers\\RouteServiceProvider->loadRoutes()
#11 /home/debian/VivaBioApp/vendor/laravel/framework/src/Illuminate/Container/BoundMethod.php(36): Illuminate\\Foundation\\Support\\Providers\\RouteServiceProvider->Illuminate\\Foundation\\Support\\Providers\\{closure}()
#12 /home/debian/VivaBioApp/vendor/laravel/framework/src/Illuminate/Container/Util.php(43): Illuminate\\Container\\BoundMethod::Illuminate\\Container\\{closure}()
#13 /home/debian/VivaBioApp/vendor/laravel/framework/src/Illuminate/Container/BoundMethod.php(84): Illuminate\\Container\\Util::unwrapIfClosure()
#14 /home/debian/VivaBioApp/vendor/laravel/framework/src/Illuminate/Container/BoundMethod.php(35): Illuminate\\Container\\BoundMethod::callBoundMethod()
#15 /home/debian/VivaBioApp/vendor/laravel/framework/src/Illuminate/Container/Container.php(836): Illuminate\\Container\\BoundMethod::call()
#16 /home/debian/VivaBioApp/vendor/laravel/framework/src/Illuminate/Support/ServiceProvider.php(143): Illuminate\\Container\\Container->call()
#17 /home/debian/VivaBioApp/vendor/laravel/framework/src/Illuminate/Foundation/Application.php(1154): Illuminate\\Support\\ServiceProvider->callBootedCallbacks()
#18 /home/debian/VivaBioApp/vendor/laravel/framework/src/Illuminate/Foundation/Application.php(1132): Illuminate\\Foundation\\Application->bootProvider()
#19 [internal function]: Illuminate\\Foundation\\Application->Illuminate\\Foundation\\{closure}()
#20 /home/debian/VivaBioApp/vendor/laravel/framework/src/Illuminate/Foundation/Application.php(1131): array_walk()
#21 /home/debian/VivaBioApp/vendor/laravel/framework/src/Illuminate/Foundation/Bootstrap/BootProviders.php(17): Illuminate\\Foundation\\Application->boot()
#22 /home/debian/VivaBioApp/vendor/laravel/framework/src/Illuminate/Foundation/Application.php(342): Illuminate\\Foundation\\Bootstrap\\BootProviders->bootstrap()
#23 /home/debian/VivaBioApp/vendor/laravel/framework/src/Illuminate/Foundation/Console/Kernel.php(473): Illuminate\\Foundation\\Application->bootstrapWith()
#24 /home/debian/VivaBioApp/vendor/laravel/framework/src/Illuminate/Foundation/Console/Kernel.php(195): Illuminate\\Foundation\\Console\\Kernel->bootstrap()
#25 Command line code(1): Illuminate\\Foundation\\Console\\Kernel->handle()
#26 {main}
"} 
[2025-11-05 11:33:39] local.ERROR: syntax error, unexpected token "function", expecting ")" {"exception":"[object] (ParseError(code: 0): syntax error, unexpected token \"function\", expecting \")\" at /home/debian/VivaBioApp/routes/web.php:101)
[stacktrace]
#0 /home/debian/VivaBioApp/vendor/laravel/framework/src/Illuminate/Routing/Router.php(526): Illuminate\\Routing\\RouteFileRegistrar->register()
#1 /home/debian/VivaBioApp/vendor/laravel/framework/src/Illuminate/Routing/Router.php(480): Illuminate\\Routing\\Router->loadRoutes()
#2 /home/debian/VivaBioApp/vendor/laravel/framework/src/Illuminate/Routing/RouteRegistrar.php(210): Illuminate\\Routing\\Router->group()
#3 /home/debian/VivaBioApp/vendor/laravel/framework/src/Illuminate/Foundation/Configuration/ApplicationBuilder.php(248): Illuminate\\Routing\\RouteRegistrar->group()
#4 /home/debian/VivaBioApp/vendor/laravel/framework/src/Illuminate/Container/BoundMethod.php(36): Illuminate\\Foundation\\Configuration\\ApplicationBuilder->Illuminate\\Foundation\\Configuration\\{closure}()
#5 /home/debian/VivaBioApp/vendor/laravel/framework/src/Illuminate/Container/Util.php(43): Illuminate\\Container\\BoundMethod::Illuminate\\Container\\{closure}()
#6 /home/debian/VivaBioApp/vendor/laravel/framework/src/Illuminate/Container/BoundMethod.php(84): Illuminate\\Container\\Util::unwrapIfClosure()
#7 /home/debian/VivaBioApp/vendor/laravel/framework/src/Illuminate/Container/BoundMethod.php(35): Illuminate\\Container\\BoundMethod::callBoundMethod()
#8 /home/debian/VivaBioApp/vendor/laravel/framework/src/Illuminate/Container/Container.php(836): Illuminate\\Container\\BoundMethod::call()
#9 /home/debian/VivaBioApp/vendor/laravel/framework/src/Illuminate/Foundation/Support/Providers/RouteServiceProvider.php(162): Illuminate\\Container\\Container->call()
#10 /home/debian/VivaBioApp/vendor/laravel/framework/src/Illuminate/Foundation/Support/Providers/RouteServiceProvider.php(59): Illuminate\\Foundation\\Support\\Providers\\RouteServiceProvider->loadRoutes()
#11 /home/debian/VivaBioApp/vendor/laravel/framework/src/Illuminate/Container/BoundMethod.php(36): Illuminate\\Foundation\\Support\\Providers\\RouteServiceProvider->Illuminate\\Foundation\\Support\\Providers\\{closure}()
#12 /home/debian/VivaBioApp/vendor/laravel/framework/src/Illuminate/Container/Util.php(43): Illuminate\\Container\\BoundMethod::Illuminate\\Container\\{closure}()
#13 /home/debian/VivaBioApp/vendor/laravel/framework/src/Illuminate/Container/BoundMethod.php(84): Illuminate\\Container\\Util::unwrapIfClosure()
#14 /home/debian/VivaBioApp/vendor/laravel/framework/src/Illuminate/Container/BoundMethod.php(35): Illuminate\\Container\\BoundMethod::callBoundMethod()
#15 /home/debian/VivaBioApp/vendor/laravel/framework/src/Illuminate/Container/Container.php(836): Illuminate\\Container\\BoundMethod::call()
#16 /home/debian/VivaBioApp/vendor/laravel/framework/src/Illuminate/Support/ServiceProvider.php(143): Illuminate\\Container\\Container->call()
#17 /home/debian/VivaBioApp/vendor/laravel/framework/src/Illuminate/Foundation/Application.php(1154): Illuminate\\Support\\ServiceProvider->callBootedCallbacks()
#18 /home/debian/VivaBioApp/vendor/laravel/framework/src/Illuminate/Foundation/Application.php(1132): Illuminate\\Foundation\\Application->bootProvider()
#19 [internal function]: Illuminate\\Foundation\\Application->Illuminate\\Foundation\\{closure}()
#20 /home/debian/VivaBioApp/vendor/laravel/framework/src/Illuminate/Foundation/Application.php(1131): array_walk()
#21 /home/debian/VivaBioApp/vendor/laravel/framework/src/Illuminate/Foundation/Bootstrap/BootProviders.php(17): Illuminate\\Foundation\\Application->boot()
#22 /home/debian/VivaBioApp/vendor/laravel/framework/src/Illuminate/Foundation/Application.php(342): Illuminate\\Foundation\\Bootstrap\\BootProviders->bootstrap()
#23 /home/debian/VivaBioApp/vendor/laravel/framework/src/Illuminate/Foundation/Console/Kernel.php(473): Illuminate\\Foundation\\Application->bootstrapWith()
#24 /home/debian/VivaBioApp/vendor/laravel/framework/src/Illuminate/Foundation/Console/Kernel.php(195): Illuminate\\Foundation\\Console\\Kernel->bootstrap()
#25 Command line code(1): Illuminate\\Foundation\\Console\\Kernel->handle()
#26 {main}
"} 
[2025-11-05 11:34:00] local.ERROR: Unterminated comment starting line 22 {"exception":"[object] (ParseError(code: 0): Unterminated comment starting line 22 at /home/debian/VivaBioApp/routes/web.php:22)
[stacktrace]
#0 /home/debian/VivaBioApp/vendor/laravel/framework/src/Illuminate/Routing/Router.php(526): Illuminate\\Routing\\RouteFileRegistrar->register()
#1 /home/debian/VivaBioApp/vendor/laravel/framework/src/Illuminate/Routing/Router.php(480): Illuminate\\Routing\\Router->loadRoutes()
#2 /home/debian/VivaBioApp/vendor/laravel/framework/src/Illuminate/Routing/RouteRegistrar.php(210): Illuminate\\Routing\\Router->group()
#3 /home/debian/VivaBioApp/vendor/laravel/framework/src/Illuminate/Foundation/Configuration/ApplicationBuilder.php(248): Illuminate\\Routing\\RouteRegistrar->group()
#4 /home/debian/VivaBioApp/vendor/laravel/framework/src/Illuminate/Container/BoundMethod.php(36): Illuminate\\Foundation\\Configuration\\ApplicationBuilder->Illuminate\\Foundation\\Configuration\\{closure}()
#5 /home/debian/VivaBioApp/vendor/laravel/framework/src/Illuminate/Container/Util.php(43): Illuminate\\Container\\BoundMethod::Illuminate\\Container\\{closure}()
#6 /home/debian/VivaBioApp/vendor/laravel/framework/src/Illuminate/Container/BoundMethod.php(84): Illuminate\\Container\\Util::unwrapIfClosure()
#7 /home/debian/VivaBioApp/vendor/laravel/framework/src/Illuminate/Container/BoundMethod.php(35): Illuminate\\Container\\BoundMethod::callBoundMethod()
#8 /home/debian/VivaBioApp/vendor/laravel/framework/src/Illuminate/Container/Container.php(836): Illuminate\\Container\\BoundMethod::call()
#9 /home/debian/VivaBioApp/vendor/laravel/framework/src/Illuminate/Foundation/Support/Providers/RouteServiceProvider.php(162): Illuminate\\Container\\Container->call()
#10 /home/debian/VivaBioApp/vendor/laravel/framework/src/Illuminate/Foundation/Support/Providers/RouteServiceProvider.php(59): Illuminate\\Foundation\\Support\\Providers\\RouteServiceProvider->loadRoutes()
#11 /home/debian/VivaBioApp/vendor/laravel/framework/src/Illuminate/Container/BoundMethod.php(36): Illuminate\\Foundation\\Support\\Providers\\RouteServiceProvider->Illuminate\\Foundation\\Support\\Providers\\{closure}()
#12 /home/debian/VivaBioApp/vendor/laravel/framework/src/Illuminate/Container/Util.php(43): Illuminate\\Container\\BoundMethod::Illuminate\\Container\\{closure}()
#13 /home/debian/VivaBioApp/vendor/laravel/framework/src/Illuminate/Container/BoundMethod.php(84): Illuminate\\Container\\Util::unwrapIfClosure()
#14 /home/debian/VivaBioApp/vendor/laravel/framework/src/Illuminate/Container/BoundMethod.php(35): Illuminate\\Container\\BoundMethod::callBoundMethod()
#15 /home/debian/VivaBioApp/vendor/laravel/framework/src/Illuminate/Container/Container.php(836): Illuminate\\Container\\BoundMethod::call()
#16 /home/debian/VivaBioApp/vendor/laravel/framework/src/Illuminate/Support/ServiceProvider.php(143): Illuminate\\Container\\Container->call()
#17 /home/debian/VivaBioApp/vendor/laravel/framework/src/Illuminate/Foundation/Application.php(1154): Illuminate\\Support\\ServiceProvider->callBootedCallbacks()
#18 /home/debian/VivaBioApp/vendor/laravel/framework/src/Illuminate/Foundation/Application.php(1132): Illuminate\\Foundation\\Application->bootProvider()
#19 [internal function]: Illuminate\\Foundation\\Application->Illuminate\\Foundation\\{closure}()
#20 /home/debian/VivaBioApp/vendor/laravel/framework/src/Illuminate/Foundation/Application.php(1131): array_walk()
#21 /home/debian/VivaBioApp/vendor/laravel/framework/src/Illuminate/Foundation/Bootstrap/BootProviders.php(17): Illuminate\\Foundation\\Application->boot()
#22 /home/debian/VivaBioApp/vendor/laravel/framework/src/Illuminate/Foundation/Application.php(342): Illuminate\\Foundation\\Bootstrap\\BootProviders->bootstrap()
#23 /home/debian/VivaBioApp/vendor/laravel/framework/src/Illuminate/Foundation/Console/Kernel.php(473): Illuminate\\Foundation\\Application->bootstrapWith()
#24 /home/debian/VivaBioApp/vendor/laravel/framework/src/Illuminate/Foundation/Console/Kernel.php(195): Illuminate\\Foundation\\Console\\Kernel->bootstrap()
#25 /home/debian/VivaBioApp/vendor/laravel/framework/src/Illuminate/Foundation/Application.php(1235): Illuminate\\Foundation\\Console\\Kernel->handle()
#26 /home/debian/VivaBioApp/artisan(16): Illuminate\\Foundation\\Application->handleCommand()
#27 {main}
"} 
[2025-11-05 11:34:03] local.ERROR: Unterminated comment starting line 22 {"exception":"[object] (ParseError(code: 0): Unterminated comment starting line 22 at /home/debian/VivaBioApp/routes/web.php:22)
[stacktrace]
#0 /home/debian/VivaBioApp/vendor/laravel/framework/src/Illuminate/Routing/Router.php(526): Illuminate\\Routing\\RouteFileRegistrar->register()
#1 /home/debian/VivaBioApp/vendor/laravel/framework/src/Illuminate/Routing/Router.php(480): Illuminate\\Routing\\Router->loadRoutes()
#2 /home/debian/VivaBioApp/vendor/laravel/framework/src/Illuminate/Routing/RouteRegistrar.php(210): Illuminate\\Routing\\Router->group()
#3 /home/debian/VivaBioApp/vendor/laravel/framework/src/Illuminate/Foundation/Configuration/ApplicationBuilder.php(248): Illuminate\\Routing\\RouteRegistrar->group()
#4 /home/debian/VivaBioApp/vendor/laravel/framework/src/Illuminate/Container/BoundMethod.php(36): Illuminate\\Foundation\\Configuration\\ApplicationBuilder->Illuminate\\Foundation\\Configuration\\{closure}()
#5 /home/debian/VivaBioApp/vendor/laravel/framework/src/Illuminate/Container/Util.php(43): Illuminate\\Container\\BoundMethod::Illuminate\\Container\\{closure}()
#6 /home/debian/VivaBioApp/vendor/laravel/framework/src/Illuminate/Container/BoundMethod.php(84): Illuminate\\Container\\Util::unwrapIfClosure()
#7 /home/debian/VivaBioApp/vendor/laravel/framework/src/Illuminate/Container/BoundMethod.php(35): Illuminate\\Container\\BoundMethod::callBoundMethod()
#8 /home/debian/VivaBioApp/vendor/laravel/framework/src/Illuminate/Container/Container.php(836): Illuminate\\Container\\BoundMethod::call()
#9 /home/debian/VivaBioApp/vendor/laravel/framework/src/Illuminate/Foundation/Support/Providers/RouteServiceProvider.php(162): Illuminate\\Container\\Container->call()
#10 /home/debian/VivaBioApp/vendor/laravel/framework/src/Illuminate/Foundation/Support/Providers/RouteServiceProvider.php(59): Illuminate\\Foundation\\Support\\Providers\\RouteServiceProvider->loadRoutes()
#11 /home/debian/VivaBioApp/vendor/laravel/framework/src/Illuminate/Container/BoundMethod.php(36): Illuminate\\Foundation\\Support\\Providers\\RouteServiceProvider->Illuminate\\Foundation\\Support\\Providers\\{closure}()
#12 /home/debian/VivaBioApp/vendor/laravel/framework/src/Illuminate/Container/Util.php(43): Illuminate\\Container\\BoundMethod::Illuminate\\Container\\{closure}()
#13 /home/debian/VivaBioApp/vendor/laravel/framework/src/Illuminate/Container/BoundMethod.php(84): Illuminate\\Container\\Util::unwrapIfClosure()
#14 /home/debian/VivaBioApp/vendor/laravel/framework/src/Illuminate/Container/BoundMethod.php(35): Illuminate\\Container\\BoundMethod::callBoundMethod()
#15 /home/debian/VivaBioApp/vendor/laravel/framework/src/Illuminate/Container/Container.php(836): Illuminate\\Container\\BoundMethod::call()
#16 /home/debian/VivaBioApp/vendor/laravel/framework/src/Illuminate/Support/ServiceProvider.php(143): Illuminate\\Container\\Container->call()
#17 /home/debian/VivaBioApp/vendor/laravel/framework/src/Illuminate/Foundation/Application.php(1154): Illuminate\\Support\\ServiceProvider->callBootedCallbacks()
#18 /home/debian/VivaBioApp/vendor/laravel/framework/src/Illuminate/Foundation/Application.php(1132): Illuminate\\Foundation\\Application->bootProvider()
#19 [internal function]: Illuminate\\Foundation\\Application->Illuminate\\Foundation\\{closure}()
#20 /home/debian/VivaBioApp/vendor/laravel/framework/src/Illuminate/Foundation/Application.php(1131): array_walk()
#21 /home/debian/VivaBioApp/vendor/laravel/framework/src/Illuminate/Foundation/Bootstrap/BootProviders.php(17): Illuminate\\Foundation\\Application->boot()
#22 /home/debian/VivaBioApp/vendor/laravel/framework/src/Illuminate/Foundation/Application.php(342): Illuminate\\Foundation\\Bootstrap\\BootProviders->bootstrap()
#23 /home/debian/VivaBioApp/vendor/laravel/framework/src/Illuminate/Foundation/Console/Kernel.php(473): Illuminate\\Foundation\\Application->bootstrapWith()
#24 /home/debian/VivaBioApp/vendor/laravel/framework/src/Illuminate/Foundation/Console/Kernel.php(195): Illuminate\\Foundation\\Console\\Kernel->bootstrap()
#25 Command line code(1): Illuminate\\Foundation\\Console\\Kernel->handle()
#26 {main}
"} 
[2025-11-05 11:34:03] local.ERROR: Unterminated comment starting line 22 {"exception":"[object] (ParseError(code: 0): Unterminated comment starting line 22 at /home/debian/VivaBioApp/routes/web.php:22)
[stacktrace]
#0 /home/debian/VivaBioApp/vendor/laravel/framework/src/Illuminate/Routing/Router.php(526): Illuminate\\Routing\\RouteFileRegistrar->register()
#1 /home/debian/VivaBioApp/vendor/laravel/framework/src/Illuminate/Routing/Router.php(480): Illuminate\\Routing\\Router->loadRoutes()
#2 /home/debian/VivaBioApp/vendor/laravel/framework/src/Illuminate/Routing/RouteRegistrar.php(210): Illuminate\\Routing\\Router->group()
#3 /home/debian/VivaBioApp/vendor/laravel/framework/src/Illuminate/Foundation/Configuration/ApplicationBuilder.php(248): Illuminate\\Routing\\RouteRegistrar->group()
#4 /home/debian/VivaBioApp/vendor/laravel/framework/src/Illuminate/Container/BoundMethod.php(36): Illuminate\\Foundation\\Configuration\\ApplicationBuilder->Illuminate\\Foundation\\Configuration\\{closure}()
#5 /home/debian/VivaBioApp/vendor/laravel/framework/src/Illuminate/Container/Util.php(43): Illuminate\\Container\\BoundMethod::Illuminate\\Container\\{closure}()
#6 /home/debian/VivaBioApp/vendor/laravel/framework/src/Illuminate/Container/BoundMethod.php(84): Illuminate\\Container\\Util::unwrapIfClosure()
#7 /home/debian/VivaBioApp/vendor/laravel/framework/src/Illuminate/Container/BoundMethod.php(35): Illuminate\\Container\\BoundMethod::callBoundMethod()
#8 /home/debian/VivaBioApp/vendor/laravel/framework/src/Illuminate/Container/Container.php(836): Illuminate\\Container\\BoundMethod::call()
#9 /home/debian/VivaBioApp/vendor/laravel/framework/src/Illuminate/Foundation/Support/Providers/RouteServiceProvider.php(162): Illuminate\\Container\\Container->call()
#10 /home/debian/VivaBioApp/vendor/laravel/framework/src/Illuminate/Foundation/Support/Providers/RouteServiceProvider.php(59): Illuminate\\Foundation\\Support\\Providers\\RouteServiceProvider->loadRoutes()
#11 /home/debian/VivaBioApp/vendor/laravel/framework/src/Illuminate/Container/BoundMethod.php(36): Illuminate\\Foundation\\Support\\Providers\\RouteServiceProvider->Illuminate\\Foundation\\Support\\Providers\\{closure}()
#12 /home/debian/VivaBioApp/vendor/laravel/framework/src/Illuminate/Container/Util.php(43): Illuminate\\Container\\BoundMethod::Illuminate\\Container\\{closure}()
#13 /home/debian/VivaBioApp/vendor/laravel/framework/src/Illuminate/Container/BoundMethod.php(84): Illuminate\\Container\\Util::unwrapIfClosure()
#14 /home/debian/VivaBioApp/vendor/laravel/framework/src/Illuminate/Container/BoundMethod.php(35): Illuminate\\Container\\BoundMethod::callBoundMethod()
#15 /home/debian/VivaBioApp/vendor/laravel/framework/src/Illuminate/Container/Container.php(836): Illuminate\\Container\\BoundMethod::call()
#16 /home/debian/VivaBioApp/vendor/laravel/framework/src/Illuminate/Support/ServiceProvider.php(143): Illuminate\\Container\\Container->call()
#17 /home/debian/VivaBioApp/vendor/laravel/framework/src/Illuminate/Foundation/Application.php(1154): Illuminate\\Support\\ServiceProvider->callBootedCallbacks()
#18 /home/debian/VivaBioApp/vendor/laravel/framework/src/Illuminate/Foundation/Application.php(1132): Illuminate\\Foundation\\Application->bootProvider()
#19 [internal function]: Illuminate\\Foundation\\Application->Illuminate\\Foundation\\{closure}()
#20 /home/debian/VivaBioApp/vendor/laravel/framework/src/Illuminate/Foundation/Application.php(1131): array_walk()
#21 /home/debian/VivaBioApp/vendor/laravel/framework/src/Illuminate/Foundation/Bootstrap/BootProviders.php(17): Illuminate\\Foundation\\Application->boot()
#22 /home/debian/VivaBioApp/vendor/laravel/framework/src/Illuminate/Foundation/Application.php(342): Illuminate\\Foundation\\Bootstrap\\BootProviders->bootstrap()
#23 /home/debian/VivaBioApp/vendor/laravel/framework/src/Illuminate/Foundation/Console/Kernel.php(473): Illuminate\\Foundation\\Application->bootstrapWith()
#24 /home/debian/VivaBioApp/vendor/laravel/framework/src/Illuminate/Foundation/Console/Kernel.php(195): Illuminate\\Foundation\\Console\\Kernel->bootstrap()
#25 /home/debian/VivaBioApp/vendor/laravel/framework/src/Illuminate/Foundation/Application.php(1235): Illuminate\\Foundation\\Console\\Kernel->handle()
#26 /home/debian/VivaBioApp/artisan(16): Illuminate\\Foundation\\Application->handleCommand()
#27 {main}
"} 
[2025-11-05 11:50:46] local.ERROR: Command "make:auth" is not defined.

Did you mean one of these?
    make:cache-table
    make:cast
    make:channel
    make:class
    make:command
    make:component
    make:config
    make:controller
    make:enum
    make:event
    make:exception
    make:factory
    make:interface
    make:job
    make:job-middleware
    make:listener
    make:mail
    make:middleware
    make:migration
    make:model
    make:notification
    make:notifications-table
    make:observer
    make:policy
    make:provider
    make:queue-batches-table
    make:queue-failed-table
    make:queue-table
    make:request
    make:resource
    make:rule
    make:scope
    make:seeder
    make:session-table
    make:test
    make:trait
    make:view {"exception":"[object] (Symfony\\Component\\Console\\Exception\\CommandNotFoundException(code: 0): Command \"make:auth\" is not defined.

Did you mean one of these?
    make:cache-table
    make:cast
    make:channel
    make:class
    make:command
    make:component
    make:config
    make:controller
    make:enum
    make:event
    make:exception
    make:factory
    make:interface
    make:job
    make:job-middleware
    make:listener
    make:mail
    make:middleware
    make:migration
    make:model
    make:notification
    make:notifications-table
    make:observer
    make:policy
    make:provider
    make:queue-batches-table
    make:queue-failed-table
    make:queue-table
    make:request
    make:resource
    make:rule
    make:scope
    make:seeder
    make:session-table
    make:test
    make:trait
    make:view at /home/debian/VivaBioApp/vendor/symfony/console/Application.php:743)
[stacktrace]
#0 /home/debian/VivaBioApp/vendor/symfony/console/Application.php(301): Symfony\\Component\\Console\\Application->find()
#1 /home/debian/VivaBioApp/vendor/symfony/console/Application.php(194): Symfony\\Component\\Console\\Application->doRun()
#2 /home/debian/VivaBioApp/vendor/laravel/framework/src/Illuminate/Foundation/Console/Kernel.php(197): Symfony\\Component\\Console\\Application->run()
#3 /home/debian/VivaBioApp/vendor/laravel/framework/src/Illuminate/Foundation/Application.php(1235): Illuminate\\Foundation\\Console\\Kernel->handle()
#4 /home/debian/VivaBioApp/artisan(16): Illuminate\\Foundation\\Application->handleCommand()
#5 {main}
"} 
[2025-11-05 14:15:07] production.ERROR: No application encryption key has been specified. {"exception":"[object] (Illuminate\\Encryption\\MissingAppKeyException(code: 0): No application encryption key has been specified. at /home/debian/VivaBioApp/vendor/laravel/framework/src/Illuminate/Encryption/EncryptionServiceProvider.php:83)
[stacktrace]
#0 /home/debian/VivaBioApp/vendor/laravel/framework/src/Illuminate/Support/helpers.php(390): Illuminate\\Encryption\\EncryptionServiceProvider->Illuminate\\Encryption\\{closure}()
#1 /home/debian/VivaBioApp/vendor/laravel/framework/src/Illuminate/Encryption/EncryptionServiceProvider.php(81): tap()
#2 /home/debian/VivaBioApp/vendor/laravel/framework/src/Illuminate/Encryption/EncryptionServiceProvider.php(64): Illuminate\\Encryption\\EncryptionServiceProvider->key()
#3 /home/debian/VivaBioApp/vendor/laravel/framework/src/Illuminate/Encryption/EncryptionServiceProvider.php(32): Illuminate\\Encryption\\EncryptionServiceProvider->parseKey()
#4 /home/debian/VivaBioApp/vendor/laravel/framework/src/Illuminate/Container/Container.php(1154): Illuminate\\Encryption\\EncryptionServiceProvider->Illuminate\\Encryption\\{closure}()
#5 /home/debian/VivaBioApp/vendor/laravel/framework/src/Illuminate/Container/Container.php(972): Illuminate\\Container\\Container->build()
#6 /home/debian/VivaBioApp/vendor/laravel/framework/src/Illuminate/Foundation/Application.php(1078): Illuminate\\Container\\Container->resolve()
#7 /home/debian/VivaBioApp/vendor/laravel/framework/src/Illuminate/Container/Container.php(903): Illuminate\\Foundation\\Application->resolve()
#8 /home/debian/VivaBioApp/vendor/laravel/framework/src/Illuminate/Foundation/Application.php(1058): Illuminate\\Container\\Container->make()
#9 /home/debian/VivaBioApp/vendor/laravel/framework/src/Illuminate/Container/Container.php(1379): Illuminate\\Foundation\\Application->make()
#10 /home/debian/VivaBioApp/vendor/laravel/framework/src/Illuminate/Container/Container.php(1278): Illuminate\\Container\\Container->resolveClass()
#11 /home/debian/VivaBioApp/vendor/laravel/framework/src/Illuminate/Container/Container.php(1201): Illuminate\\Container\\Container->resolveDependencies()
#12 /home/debian/VivaBioApp/vendor/laravel/framework/src/Illuminate/Container/Container.php(972): Illuminate\\Container\\Container->build()
#13 /home/debian/VivaBioApp/vendor/laravel/framework/src/Illuminate/Foundation/Application.php(1078): Illuminate\\Container\\Container->resolve()
#14 /home/debian/VivaBioApp/vendor/laravel/framework/src/Illuminate/Container/Container.php(903): Illuminate\\Foundation\\Application->resolve()
#15 /home/debian/VivaBioApp/vendor/laravel/framework/src/Illuminate/Foundation/Application.php(1058): Illuminate\\Container\\Container->make()
#16 /home/debian/VivaBioApp/vendor/laravel/framework/src/Illuminate/Pipeline/Pipeline.php(208): Illuminate\\Foundation\\Application->make()
#17 /home/debian/VivaBioApp/vendor/laravel/framework/src/Illuminate/Pipeline/Pipeline.php(137): Illuminate\\Pipeline\\Pipeline->Illuminate\\Pipeline\\{closure}()
#18 /home/debian/VivaBioApp/vendor/laravel/framework/src/Illuminate/Routing/Router.php(821): Illuminate\\Pipeline\\Pipeline->then()
#19 /home/debian/VivaBioApp/vendor/laravel/framework/src/Illuminate/Routing/Router.php(800): Illuminate\\Routing\\Router->runRouteWithinStack()
#20 /home/debian/VivaBioApp/vendor/laravel/framework/src/Illuminate/Routing/Router.php(764): Illuminate\\Routing\\Router->runRoute()
#21 /home/debian/VivaBioApp/vendor/laravel/framework/src/Illuminate/Routing/Router.php(753): Illuminate\\Routing\\Router->dispatchToRoute()
#22 /home/debian/VivaBioApp/vendor/laravel/framework/src/Illuminate/Foundation/Http/Kernel.php(200): Illuminate\\Routing\\Router->dispatch()
#23 /home/debian/VivaBioApp/vendor/laravel/framework/src/Illuminate/Pipeline/Pipeline.php(180): Illuminate\\Foundation\\Http\\Kernel->Illuminate\\Foundation\\Http\\{closure}()
#24 /home/debian/VivaBioApp/vendor/laravel/framework/src/Illuminate/Foundation/Http/Middleware/TransformsRequest.php(21): Illuminate\\Pipeline\\Pipeline->Illuminate\\Pipeline\\{closure}()
#25 /home/debian/VivaBioApp/vendor/laravel/framework/src/Illuminate/Foundation/Http/Middleware/ConvertEmptyStringsToNull.php(31): Illuminate\\Foundation\\Http\\Middleware\\TransformsRequest->handle()
#26 /home/debian/VivaBioApp/vendor/laravel/framework/src/Illuminate/Pipeline/Pipeline.php(219): Illuminate\\Foundation\\Http\\Middleware\\ConvertEmptyStringsToNull->handle()
#27 /home/debian/VivaBioApp/vendor/laravel/framework/src/Illuminate/Foundation/Http/Middleware/TransformsRequest.php(21): Illuminate\\Pipeline\\Pipeline->Illuminate\\Pipeline\\{closure}()
#28 /home/debian/VivaBioApp/vendor/laravel/framework/src/Illuminate/Foundation/Http/Middleware/TrimStrings.php(51): Illuminate\\Foundation\\Http\\Middleware\\TransformsRequest->handle()
#29 /home/debian/VivaBioApp/vendor/laravel/framework/src/Illuminate/Pipeline/Pipeline.php(219): Illuminate\\Foundation\\Http\\Middleware\\TrimStrings->handle()
#30 /home/debian/VivaBioApp/vendor/laravel/framework/src/Illuminate/Http/Middleware/ValidatePostSize.php(27): Illuminate\\Pipeline\\Pipeline->Illuminate\\Pipeline\\{closure}()
#31 /home/debian/VivaBioApp/vendor/laravel/framework/src/Illuminate/Pipeline/Pipeline.php(219): Illuminate\\Http\\Middleware\\ValidatePostSize->handle()
#32 /home/debian/VivaBioApp/vendor/laravel/framework/src/Illuminate/Foundation/Http/Middleware/PreventRequestsDuringMaintenance.php(109): Illuminate\\Pipeline\\Pipeline->Illuminate\\Pipeline\\{closure}()
#33 /home/debian/VivaBioApp/vendor/laravel/framework/src/Illuminate/Pipeline/Pipeline.php(219): Illuminate\\Foundation\\Http\\Middleware\\PreventRequestsDuringMaintenance->handle()
#34 /home/debian/VivaBioApp/vendor/laravel/framework/src/Illuminate/Http/Middleware/HandleCors.php(48): Illuminate\\Pipeline\\Pipeline->Illuminate\\Pipeline\\{closure}()
#35 /home/debian/VivaBioApp/vendor/laravel/framework/src/Illuminate/Pipeline/Pipeline.php(219): Illuminate\\Http\\Middleware\\HandleCors->handle()
#36 /home/debian/VivaBioApp/vendor/laravel/framework/src/Illuminate/Http/Middleware/TrustProxies.php(58): Illuminate\\Pipeline\\Pipeline->Illuminate\\Pipeline\\{closure}()
#37 /home/debian/VivaBioApp/vendor/laravel/framework/src/Illuminate/Pipeline/Pipeline.php(219): Illuminate\\Http\\Middleware\\TrustProxies->handle()
#38 /home/debian/VivaBioApp/vendor/laravel/framework/src/Illuminate/Foundation/Http/Middleware/InvokeDeferredCallbacks.php(22): Illuminate\\Pipeline\\Pipeline->Illuminate\\Pipeline\\{closure}()
#39 /home/debian/VivaBioApp/vendor/laravel/framework/src/Illuminate/Pipeline/Pipeline.php(219): Illuminate\\Foundation\\Http\\Middleware\\InvokeDeferredCallbacks->handle()
#40 /home/debian/VivaBioApp/vendor/laravel/framework/src/Illuminate/Http/Middleware/ValidatePathEncoding.php(26): Illuminate\\Pipeline\\Pipeline->Illuminate\\Pipeline\\{closure}()
#41 /home/debian/VivaBioApp/vendor/laravel/framework/src/Illuminate/Pipeline/Pipeline.php(219): Illuminate\\Http\\Middleware\\ValidatePathEncoding->handle()
#42 /home/debian/VivaBioApp/vendor/laravel/framework/src/Illuminate/Pipeline/Pipeline.php(137): Illuminate\\Pipeline\\Pipeline->Illuminate\\Pipeline\\{closure}()
#43 /home/debian/VivaBioApp/vendor/laravel/framework/src/Illuminate/Foundation/Http/Kernel.php(175): Illuminate\\Pipeline\\Pipeline->then()
#44 /home/debian/VivaBioApp/vendor/laravel/framework/src/Illuminate/Foundation/Http/Kernel.php(144): Illuminate\\Foundation\\Http\\Kernel->sendRequestThroughRouter()
#45 /home/debian/VivaBioApp/vendor/laravel/framework/src/Illuminate/Foundation/Application.php(1220): Illuminate\\Foundation\\Http\\Kernel->handle()
#46 /home/debian/VivaBioApp/public/index.php(20): Illuminate\\Foundation\\Application->handleRequest()
#47 /home/debian/VivaBioApp/vendor/laravel/framework/src/Illuminate/Foundation/resources/server.php(23): require_once('...')
#48 {main}
"} 
[2025-11-05 14:15:07] production.ERROR: No application encryption key has been specified. {"exception":"[object] (Illuminate\\Encryption\\MissingAppKeyException(code: 0): No application encryption key has been specified. at /home/debian/VivaBioApp/vendor/laravel/framework/src/Illuminate/Encryption/EncryptionServiceProvider.php:83)
[stacktrace]
#0 /home/debian/VivaBioApp/vendor/laravel/framework/src/Illuminate/Support/helpers.php(390): Illuminate\\Encryption\\EncryptionServiceProvider->Illuminate\\Encryption\\{closure}()
#1 /home/debian/VivaBioApp/vendor/laravel/framework/src/Illuminate/Encryption/EncryptionServiceProvider.php(81): tap()
#2 /home/debian/VivaBioApp/vendor/laravel/framework/src/Illuminate/Encryption/EncryptionServiceProvider.php(64): Illuminate\\Encryption\\EncryptionServiceProvider->key()
#3 /home/debian/VivaBioApp/vendor/laravel/framework/src/Illuminate/Encryption/EncryptionServiceProvider.php(32): Illuminate\\Encryption\\EncryptionServiceProvider->parseKey()
#4 /home/debian/VivaBioApp/vendor/laravel/framework/src/Illuminate/Container/Container.php(1154): Illuminate\\Encryption\\EncryptionServiceProvider->Illuminate\\Encryption\\{closure}()
#5 /home/debian/VivaBioApp/vendor/laravel/framework/src/Illuminate/Container/Container.php(972): Illuminate\\Container\\Container->build()
#6 /home/debian/VivaBioApp/vendor/laravel/framework/src/Illuminate/Foundation/Application.php(1078): Illuminate\\Container\\Container->resolve()
#7 /home/debian/VivaBioApp/vendor/laravel/framework/src/Illuminate/Container/Container.php(903): Illuminate\\Foundation\\Application->resolve()
#8 /home/debian/VivaBioApp/vendor/laravel/framework/src/Illuminate/Foundation/Application.php(1058): Illuminate\\Container\\Container->make()
#9 /home/debian/VivaBioApp/vendor/laravel/framework/src/Illuminate/Container/Container.php(1379): Illuminate\\Foundation\\Application->make()
#10 /home/debian/VivaBioApp/vendor/laravel/framework/src/Illuminate/Container/Container.php(1278): Illuminate\\Container\\Container->resolveClass()
#11 /home/debian/VivaBioApp/vendor/laravel/framework/src/Illuminate/Container/Container.php(1201): Illuminate\\Container\\Container->resolveDependencies()
#12 /home/debian/VivaBioApp/vendor/laravel/framework/src/Illuminate/Container/Container.php(972): Illuminate\\Container\\Container->build()
#13 /home/debian/VivaBioApp/vendor/laravel/framework/src/Illuminate/Foundation/Application.php(1078): Illuminate\\Container\\Container->resolve()
#14 /home/debian/VivaBioApp/vendor/laravel/framework/src/Illuminate/Container/Container.php(903): Illuminate\\Foundation\\Application->resolve()
#15 /home/debian/VivaBioApp/vendor/laravel/framework/src/Illuminate/Foundation/Application.php(1058): Illuminate\\Container\\Container->make()
#16 /home/debian/VivaBioApp/vendor/laravel/framework/src/Illuminate/Foundation/Http/Kernel.php(257): Illuminate\\Foundation\\Application->make()
#17 /home/debian/VivaBioApp/vendor/laravel/framework/src/Illuminate/Foundation/Http/Kernel.php(215): Illuminate\\Foundation\\Http\\Kernel->terminateMiddleware()
#18 /home/debian/VivaBioApp/vendor/laravel/framework/src/Illuminate/Foundation/Application.php(1222): Illuminate\\Foundation\\Http\\Kernel->terminate()
#19 /home/debian/VivaBioApp/public/index.php(20): Illuminate\\Foundation\\Application->handleRequest()
#20 /home/debian/VivaBioApp/vendor/laravel/framework/src/Illuminate/Foundation/resources/server.php(23): require_once('...')
#21 {main}
"} 
[2025-11-05 14:20:49] production.ERROR: No application encryption key has been specified. {"exception":"[object] (Illuminate\\Encryption\\MissingAppKeyException(code: 0): No application encryption key has been specified. at /home/debian/VivaBioApp/vendor/laravel/framework/src/Illuminate/Encryption/EncryptionServiceProvider.php:83)
[stacktrace]
#0 /home/debian/VivaBioApp/vendor/laravel/framework/src/Illuminate/Support/helpers.php(390): Illuminate\\Encryption\\EncryptionServiceProvider->Illuminate\\Encryption\\{closure}()
#1 /home/debian/VivaBioApp/vendor/laravel/framework/src/Illuminate/Encryption/EncryptionServiceProvider.php(81): tap()
#2 /home/debian/VivaBioApp/vendor/laravel/framework/src/Illuminate/Encryption/EncryptionServiceProvider.php(64): Illuminate\\Encryption\\EncryptionServiceProvider->key()
#3 /home/debian/VivaBioApp/vendor/laravel/framework/src/Illuminate/Encryption/EncryptionServiceProvider.php(32): Illuminate\\Encryption\\EncryptionServiceProvider->parseKey()
#4 /home/debian/VivaBioApp/vendor/laravel/framework/src/Illuminate/Container/Container.php(1154): Illuminate\\Encryption\\EncryptionServiceProvider->Illuminate\\Encryption\\{closure}()
#5 /home/debian/VivaBioApp/vendor/laravel/framework/src/Illuminate/Container/Container.php(972): Illuminate\\Container\\Container->build()
#6 /home/debian/VivaBioApp/vendor/laravel/framework/src/Illuminate/Foundation/Application.php(1078): Illuminate\\Container\\Container->resolve()
#7 /home/debian/VivaBioApp/vendor/laravel/framework/src/Illuminate/Container/Container.php(903): Illuminate\\Foundation\\Application->resolve()
#8 /home/debian/VivaBioApp/vendor/laravel/framework/src/Illuminate/Foundation/Application.php(1058): Illuminate\\Container\\Container->make()
#9 /home/debian/VivaBioApp/vendor/laravel/framework/src/Illuminate/Container/Container.php(1379): Illuminate\\Foundation\\Application->make()
#10 /home/debian/VivaBioApp/vendor/laravel/framework/src/Illuminate/Container/Container.php(1278): Illuminate\\Container\\Container->resolveClass()
#11 /home/debian/VivaBioApp/vendor/laravel/framework/src/Illuminate/Container/Container.php(1201): Illuminate\\Container\\Container->resolveDependencies()
#12 /home/debian/VivaBioApp/vendor/laravel/framework/src/Illuminate/Container/Container.php(972): Illuminate\\Container\\Container->build()
#13 /home/debian/VivaBioApp/vendor/laravel/framework/src/Illuminate/Foundation/Application.php(1078): Illuminate\\Container\\Container->resolve()
#14 /home/debian/VivaBioApp/vendor/laravel/framework/src/Illuminate/Container/Container.php(903): Illuminate\\Foundation\\Application->resolve()
#15 /home/debian/VivaBioApp/vendor/laravel/framework/src/Illuminate/Foundation/Application.php(1058): Illuminate\\Container\\Container->make()
#16 /home/debian/VivaBioApp/vendor/laravel/framework/src/Illuminate/Pipeline/Pipeline.php(208): Illuminate\\Foundation\\Application->make()
#17 /home/debian/VivaBioApp/vendor/laravel/framework/src/Illuminate/Pipeline/Pipeline.php(137): Illuminate\\Pipeline\\Pipeline->Illuminate\\Pipeline\\{closure}()
#18 /home/debian/VivaBioApp/vendor/laravel/framework/src/Illuminate/Routing/Router.php(821): Illuminate\\Pipeline\\Pipeline->then()
#19 /home/debian/VivaBioApp/vendor/laravel/framework/src/Illuminate/Routing/Router.php(800): Illuminate\\Routing\\Router->runRouteWithinStack()
#20 /home/debian/VivaBioApp/vendor/laravel/framework/src/Illuminate/Routing/Router.php(764): Illuminate\\Routing\\Router->runRoute()
#21 /home/debian/VivaBioApp/vendor/laravel/framework/src/Illuminate/Routing/Router.php(753): Illuminate\\Routing\\Router->dispatchToRoute()
#22 /home/debian/VivaBioApp/vendor/laravel/framework/src/Illuminate/Foundation/Http/Kernel.php(200): Illuminate\\Routing\\Router->dispatch()
#23 /home/debian/VivaBioApp/vendor/laravel/framework/src/Illuminate/Pipeline/Pipeline.php(180): Illuminate\\Foundation\\Http\\Kernel->Illuminate\\Foundation\\Http\\{closure}()
#24 /home/debian/VivaBioApp/vendor/laravel/framework/src/Illuminate/Foundation/Http/Middleware/TransformsRequest.php(21): Illuminate\\Pipeline\\Pipeline->Illuminate\\Pipeline\\{closure}()
#25 /home/debian/VivaBioApp/vendor/laravel/framework/src/Illuminate/Foundation/Http/Middleware/ConvertEmptyStringsToNull.php(31): Illuminate\\Foundation\\Http\\Middleware\\TransformsRequest->handle()
#26 /home/debian/VivaBioApp/vendor/laravel/framework/src/Illuminate/Pipeline/Pipeline.php(219): Illuminate\\Foundation\\Http\\Middleware\\ConvertEmptyStringsToNull->handle()
#27 /home/debian/VivaBioApp/vendor/laravel/framework/src/Illuminate/Foundation/Http/Middleware/TransformsRequest.php(21): Illuminate\\Pipeline\\Pipeline->Illuminate\\Pipeline\\{closure}()
#28 /home/debian/VivaBioApp/vendor/laravel/framework/src/Illuminate/Foundation/Http/Middleware/TrimStrings.php(51): Illuminate\\Foundation\\Http\\Middleware\\TransformsRequest->handle()
#29 /home/debian/VivaBioApp/vendor/laravel/framework/src/Illuminate/Pipeline/Pipeline.php(219): Illuminate\\Foundation\\Http\\Middleware\\TrimStrings->handle()
#30 /home/debian/VivaBioApp/vendor/laravel/framework/src/Illuminate/Http/Middleware/ValidatePostSize.php(27): Illuminate\\Pipeline\\Pipeline->Illuminate\\Pipeline\\{closure}()
#31 /home/debian/VivaBioApp/vendor/laravel/framework/src/Illuminate/Pipeline/Pipeline.php(219): Illuminate\\Http\\Middleware\\ValidatePostSize->handle()
#32 /home/debian/VivaBioApp/vendor/laravel/framework/src/Illuminate/Foundation/Http/Middleware/PreventRequestsDuringMaintenance.php(109): Illuminate\\Pipeline\\Pipeline->Illuminate\\Pipeline\\{closure}()
#33 /home/debian/VivaBioApp/vendor/laravel/framework/src/Illuminate/Pipeline/Pipeline.php(219): Illuminate\\Foundation\\Http\\Middleware\\PreventRequestsDuringMaintenance->handle()
#34 /home/debian/VivaBioApp/vendor/laravel/framework/src/Illuminate/Http/Middleware/HandleCors.php(48): Illuminate\\Pipeline\\Pipeline->Illuminate\\Pipeline\\{closure}()
#35 /home/debian/VivaBioApp/vendor/laravel/framework/src/Illuminate/Pipeline/Pipeline.php(219): Illuminate\\Http\\Middleware\\HandleCors->handle()
#36 /home/debian/VivaBioApp/vendor/laravel/framework/src/Illuminate/Http/Middleware/TrustProxies.php(58): Illuminate\\Pipeline\\Pipeline->Illuminate\\Pipeline\\{closure}()
#37 /home/debian/VivaBioApp/vendor/laravel/framework/src/Illuminate/Pipeline/Pipeline.php(219): Illuminate\\Http\\Middleware\\TrustProxies->handle()
#38 /home/debian/VivaBioApp/vendor/laravel/framework/src/Illuminate/Foundation/Http/Middleware/InvokeDeferredCallbacks.php(22): Illuminate\\Pipeline\\Pipeline->Illuminate\\Pipeline\\{closure}()
#39 /home/debian/VivaBioApp/vendor/laravel/framework/src/Illuminate/Pipeline/Pipeline.php(219): Illuminate\\Foundation\\Http\\Middleware\\InvokeDeferredCallbacks->handle()
#40 /home/debian/VivaBioApp/vendor/laravel/framework/src/Illuminate/Http/Middleware/ValidatePathEncoding.php(26): Illuminate\\Pipeline\\Pipeline->Illuminate\\Pipeline\\{closure}()
#41 /home/debian/VivaBioApp/vendor/laravel/framework/src/Illuminate/Pipeline/Pipeline.php(219): Illuminate\\Http\\Middleware\\ValidatePathEncoding->handle()
#42 /home/debian/VivaBioApp/vendor/laravel/framework/src/Illuminate/Pipeline/Pipeline.php(137): Illuminate\\Pipeline\\Pipeline->Illuminate\\Pipeline\\{closure}()
#43 /home/debian/VivaBioApp/vendor/laravel/framework/src/Illuminate/Foundation/Http/Kernel.php(175): Illuminate\\Pipeline\\Pipeline->then()
#44 /home/debian/VivaBioApp/vendor/laravel/framework/src/Illuminate/Foundation/Http/Kernel.php(144): Illuminate\\Foundation\\Http\\Kernel->sendRequestThroughRouter()
#45 /home/debian/VivaBioApp/vendor/laravel/framework/src/Illuminate/Foundation/Application.php(1220): Illuminate\\Foundation\\Http\\Kernel->handle()
#46 /home/debian/VivaBioApp/public/index.php(20): Illuminate\\Foundation\\Application->handleRequest()
#47 /home/debian/VivaBioApp/vendor/laravel/framework/src/Illuminate/Foundation/resources/server.php(23): require_once('...')
#48 {main}
"} 
[2025-11-05 14:20:50] production.ERROR: No application encryption key has been specified. {"exception":"[object] (Illuminate\\Encryption\\MissingAppKeyException(code: 0): No application encryption key has been specified. at /home/debian/VivaBioApp/vendor/laravel/framework/src/Illuminate/Encryption/EncryptionServiceProvider.php:83)
[stacktrace]
#0 /home/debian/VivaBioApp/vendor/laravel/framework/src/Illuminate/Support/helpers.php(390): Illuminate\\Encryption\\EncryptionServiceProvider->Illuminate\\Encryption\\{closure}()
#1 /home/debian/VivaBioApp/vendor/laravel/framework/src/Illuminate/Encryption/EncryptionServiceProvider.php(81): tap()
#2 /home/debian/VivaBioApp/vendor/laravel/framework/src/Illuminate/Encryption/EncryptionServiceProvider.php(64): Illuminate\\Encryption\\EncryptionServiceProvider->key()
#3 /home/debian/VivaBioApp/vendor/laravel/framework/src/Illuminate/Encryption/EncryptionServiceProvider.php(32): Illuminate\\Encryption\\EncryptionServiceProvider->parseKey()
#4 /home/debian/VivaBioApp/vendor/laravel/framework/src/Illuminate/Container/Container.php(1154): Illuminate\\Encryption\\EncryptionServiceProvider->Illuminate\\Encryption\\{closure}()
#5 /home/debian/VivaBioApp/vendor/laravel/framework/src/Illuminate/Container/Container.php(972): Illuminate\\Container\\Container->build()
#6 /home/debian/VivaBioApp/vendor/laravel/framework/src/Illuminate/Foundation/Application.php(1078): Illuminate\\Container\\Container->resolve()
#7 /home/debian/VivaBioApp/vendor/laravel/framework/src/Illuminate/Container/Container.php(903): Illuminate\\Foundation\\Application->resolve()
#8 /home/debian/VivaBioApp/vendor/laravel/framework/src/Illuminate/Foundation/Application.php(1058): Illuminate\\Container\\Container->make()
#9 /home/debian/VivaBioApp/vendor/laravel/framework/src/Illuminate/Container/Container.php(1379): Illuminate\\Foundation\\Application->make()
#10 /home/debian/VivaBioApp/vendor/laravel/framework/src/Illuminate/Container/Container.php(1278): Illuminate\\Container\\Container->resolveClass()
#11 /home/debian/VivaBioApp/vendor/laravel/framework/src/Illuminate/Container/Container.php(1201): Illuminate\\Container\\Container->resolveDependencies()
#12 /home/debian/VivaBioApp/vendor/laravel/framework/src/Illuminate/Container/Container.php(972): Illuminate\\Container\\Container->build()
#13 /home/debian/VivaBioApp/vendor/laravel/framework/src/Illuminate/Foundation/Application.php(1078): Illuminate\\Container\\Container->resolve()
#14 /home/debian/VivaBioApp/vendor/laravel/framework/src/Illuminate/Container/Container.php(903): Illuminate\\Foundation\\Application->resolve()
#15 /home/debian/VivaBioApp/vendor/laravel/framework/src/Illuminate/Foundation/Application.php(1058): Illuminate\\Container\\Container->make()
#16 /home/debian/VivaBioApp/vendor/laravel/framework/src/Illuminate/Foundation/Http/Kernel.php(257): Illuminate\\Foundation\\Application->make()
#17 /home/debian/VivaBioApp/vendor/laravel/framework/src/Illuminate/Foundation/Http/Kernel.php(215): Illuminate\\Foundation\\Http\\Kernel->terminateMiddleware()
#18 /home/debian/VivaBioApp/vendor/laravel/framework/src/Illuminate/Foundation/Application.php(1222): Illuminate\\Foundation\\Http\\Kernel->terminate()
#19 /home/debian/VivaBioApp/public/index.php(20): Illuminate\\Foundation\\Application->handleRequest()
#20 /home/debian/VivaBioApp/vendor/laravel/framework/src/Illuminate/Foundation/resources/server.php(23): require_once('...')
#21 {main}
"} 
[2025-11-05 14:21:27] production.ERROR: No application encryption key has been specified. {"exception":"[object] (Illuminate\\Encryption\\MissingAppKeyException(code: 0): No application encryption key has been specified. at /home/debian/VivaBioApp/vendor/laravel/framework/src/Illuminate/Encryption/EncryptionServiceProvider.php:83)
[stacktrace]
#0 /home/debian/VivaBioApp/vendor/laravel/framework/src/Illuminate/Support/helpers.php(390): Illuminate\\Encryption\\EncryptionServiceProvider->Illuminate\\Encryption\\{closure}()
#1 /home/debian/VivaBioApp/vendor/laravel/framework/src/Illuminate/Encryption/EncryptionServiceProvider.php(81): tap()
#2 /home/debian/VivaBioApp/vendor/laravel/framework/src/Illuminate/Encryption/EncryptionServiceProvider.php(64): Illuminate\\Encryption\\EncryptionServiceProvider->key()
#3 /home/debian/VivaBioApp/vendor/laravel/framework/src/Illuminate/Encryption/EncryptionServiceProvider.php(32): Illuminate\\Encryption\\EncryptionServiceProvider->parseKey()
#4 /home/debian/VivaBioApp/vendor/laravel/framework/src/Illuminate/Container/Container.php(1154): Illuminate\\Encryption\\EncryptionServiceProvider->Illuminate\\Encryption\\{closure}()
#5 /home/debian/VivaBioApp/vendor/laravel/framework/src/Illuminate/Container/Container.php(972): Illuminate\\Container\\Container->build()
#6 /home/debian/VivaBioApp/vendor/laravel/framework/src/Illuminate/Foundation/Application.php(1078): Illuminate\\Container\\Container->resolve()
#7 /home/debian/VivaBioApp/vendor/laravel/framework/src/Illuminate/Container/Container.php(903): Illuminate\\Foundation\\Application->resolve()
#8 /home/debian/VivaBioApp/vendor/laravel/framework/src/Illuminate/Foundation/Application.php(1058): Illuminate\\Container\\Container->make()
#9 /home/debian/VivaBioApp/vendor/laravel/framework/src/Illuminate/Container/Container.php(1379): Illuminate\\Foundation\\Application->make()
#10 /home/debian/VivaBioApp/vendor/laravel/framework/src/Illuminate/Container/Container.php(1278): Illuminate\\Container\\Container->resolveClass()
#11 /home/debian/VivaBioApp/vendor/laravel/framework/src/Illuminate/Container/Container.php(1201): Illuminate\\Container\\Container->resolveDependencies()
#12 /home/debian/VivaBioApp/vendor/laravel/framework/src/Illuminate/Container/Container.php(972): Illuminate\\Container\\Container->build()
#13 /home/debian/VivaBioApp/vendor/laravel/framework/src/Illuminate/Foundation/Application.php(1078): Illuminate\\Container\\Container->resolve()
#14 /home/debian/VivaBioApp/vendor/laravel/framework/src/Illuminate/Container/Container.php(903): Illuminate\\Foundation\\Application->resolve()
#15 /home/debian/VivaBioApp/vendor/laravel/framework/src/Illuminate/Foundation/Application.php(1058): Illuminate\\Container\\Container->make()
#16 /home/debian/VivaBioApp/vendor/laravel/framework/src/Illuminate/Pipeline/Pipeline.php(208): Illuminate\\Foundation\\Application->make()
#17 /home/debian/VivaBioApp/vendor/laravel/framework/src/Illuminate/Pipeline/Pipeline.php(137): Illuminate\\Pipeline\\Pipeline->Illuminate\\Pipeline\\{closure}()
#18 /home/debian/VivaBioApp/vendor/laravel/framework/src/Illuminate/Routing/Router.php(821): Illuminate\\Pipeline\\Pipeline->then()
#19 /home/debian/VivaBioApp/vendor/laravel/framework/src/Illuminate/Routing/Router.php(800): Illuminate\\Routing\\Router->runRouteWithinStack()
#20 /home/debian/VivaBioApp/vendor/laravel/framework/src/Illuminate/Routing/Router.php(764): Illuminate\\Routing\\Router->runRoute()
#21 /home/debian/VivaBioApp/vendor/laravel/framework/src/Illuminate/Routing/Router.php(753): Illuminate\\Routing\\Router->dispatchToRoute()
#22 /home/debian/VivaBioApp/vendor/laravel/framework/src/Illuminate/Foundation/Http/Kernel.php(200): Illuminate\\Routing\\Router->dispatch()
#23 /home/debian/VivaBioApp/vendor/laravel/framework/src/Illuminate/Pipeline/Pipeline.php(180): Illuminate\\Foundation\\Http\\Kernel->Illuminate\\Foundation\\Http\\{closure}()
#24 /home/debian/VivaBioApp/vendor/laravel/framework/src/Illuminate/Foundation/Http/Middleware/TransformsRequest.php(21): Illuminate\\Pipeline\\Pipeline->Illuminate\\Pipeline\\{closure}()
#25 /home/debian/VivaBioApp/vendor/laravel/framework/src/Illuminate/Foundation/Http/Middleware/ConvertEmptyStringsToNull.php(31): Illuminate\\Foundation\\Http\\Middleware\\TransformsRequest->handle()
#26 /home/debian/VivaBioApp/vendor/laravel/framework/src/Illuminate/Pipeline/Pipeline.php(219): Illuminate\\Foundation\\Http\\Middleware\\ConvertEmptyStringsToNull->handle()
#27 /home/debian/VivaBioApp/vendor/laravel/framework/src/Illuminate/Foundation/Http/Middleware/TransformsRequest.php(21): Illuminate\\Pipeline\\Pipeline->Illuminate\\Pipeline\\{closure}()
#28 /home/debian/VivaBioApp/vendor/laravel/framework/src/Illuminate/Foundation/Http/Middleware/TrimStrings.php(51): Illuminate\\Foundation\\Http\\Middleware\\TransformsRequest->handle()
#29 /home/debian/VivaBioApp/vendor/laravel/framework/src/Illuminate/Pipeline/Pipeline.php(219): Illuminate\\Foundation\\Http\\Middleware\\TrimStrings->handle()
#30 /home/debian/VivaBioApp/vendor/laravel/framework/src/Illuminate/Http/Middleware/ValidatePostSize.php(27): Illuminate\\Pipeline\\Pipeline->Illuminate\\Pipeline\\{closure}()
#31 /home/debian/VivaBioApp/vendor/laravel/framework/src/Illuminate/Pipeline/Pipeline.php(219): Illuminate\\Http\\Middleware\\ValidatePostSize->handle()
#32 /home/debian/VivaBioApp/vendor/laravel/framework/src/Illuminate/Foundation/Http/Middleware/PreventRequestsDuringMaintenance.php(109): Illuminate\\Pipeline\\Pipeline->Illuminate\\Pipeline\\{closure}()
#33 /home/debian/VivaBioApp/vendor/laravel/framework/src/Illuminate/Pipeline/Pipeline.php(219): Illuminate\\Foundation\\Http\\Middleware\\PreventRequestsDuringMaintenance->handle()
#34 /home/debian/VivaBioApp/vendor/laravel/framework/src/Illuminate/Http/Middleware/HandleCors.php(48): Illuminate\\Pipeline\\Pipeline->Illuminate\\Pipeline\\{closure}()
#35 /home/debian/VivaBioApp/vendor/laravel/framework/src/Illuminate/Pipeline/Pipeline.php(219): Illuminate\\Http\\Middleware\\HandleCors->handle()
#36 /home/debian/VivaBioApp/vendor/laravel/framework/src/Illuminate/Http/Middleware/TrustProxies.php(58): Illuminate\\Pipeline\\Pipeline->Illuminate\\Pipeline\\{closure}()
#37 /home/debian/VivaBioApp/vendor/laravel/framework/src/Illuminate/Pipeline/Pipeline.php(219): Illuminate\\Http\\Middleware\\TrustProxies->handle()
#38 /home/debian/VivaBioApp/vendor/laravel/framework/src/Illuminate/Foundation/Http/Middleware/InvokeDeferredCallbacks.php(22): Illuminate\\Pipeline\\Pipeline->Illuminate\\Pipeline\\{closure}()
#39 /home/debian/VivaBioApp/vendor/laravel/framework/src/Illuminate/Pipeline/Pipeline.php(219): Illuminate\\Foundation\\Http\\Middleware\\InvokeDeferredCallbacks->handle()
#40 /home/debian/VivaBioApp/vendor/laravel/framework/src/Illuminate/Http/Middleware/ValidatePathEncoding.php(26): Illuminate\\Pipeline\\Pipeline->Illuminate\\Pipeline\\{closure}()
#41 /home/debian/VivaBioApp/vendor/laravel/framework/src/Illuminate/Pipeline/Pipeline.php(219): Illuminate\\Http\\Middleware\\ValidatePathEncoding->handle()
#42 /home/debian/VivaBioApp/vendor/laravel/framework/src/Illuminate/Pipeline/Pipeline.php(137): Illuminate\\Pipeline\\Pipeline->Illuminate\\Pipeline\\{closure}()
#43 /home/debian/VivaBioApp/vendor/laravel/framework/src/Illuminate/Foundation/Http/Kernel.php(175): Illuminate\\Pipeline\\Pipeline->then()
#44 /home/debian/VivaBioApp/vendor/laravel/framework/src/Illuminate/Foundation/Http/Kernel.php(144): Illuminate\\Foundation\\Http\\Kernel->sendRequestThroughRouter()
#45 /home/debian/VivaBioApp/vendor/laravel/framework/src/Illuminate/Foundation/Application.php(1220): Illuminate\\Foundation\\Http\\Kernel->handle()
#46 /home/debian/VivaBioApp/public/index.php(20): Illuminate\\Foundation\\Application->handleRequest()
#47 /home/debian/VivaBioApp/vendor/laravel/framework/src/Illuminate/Foundation/resources/server.php(23): require_once('...')
#48 {main}
"} 
[2025-11-05 14:21:27] production.ERROR: No application encryption key has been specified. {"exception":"[object] (Illuminate\\Encryption\\MissingAppKeyException(code: 0): No application encryption key has been specified. at /home/debian/VivaBioApp/vendor/laravel/framework/src/Illuminate/Encryption/EncryptionServiceProvider.php:83)
[stacktrace]
#0 /home/debian/VivaBioApp/vendor/laravel/framework/src/Illuminate/Support/helpers.php(390): Illuminate\\Encryption\\EncryptionServiceProvider->Illuminate\\Encryption\\{closure}()
#1 /home/debian/VivaBioApp/vendor/laravel/framework/src/Illuminate/Encryption/EncryptionServiceProvider.php(81): tap()
#2 /home/debian/VivaBioApp/vendor/laravel/framework/src/Illuminate/Encryption/EncryptionServiceProvider.php(64): Illuminate\\Encryption\\EncryptionServiceProvider->key()
#3 /home/debian/VivaBioApp/vendor/laravel/framework/src/Illuminate/Encryption/EncryptionServiceProvider.php(32): Illuminate\\Encryption\\EncryptionServiceProvider->parseKey()
#4 /home/debian/VivaBioApp/vendor/laravel/framework/src/Illuminate/Container/Container.php(1154): Illuminate\\Encryption\\EncryptionServiceProvider->Illuminate\\Encryption\\{closure}()
#5 /home/debian/VivaBioApp/vendor/laravel/framework/src/Illuminate/Container/Container.php(972): Illuminate\\Container\\Container->build()
#6 /home/debian/VivaBioApp/vendor/laravel/framework/src/Illuminate/Foundation/Application.php(1078): Illuminate\\Container\\Container->resolve()
#7 /home/debian/VivaBioApp/vendor/laravel/framework/src/Illuminate/Container/Container.php(903): Illuminate\\Foundation\\Application->resolve()
#8 /home/debian/VivaBioApp/vendor/laravel/framework/src/Illuminate/Foundation/Application.php(1058): Illuminate\\Container\\Container->make()
#9 /home/debian/VivaBioApp/vendor/laravel/framework/src/Illuminate/Container/Container.php(1379): Illuminate\\Foundation\\Application->make()
#10 /home/debian/VivaBioApp/vendor/laravel/framework/src/Illuminate/Container/Container.php(1278): Illuminate\\Container\\Container->resolveClass()
#11 /home/debian/VivaBioApp/vendor/laravel/framework/src/Illuminate/Container/Container.php(1201): Illuminate\\Container\\Container->resolveDependencies()
#12 /home/debian/VivaBioApp/vendor/laravel/framework/src/Illuminate/Container/Container.php(972): Illuminate\\Container\\Container->build()
#13 /home/debian/VivaBioApp/vendor/laravel/framework/src/Illuminate/Foundation/Application.php(1078): Illuminate\\Container\\Container->resolve()
#14 /home/debian/VivaBioApp/vendor/laravel/framework/src/Illuminate/Container/Container.php(903): Illuminate\\Foundation\\Application->resolve()
#15 /home/debian/VivaBioApp/vendor/laravel/framework/src/Illuminate/Foundation/Application.php(1058): Illuminate\\Container\\Container->make()
#16 /home/debian/VivaBioApp/vendor/laravel/framework/src/Illuminate/Foundation/Http/Kernel.php(257): Illuminate\\Foundation\\Application->make()
#17 /home/debian/VivaBioApp/vendor/laravel/framework/src/Illuminate/Foundation/Http/Kernel.php(215): Illuminate\\Foundation\\Http\\Kernel->terminateMiddleware()
#18 /home/debian/VivaBioApp/vendor/laravel/framework/src/Illuminate/Foundation/Application.php(1222): Illuminate\\Foundation\\Http\\Kernel->terminate()
#19 /home/debian/VivaBioApp/public/index.php(20): Illuminate\\Foundation\\Application->handleRequest()
#20 /home/debian/VivaBioApp/vendor/laravel/framework/src/Illuminate/Foundation/resources/server.php(23): require_once('...')
#21 {main}
"} 
[2025-11-05 14:23:54] local.ERROR: SQLSTATE[HY000] [1698] Access denied for user 'root'@'localhost' (Connection: mysql, SQL: select * from `sessions` where `id` = IPhahMtWfGgcDZWJOra0zqh2eIdnRl54PId3dIom limit 1) {"exception":"[object] (Illuminate\\Database\\QueryException(code: 1698): SQLSTATE[HY000] [1698] Access denied for user 'root'@'localhost' (Connection: mysql, SQL: select * from `sessions` where `id` = IPhahMtWfGgcDZWJOra0zqh2eIdnRl54PId3dIom limit 1) at /home/debian/VivaBioApp/vendor/laravel/framework/src/Illuminate/Database/Connection.php:824)
[stacktrace]
#0 /home/debian/VivaBioApp/vendor/laravel/framework/src/Illuminate/Database/Connection.php(778): Illuminate\\Database\\Connection->runQueryCallback()
#1 /home/debian/VivaBioApp/vendor/laravel/framework/src/Illuminate/Database/Connection.php(397): Illuminate\\Database\\Connection->run()
#2 /home/debian/VivaBioApp/vendor/laravel/framework/src/Illuminate/Database/Query/Builder.php(3188): Illuminate\\Database\\Connection->select()
#3 /home/debian/VivaBioApp/vendor/laravel/framework/src/Illuminate/Database/Query/Builder.php(3173): Illuminate\\Database\\Query\\Builder->runSelect()
#4 /home/debian/VivaBioApp/vendor/laravel/framework/src/Illuminate/Database/Query/Builder.php(3763): Illuminate\\Database\\Query\\Builder->Illuminate\\Database\\Query\\{closure}()
#5 /home/debian/VivaBioApp/vendor/laravel/framework/src/Illuminate/Database/Query/Builder.php(3172): Illuminate\\Database\\Query\\Builder->onceWithColumns()
#6 /home/debian/VivaBioApp/vendor/laravel/framework/src/Illuminate/Database/Concerns/BuildsQueries.php(366): Illuminate\\Database\\Query\\Builder->get()
#7 /home/debian/VivaBioApp/vendor/laravel/framework/src/Illuminate/Database/Query/Builder.php(3095): Illuminate\\Database\\Query\\Builder->first()
#8 /home/debian/VivaBioApp/vendor/laravel/framework/src/Illuminate/Session/DatabaseSessionHandler.php(96): Illuminate\\Database\\Query\\Builder->find()
#9 /home/debian/VivaBioApp/vendor/laravel/framework/src/Illuminate/Session/Store.php(117): Illuminate\\Session\\DatabaseSessionHandler->read()
#10 /home/debian/VivaBioApp/vendor/laravel/framework/src/Illuminate/Session/Store.php(105): Illuminate\\Session\\Store->readFromHandler()
#11 /home/debian/VivaBioApp/vendor/laravel/framework/src/Illuminate/Session/Store.php(89): Illuminate\\Session\\Store->loadSession()
#12 /home/debian/VivaBioApp/vendor/laravel/framework/src/Illuminate/Session/Middleware/StartSession.php(146): Illuminate\\Session\\Store->start()
#13 /home/debian/VivaBioApp/vendor/laravel/framework/src/Illuminate/Support/helpers.php(390): Illuminate\\Session\\Middleware\\StartSession->Illuminate\\Session\\Middleware\\{closure}()
#14 /home/debian/VivaBioApp/vendor/laravel/framework/src/Illuminate/Session/Middleware/StartSession.php(143): tap()
#15 /home/debian/VivaBioApp/vendor/laravel/framework/src/Illuminate/Session/Middleware/StartSession.php(115): Illuminate\\Session\\Middleware\\StartSession->startSession()
#16 /home/debian/VivaBioApp/vendor/laravel/framework/src/Illuminate/Session/Middleware/StartSession.php(63): Illuminate\\Session\\Middleware\\StartSession->handleStatefulRequest()
#17 /home/debian/VivaBioApp/vendor/laravel/framework/src/Illuminate/Pipeline/Pipeline.php(219): Illuminate\\Session\\Middleware\\StartSession->handle()
#18 /home/debian/VivaBioApp/vendor/laravel/framework/src/Illuminate/Cookie/Middleware/AddQueuedCookiesToResponse.php(36): Illuminate\\Pipeline\\Pipeline->Illuminate\\Pipeline\\{closure}()
#19 /home/debian/VivaBioApp/vendor/laravel/framework/src/Illuminate/Pipeline/Pipeline.php(219): Illuminate\\Cookie\\Middleware\\AddQueuedCookiesToResponse->handle()
#20 /home/debian/VivaBioApp/vendor/laravel/framework/src/Illuminate/Cookie/Middleware/EncryptCookies.php(74): Illuminate\\Pipeline\\Pipeline->Illuminate\\Pipeline\\{closure}()
#21 /home/debian/VivaBioApp/vendor/laravel/framework/src/Illuminate/Pipeline/Pipeline.php(219): Illuminate\\Cookie\\Middleware\\EncryptCookies->handle()
#22 /home/debian/VivaBioApp/vendor/laravel/framework/src/Illuminate/Pipeline/Pipeline.php(137): Illuminate\\Pipeline\\Pipeline->Illuminate\\Pipeline\\{closure}()
#23 /home/debian/VivaBioApp/vendor/laravel/framework/src/Illuminate/Routing/Router.php(821): Illuminate\\Pipeline\\Pipeline->then()
#24 /home/debian/VivaBioApp/vendor/laravel/framework/src/Illuminate/Routing/Router.php(800): Illuminate\\Routing\\Router->runRouteWithinStack()
#25 /home/debian/VivaBioApp/vendor/laravel/framework/src/Illuminate/Routing/Router.php(764): Illuminate\\Routing\\Router->runRoute()
#26 /home/debian/VivaBioApp/vendor/laravel/framework/src/Illuminate/Routing/Router.php(753): Illuminate\\Routing\\Router->dispatchToRoute()
#27 /home/debian/VivaBioApp/vendor/laravel/framework/src/Illuminate/Foundation/Http/Kernel.php(200): Illuminate\\Routing\\Router->dispatch()
#28 /home/debian/VivaBioApp/vendor/laravel/framework/src/Illuminate/Pipeline/Pipeline.php(180): Illuminate\\Foundation\\Http\\Kernel->Illuminate\\Foundation\\Http\\{closure}()
#29 /home/debian/VivaBioApp/vendor/laravel/framework/src/Illuminate/Foundation/Http/Middleware/TransformsRequest.php(21): Illuminate\\Pipeline\\Pipeline->Illuminate\\Pipeline\\{closure}()
#30 /home/debian/VivaBioApp/vendor/laravel/framework/src/Illuminate/Foundation/Http/Middleware/ConvertEmptyStringsToNull.php(31): Illuminate\\Foundation\\Http\\Middleware\\TransformsRequest->handle()
#31 /home/debian/VivaBioApp/vendor/laravel/framework/src/Illuminate/Pipeline/Pipeline.php(219): Illuminate\\Foundation\\Http\\Middleware\\ConvertEmptyStringsToNull->handle()
#32 /home/debian/VivaBioApp/vendor/laravel/framework/src/Illuminate/Foundation/Http/Middleware/TransformsRequest.php(21): Illuminate\\Pipeline\\Pipeline->Illuminate\\Pipeline\\{closure}()
#33 /home/debian/VivaBioApp/vendor/laravel/framework/src/Illuminate/Foundation/Http/Middleware/TrimStrings.php(51): Illuminate\\Foundation\\Http\\Middleware\\TransformsRequest->handle()
#34 /home/debian/VivaBioApp/vendor/laravel/framework/src/Illuminate/Pipeline/Pipeline.php(219): Illuminate\\Foundation\\Http\\Middleware\\TrimStrings->handle()
#35 /home/debian/VivaBioApp/vendor/laravel/framework/src/Illuminate/Http/Middleware/ValidatePostSize.php(27): Illuminate\\Pipeline\\Pipeline->Illuminate\\Pipeline\\{closure}()
#36 /home/debian/VivaBioApp/vendor/laravel/framework/src/Illuminate/Pipeline/Pipeline.php(219): Illuminate\\Http\\Middleware\\ValidatePostSize->handle()
#37 /home/debian/VivaBioApp/vendor/laravel/framework/src/Illuminate/Foundation/Http/Middleware/PreventRequestsDuringMaintenance.php(109): Illuminate\\Pipeline\\Pipeline->Illuminate\\Pipeline\\{closure}()
#38 /home/debian/VivaBioApp/vendor/laravel/framework/src/Illuminate/Pipeline/Pipeline.php(219): Illuminate\\Foundation\\Http\\Middleware\\PreventRequestsDuringMaintenance->handle()
#39 /home/debian/VivaBioApp/vendor/laravel/framework/src/Illuminate/Http/Middleware/HandleCors.php(48): Illuminate\\Pipeline\\Pipeline->Illuminate\\Pipeline\\{closure}()
#40 /home/debian/VivaBioApp/vendor/laravel/framework/src/Illuminate/Pipeline/Pipeline.php(219): Illuminate\\Http\\Middleware\\HandleCors->handle()
#41 /home/debian/VivaBioApp/vendor/laravel/framework/src/Illuminate/Http/Middleware/TrustProxies.php(58): Illuminate\\Pipeline\\Pipeline->Illuminate\\Pipeline\\{closure}()
#42 /home/debian/VivaBioApp/vendor/laravel/framework/src/Illuminate/Pipeline/Pipeline.php(219): Illuminate\\Http\\Middleware\\TrustProxies->handle()
#43 /home/debian/VivaBioApp/vendor/laravel/framework/src/Illuminate/Foundation/Http/Middleware/InvokeDeferredCallbacks.php(22): Illuminate\\Pipeline\\Pipeline->Illuminate\\Pipeline\\{closure}()
#44 /home/debian/VivaBioApp/vendor/laravel/framework/src/Illuminate/Pipeline/Pipeline.php(219): Illuminate\\Foundation\\Http\\Middleware\\InvokeDeferredCallbacks->handle()
#45 /home/debian/VivaBioApp/vendor/laravel/framework/src/Illuminate/Http/Middleware/ValidatePathEncoding.php(26): Illuminate\\Pipeline\\Pipeline->Illuminate\\Pipeline\\{closure}()
#46 /home/debian/VivaBioApp/vendor/laravel/framework/src/Illuminate/Pipeline/Pipeline.php(219): Illuminate\\Http\\Middleware\\ValidatePathEncoding->handle()
#47 /home/debian/VivaBioApp/vendor/laravel/framework/src/Illuminate/Pipeline/Pipeline.php(137): Illuminate\\Pipeline\\Pipeline->Illuminate\\Pipeline\\{closure}()
#48 /home/debian/VivaBioApp/vendor/laravel/framework/src/Illuminate/Foundation/Http/Kernel.php(175): Illuminate\\Pipeline\\Pipeline->then()
#49 /home/debian/VivaBioApp/vendor/laravel/framework/src/Illuminate/Foundation/Http/Kernel.php(144): Illuminate\\Foundation\\Http\\Kernel->sendRequestThroughRouter()
#50 /home/debian/VivaBioApp/vendor/laravel/framework/src/Illuminate/Foundation/Application.php(1220): Illuminate\\Foundation\\Http\\Kernel->handle()
#51 /home/debian/VivaBioApp/public/index.php(20): Illuminate\\Foundation\\Application->handleRequest()
#52 /home/debian/VivaBioApp/vendor/laravel/framework/src/Illuminate/Foundation/resources/server.php(23): require_once('...')
#53 {main}

[previous exception] [object] (PDOException(code: 1698): SQLSTATE[HY000] [1698] Access denied for user 'root'@'localhost' at /home/debian/VivaBioApp/vendor/laravel/framework/src/Illuminate/Database/Connectors/Connector.php:66)
[stacktrace]
#0 /home/debian/VivaBioApp/vendor/laravel/framework/src/Illuminate/Database/Connectors/Connector.php(66): PDO->__construct()
#1 /home/debian/VivaBioApp/vendor/laravel/framework/src/Illuminate/Database/Connectors/Connector.php(44): Illuminate\\Database\\Connectors\\Connector->createPdoConnection()
#2 /home/debian/VivaBioApp/vendor/laravel/framework/src/Illuminate/Database/Connectors/MySqlConnector.php(24): Illuminate\\Database\\Connectors\\Connector->createConnection()
#3 /home/debian/VivaBioApp/vendor/laravel/framework/src/Illuminate/Database/Connectors/ConnectionFactory.php(184): Illuminate\\Database\\Connectors\\MySqlConnector->connect()
#4 [internal function]: Illuminate\\Database\\Connectors\\ConnectionFactory->Illuminate\\Database\\Connectors\\{closure}()
#5 /home/debian/VivaBioApp/vendor/laravel/framework/src/Illuminate/Database/Connection.php(1230): call_user_func()
#6 /home/debian/VivaBioApp/vendor/laravel/framework/src/Illuminate/Database/Connection.php(511): Illuminate\\Database\\Connection->getPdo()
#7 /home/debian/VivaBioApp/vendor/laravel/framework/src/Illuminate/Database/Connection.php(406): Illuminate\\Database\\Connection->getPdoForSelect()
#8 /home/debian/VivaBioApp/vendor/laravel/framework/src/Illuminate/Database/Connection.php(811): Illuminate\\Database\\Connection->Illuminate\\Database\\{closure}()
#9 /home/debian/VivaBioApp/vendor/laravel/framework/src/Illuminate/Database/Connection.php(778): Illuminate\\Database\\Connection->runQueryCallback()
#10 /home/debian/VivaBioApp/vendor/laravel/framework/src/Illuminate/Database/Connection.php(397): Illuminate\\Database\\Connection->run()
#11 /home/debian/VivaBioApp/vendor/laravel/framework/src/Illuminate/Database/Query/Builder.php(3188): Illuminate\\Database\\Connection->select()
#12 /home/debian/VivaBioApp/vendor/laravel/framework/src/Illuminate/Database/Query/Builder.php(3173): Illuminate\\Database\\Query\\Builder->runSelect()
#13 /home/debian/VivaBioApp/vendor/laravel/framework/src/Illuminate/Database/Query/Builder.php(3763): Illuminate\\Database\\Query\\Builder->Illuminate\\Database\\Query\\{closure}()
#14 /home/debian/VivaBioApp/vendor/laravel/framework/src/Illuminate/Database/Query/Builder.php(3172): Illuminate\\Database\\Query\\Builder->onceWithColumns()
#15 /home/debian/VivaBioApp/vendor/laravel/framework/src/Illuminate/Database/Concerns/BuildsQueries.php(366): Illuminate\\Database\\Query\\Builder->get()
#16 /home/debian/VivaBioApp/vendor/laravel/framework/src/Illuminate/Database/Query/Builder.php(3095): Illuminate\\Database\\Query\\Builder->first()
#17 /home/debian/VivaBioApp/vendor/laravel/framework/src/Illuminate/Session/DatabaseSessionHandler.php(96): Illuminate\\Database\\Query\\Builder->find()
#18 /home/debian/VivaBioApp/vendor/laravel/framework/src/Illuminate/Session/Store.php(117): Illuminate\\Session\\DatabaseSessionHandler->read()
#19 /home/debian/VivaBioApp/vendor/laravel/framework/src/Illuminate/Session/Store.php(105): Illuminate\\Session\\Store->readFromHandler()
#20 /home/debian/VivaBioApp/vendor/laravel/framework/src/Illuminate/Session/Store.php(89): Illuminate\\Session\\Store->loadSession()
#21 /home/debian/VivaBioApp/vendor/laravel/framework/src/Illuminate/Session/Middleware/StartSession.php(146): Illuminate\\Session\\Store->start()
#22 /home/debian/VivaBioApp/vendor/laravel/framework/src/Illuminate/Support/helpers.php(390): Illuminate\\Session\\Middleware\\StartSession->Illuminate\\Session\\Middleware\\{closure}()
#23 /home/debian/VivaBioApp/vendor/laravel/framework/src/Illuminate/Session/Middleware/StartSession.php(143): tap()
#24 /home/debian/VivaBioApp/vendor/laravel/framework/src/Illuminate/Session/Middleware/StartSession.php(115): Illuminate\\Session\\Middleware\\StartSession->startSession()
#25 /home/debian/VivaBioApp/vendor/laravel/framework/src/Illuminate/Session/Middleware/StartSession.php(63): Illuminate\\Session\\Middleware\\StartSession->handleStatefulRequest()
#26 /home/debian/VivaBioApp/vendor/laravel/framework/src/Illuminate/Pipeline/Pipeline.php(219): Illuminate\\Session\\Middleware\\StartSession->handle()
#27 /home/debian/VivaBioApp/vendor/laravel/framework/src/Illuminate/Cookie/Middleware/AddQueuedCookiesToResponse.php(36): Illuminate\\Pipeline\\Pipeline->Illuminate\\Pipeline\\{closure}()
#28 /home/debian/VivaBioApp/vendor/laravel/framework/src/Illuminate/Pipeline/Pipeline.php(219): Illuminate\\Cookie\\Middleware\\AddQueuedCookiesToResponse->handle()
#29 /home/debian/VivaBioApp/vendor/laravel/framework/src/Illuminate/Cookie/Middleware/EncryptCookies.php(74): Illuminate\\Pipeline\\Pipeline->Illuminate\\Pipeline\\{closure}()
#30 /home/debian/VivaBioApp/vendor/laravel/framework/src/Illuminate/Pipeline/Pipeline.php(219): Illuminate\\Cookie\\Middleware\\EncryptCookies->handle()
#31 /home/debian/VivaBioApp/vendor/laravel/framework/src/Illuminate/Pipeline/Pipeline.php(137): Illuminate\\Pipeline\\Pipeline->Illuminate\\Pipeline\\{closure}()
#32 /home/debian/VivaBioApp/vendor/laravel/framework/src/Illuminate/Routing/Router.php(821): Illuminate\\Pipeline\\Pipeline->then()
#33 /home/debian/VivaBioApp/vendor/laravel/framework/src/Illuminate/Routing/Router.php(800): Illuminate\\Routing\\Router->runRouteWithinStack()
#34 /home/debian/VivaBioApp/vendor/laravel/framework/src/Illuminate/Routing/Router.php(764): Illuminate\\Routing\\Router->runRoute()
#35 /home/debian/VivaBioApp/vendor/laravel/framework/src/Illuminate/Routing/Router.php(753): Illuminate\\Routing\\Router->dispatchToRoute()
#36 /home/debian/VivaBioApp/vendor/laravel/framework/src/Illuminate/Foundation/Http/Kernel.php(200): Illuminate\\Routing\\Router->dispatch()
#37 /home/debian/VivaBioApp/vendor/laravel/framework/src/Illuminate/Pipeline/Pipeline.php(180): Illuminate\\Foundation\\Http\\Kernel->Illuminate\\Foundation\\Http\\{closure}()
#38 /home/debian/VivaBioApp/vendor/laravel/framework/src/Illuminate/Foundation/Http/Middleware/TransformsRequest.php(21): Illuminate\\Pipeline\\Pipeline->Illuminate\\Pipeline\\{closure}()
#39 /home/debian/VivaBioApp/vendor/laravel/framework/src/Illuminate/Foundation/Http/Middleware/ConvertEmptyStringsToNull.php(31): Illuminate\\Foundation\\Http\\Middleware\\TransformsRequest->handle()
#40 /home/debian/VivaBioApp/vendor/laravel/framework/src/Illuminate/Pipeline/Pipeline.php(219): Illuminate\\Foundation\\Http\\Middleware\\ConvertEmptyStringsToNull->handle()
#41 /home/debian/VivaBioApp/vendor/laravel/framework/src/Illuminate/Foundation/Http/Middleware/TransformsRequest.php(21): Illuminate\\Pipeline\\Pipeline->Illuminate\\Pipeline\\{closure}()
#42 /home/debian/VivaBioApp/vendor/laravel/framework/src/Illuminate/Foundation/Http/Middleware/TrimStrings.php(51): Illuminate\\Foundation\\Http\\Middleware\\TransformsRequest->handle()
#43 /home/debian/VivaBioApp/vendor/laravel/framework/src/Illuminate/Pipeline/Pipeline.php(219): Illuminate\\Foundation\\Http\\Middleware\\TrimStrings->handle()
#44 /home/debian/VivaBioApp/vendor/laravel/framework/src/Illuminate/Http/Middleware/ValidatePostSize.php(27): Illuminate\\Pipeline\\Pipeline->Illuminate\\Pipeline\\{closure}()
#45 /home/debian/VivaBioApp/vendor/laravel/framework/src/Illuminate/Pipeline/Pipeline.php(219): Illuminate\\Http\\Middleware\\ValidatePostSize->handle()
#46 /home/debian/VivaBioApp/vendor/laravel/framework/src/Illuminate/Foundation/Http/Middleware/PreventRequestsDuringMaintenance.php(109): Illuminate\\Pipeline\\Pipeline->Illuminate\\Pipeline\\{closure}()
#47 /home/debian/VivaBioApp/vendor/laravel/framework/src/Illuminate/Pipeline/Pipeline.php(219): Illuminate\\Foundation\\Http\\Middleware\\PreventRequestsDuringMaintenance->handle()
#48 /home/debian/VivaBioApp/vendor/laravel/framework/src/Illuminate/Http/Middleware/HandleCors.php(48): Illuminate\\Pipeline\\Pipeline->Illuminate\\Pipeline\\{closure}()
#49 /home/debian/VivaBioApp/vendor/laravel/framework/src/Illuminate/Pipeline/Pipeline.php(219): Illuminate\\Http\\Middleware\\HandleCors->handle()
#50 /home/debian/VivaBioApp/vendor/laravel/framework/src/Illuminate/Http/Middleware/TrustProxies.php(58): Illuminate\\Pipeline\\Pipeline->Illuminate\\Pipeline\\{closure}()
#51 /home/debian/VivaBioApp/vendor/laravel/framework/src/Illuminate/Pipeline/Pipeline.php(219): Illuminate\\Http\\Middleware\\TrustProxies->handle()
#52 /home/debian/VivaBioApp/vendor/laravel/framework/src/Illuminate/Foundation/Http/Middleware/InvokeDeferredCallbacks.php(22): Illuminate\\Pipeline\\Pipeline->Illuminate\\Pipeline\\{closure}()
#53 /home/debian/VivaBioApp/vendor/laravel/framework/src/Illuminate/Pipeline/Pipeline.php(219): Illuminate\\Foundation\\Http\\Middleware\\InvokeDeferredCallbacks->handle()
#54 /home/debian/VivaBioApp/vendor/laravel/framework/src/Illuminate/Http/Middleware/ValidatePathEncoding.php(26): Illuminate\\Pipeline\\Pipeline->Illuminate\\Pipeline\\{closure}()
#55 /home/debian/VivaBioApp/vendor/laravel/framework/src/Illuminate/Pipeline/Pipeline.php(219): Illuminate\\Http\\Middleware\\ValidatePathEncoding->handle()
#56 /home/debian/VivaBioApp/vendor/laravel/framework/src/Illuminate/Pipeline/Pipeline.php(137): Illuminate\\Pipeline\\Pipeline->Illuminate\\Pipeline\\{closure}()
#57 /home/debian/VivaBioApp/vendor/laravel/framework/src/Illuminate/Foundation/Http/Kernel.php(175): Illuminate\\Pipeline\\Pipeline->then()
#58 /home/debian/VivaBioApp/vendor/laravel/framework/src/Illuminate/Foundation/Http/Kernel.php(144): Illuminate\\Foundation\\Http\\Kernel->sendRequestThroughRouter()
#59 /home/debian/VivaBioApp/vendor/laravel/framework/src/Illuminate/Foundation/Application.php(1220): Illuminate\\Foundation\\Http\\Kernel->handle()
#60 /home/debian/VivaBioApp/public/index.php(20): Illuminate\\Foundation\\Application->handleRequest()
#61 /home/debian/VivaBioApp/vendor/laravel/framework/src/Illuminate/Foundation/resources/server.php(23): require_once('...')
#62 {main}
"} 
[2025-11-05 14:24:45] local.ERROR: SQLSTATE[HY000] [1698] Access denied for user 'root'@'localhost' (Connection: mysql, SQL: select * from `sessions` where `id` = hnqyngDNSX35LAslafyeevF0SIiiW4wNIPpraIIg limit 1) {"exception":"[object] (Illuminate\\Database\\QueryException(code: 1698): SQLSTATE[HY000] [1698] Access denied for user 'root'@'localhost' (Connection: mysql, SQL: select * from `sessions` where `id` = hnqyngDNSX35LAslafyeevF0SIiiW4wNIPpraIIg limit 1) at /home/debian/VivaBioApp/vendor/laravel/framework/src/Illuminate/Database/Connection.php:824)
[stacktrace]
#0 /home/debian/VivaBioApp/vendor/laravel/framework/src/Illuminate/Database/Connection.php(778): Illuminate\\Database\\Connection->runQueryCallback()
#1 /home/debian/VivaBioApp/vendor/laravel/framework/src/Illuminate/Database/Connection.php(397): Illuminate\\Database\\Connection->run()
#2 /home/debian/VivaBioApp/vendor/laravel/framework/src/Illuminate/Database/Query/Builder.php(3188): Illuminate\\Database\\Connection->select()
#3 /home/debian/VivaBioApp/vendor/laravel/framework/src/Illuminate/Database/Query/Builder.php(3173): Illuminate\\Database\\Query\\Builder->runSelect()
#4 /home/debian/VivaBioApp/vendor/laravel/framework/src/Illuminate/Database/Query/Builder.php(3763): Illuminate\\Database\\Query\\Builder->Illuminate\\Database\\Query\\{closure}()
#5 /home/debian/VivaBioApp/vendor/laravel/framework/src/Illuminate/Database/Query/Builder.php(3172): Illuminate\\Database\\Query\\Builder->onceWithColumns()
#6 /home/debian/VivaBioApp/vendor/laravel/framework/src/Illuminate/Database/Concerns/BuildsQueries.php(366): Illuminate\\Database\\Query\\Builder->get()
#7 /home/debian/VivaBioApp/vendor/laravel/framework/src/Illuminate/Database/Query/Builder.php(3095): Illuminate\\Database\\Query\\Builder->first()
#8 /home/debian/VivaBioApp/vendor/laravel/framework/src/Illuminate/Session/DatabaseSessionHandler.php(96): Illuminate\\Database\\Query\\Builder->find()
#9 /home/debian/VivaBioApp/vendor/laravel/framework/src/Illuminate/Session/Store.php(117): Illuminate\\Session\\DatabaseSessionHandler->read()
#10 /home/debian/VivaBioApp/vendor/laravel/framework/src/Illuminate/Session/Store.php(105): Illuminate\\Session\\Store->readFromHandler()
#11 /home/debian/VivaBioApp/vendor/laravel/framework/src/Illuminate/Session/Store.php(89): Illuminate\\Session\\Store->loadSession()
#12 /home/debian/VivaBioApp/vendor/laravel/framework/src/Illuminate/Session/Middleware/StartSession.php(146): Illuminate\\Session\\Store->start()
#13 /home/debian/VivaBioApp/vendor/laravel/framework/src/Illuminate/Support/helpers.php(390): Illuminate\\Session\\Middleware\\StartSession->Illuminate\\Session\\Middleware\\{closure}()
#14 /home/debian/VivaBioApp/vendor/laravel/framework/src/Illuminate/Session/Middleware/StartSession.php(143): tap()
#15 /home/debian/VivaBioApp/vendor/laravel/framework/src/Illuminate/Session/Middleware/StartSession.php(115): Illuminate\\Session\\Middleware\\StartSession->startSession()
#16 /home/debian/VivaBioApp/vendor/laravel/framework/src/Illuminate/Session/Middleware/StartSession.php(63): Illuminate\\Session\\Middleware\\StartSession->handleStatefulRequest()
#17 /home/debian/VivaBioApp/vendor/laravel/framework/src/Illuminate/Pipeline/Pipeline.php(219): Illuminate\\Session\\Middleware\\StartSession->handle()
#18 /home/debian/VivaBioApp/vendor/laravel/framework/src/Illuminate/Cookie/Middleware/AddQueuedCookiesToResponse.php(36): Illuminate\\Pipeline\\Pipeline->Illuminate\\Pipeline\\{closure}()
#19 /home/debian/VivaBioApp/vendor/laravel/framework/src/Illuminate/Pipeline/Pipeline.php(219): Illuminate\\Cookie\\Middleware\\AddQueuedCookiesToResponse->handle()
#20 /home/debian/VivaBioApp/vendor/laravel/framework/src/Illuminate/Cookie/Middleware/EncryptCookies.php(74): Illuminate\\Pipeline\\Pipeline->Illuminate\\Pipeline\\{closure}()
#21 /home/debian/VivaBioApp/vendor/laravel/framework/src/Illuminate/Pipeline/Pipeline.php(219): Illuminate\\Cookie\\Middleware\\EncryptCookies->handle()
#22 /home/debian/VivaBioApp/vendor/laravel/framework/src/Illuminate/Pipeline/Pipeline.php(137): Illuminate\\Pipeline\\Pipeline->Illuminate\\Pipeline\\{closure}()
#23 /home/debian/VivaBioApp/vendor/laravel/framework/src/Illuminate/Routing/Router.php(821): Illuminate\\Pipeline\\Pipeline->then()
#24 /home/debian/VivaBioApp/vendor/laravel/framework/src/Illuminate/Routing/Router.php(800): Illuminate\\Routing\\Router->runRouteWithinStack()
#25 /home/debian/VivaBioApp/vendor/laravel/framework/src/Illuminate/Routing/Router.php(764): Illuminate\\Routing\\Router->runRoute()
#26 /home/debian/VivaBioApp/vendor/laravel/framework/src/Illuminate/Routing/Router.php(753): Illuminate\\Routing\\Router->dispatchToRoute()
#27 /home/debian/VivaBioApp/vendor/laravel/framework/src/Illuminate/Foundation/Http/Kernel.php(200): Illuminate\\Routing\\Router->dispatch()
#28 /home/debian/VivaBioApp/vendor/laravel/framework/src/Illuminate/Pipeline/Pipeline.php(180): Illuminate\\Foundation\\Http\\Kernel->Illuminate\\Foundation\\Http\\{closure}()
#29 /home/debian/VivaBioApp/vendor/laravel/framework/src/Illuminate/Foundation/Http/Middleware/TransformsRequest.php(21): Illuminate\\Pipeline\\Pipeline->Illuminate\\Pipeline\\{closure}()
#30 /home/debian/VivaBioApp/vendor/laravel/framework/src/Illuminate/Foundation/Http/Middleware/ConvertEmptyStringsToNull.php(31): Illuminate\\Foundation\\Http\\Middleware\\TransformsRequest->handle()
#31 /home/debian/VivaBioApp/vendor/laravel/framework/src/Illuminate/Pipeline/Pipeline.php(219): Illuminate\\Foundation\\Http\\Middleware\\ConvertEmptyStringsToNull->handle()
#32 /home/debian/VivaBioApp/vendor/laravel/framework/src/Illuminate/Foundation/Http/Middleware/TransformsRequest.php(21): Illuminate\\Pipeline\\Pipeline->Illuminate\\Pipeline\\{closure}()
#33 /home/debian/VivaBioApp/vendor/laravel/framework/src/Illuminate/Foundation/Http/Middleware/TrimStrings.php(51): Illuminate\\Foundation\\Http\\Middleware\\TransformsRequest->handle()
#34 /home/debian/VivaBioApp/vendor/laravel/framework/src/Illuminate/Pipeline/Pipeline.php(219): Illuminate\\Foundation\\Http\\Middleware\\TrimStrings->handle()
#35 /home/debian/VivaBioApp/vendor/laravel/framework/src/Illuminate/Http/Middleware/ValidatePostSize.php(27): Illuminate\\Pipeline\\Pipeline->Illuminate\\Pipeline\\{closure}()
#36 /home/debian/VivaBioApp/vendor/laravel/framework/src/Illuminate/Pipeline/Pipeline.php(219): Illuminate\\Http\\Middleware\\ValidatePostSize->handle()
#37 /home/debian/VivaBioApp/vendor/laravel/framework/src/Illuminate/Foundation/Http/Middleware/PreventRequestsDuringMaintenance.php(109): Illuminate\\Pipeline\\Pipeline->Illuminate\\Pipeline\\{closure}()
#38 /home/debian/VivaBioApp/vendor/laravel/framework/src/Illuminate/Pipeline/Pipeline.php(219): Illuminate\\Foundation\\Http\\Middleware\\PreventRequestsDuringMaintenance->handle()
#39 /home/debian/VivaBioApp/vendor/laravel/framework/src/Illuminate/Http/Middleware/HandleCors.php(48): Illuminate\\Pipeline\\Pipeline->Illuminate\\Pipeline\\{closure}()
#40 /home/debian/VivaBioApp/vendor/laravel/framework/src/Illuminate/Pipeline/Pipeline.php(219): Illuminate\\Http\\Middleware\\HandleCors->handle()
#41 /home/debian/VivaBioApp/vendor/laravel/framework/src/Illuminate/Http/Middleware/TrustProxies.php(58): Illuminate\\Pipeline\\Pipeline->Illuminate\\Pipeline\\{closure}()
#42 /home/debian/VivaBioApp/vendor/laravel/framework/src/Illuminate/Pipeline/Pipeline.php(219): Illuminate\\Http\\Middleware\\TrustProxies->handle()
#43 /home/debian/VivaBioApp/vendor/laravel/framework/src/Illuminate/Foundation/Http/Middleware/InvokeDeferredCallbacks.php(22): Illuminate\\Pipeline\\Pipeline->Illuminate\\Pipeline\\{closure}()
#44 /home/debian/VivaBioApp/vendor/laravel/framework/src/Illuminate/Pipeline/Pipeline.php(219): Illuminate\\Foundation\\Http\\Middleware\\InvokeDeferredCallbacks->handle()
#45 /home/debian/VivaBioApp/vendor/laravel/framework/src/Illuminate/Http/Middleware/ValidatePathEncoding.php(26): Illuminate\\Pipeline\\Pipeline->Illuminate\\Pipeline\\{closure}()
#46 /home/debian/VivaBioApp/vendor/laravel/framework/src/Illuminate/Pipeline/Pipeline.php(219): Illuminate\\Http\\Middleware\\ValidatePathEncoding->handle()
#47 /home/debian/VivaBioApp/vendor/laravel/framework/src/Illuminate/Pipeline/Pipeline.php(137): Illuminate\\Pipeline\\Pipeline->Illuminate\\Pipeline\\{closure}()
#48 /home/debian/VivaBioApp/vendor/laravel/framework/src/Illuminate/Foundation/Http/Kernel.php(175): Illuminate\\Pipeline\\Pipeline->then()
#49 /home/debian/VivaBioApp/vendor/laravel/framework/src/Illuminate/Foundation/Http/Kernel.php(144): Illuminate\\Foundation\\Http\\Kernel->sendRequestThroughRouter()
#50 /home/debian/VivaBioApp/vendor/laravel/framework/src/Illuminate/Foundation/Application.php(1220): Illuminate\\Foundation\\Http\\Kernel->handle()
#51 /home/debian/VivaBioApp/public/index.php(20): Illuminate\\Foundation\\Application->handleRequest()
#52 /home/debian/VivaBioApp/vendor/laravel/framework/src/Illuminate/Foundation/resources/server.php(23): require_once('...')
#53 {main}

[previous exception] [object] (PDOException(code: 1698): SQLSTATE[HY000] [1698] Access denied for user 'root'@'localhost' at /home/debian/VivaBioApp/vendor/laravel/framework/src/Illuminate/Database/Connectors/Connector.php:66)
[stacktrace]
#0 /home/debian/VivaBioApp/vendor/laravel/framework/src/Illuminate/Database/Connectors/Connector.php(66): PDO->__construct()
#1 /home/debian/VivaBioApp/vendor/laravel/framework/src/Illuminate/Database/Connectors/Connector.php(44): Illuminate\\Database\\Connectors\\Connector->createPdoConnection()
#2 /home/debian/VivaBioApp/vendor/laravel/framework/src/Illuminate/Database/Connectors/MySqlConnector.php(24): Illuminate\\Database\\Connectors\\Connector->createConnection()
#3 /home/debian/VivaBioApp/vendor/laravel/framework/src/Illuminate/Database/Connectors/ConnectionFactory.php(184): Illuminate\\Database\\Connectors\\MySqlConnector->connect()
#4 [internal function]: Illuminate\\Database\\Connectors\\ConnectionFactory->Illuminate\\Database\\Connectors\\{closure}()
#5 /home/debian/VivaBioApp/vendor/laravel/framework/src/Illuminate/Database/Connection.php(1230): call_user_func()
#6 /home/debian/VivaBioApp/vendor/laravel/framework/src/Illuminate/Database/Connection.php(511): Illuminate\\Database\\Connection->getPdo()
#7 /home/debian/VivaBioApp/vendor/laravel/framework/src/Illuminate/Database/Connection.php(406): Illuminate\\Database\\Connection->getPdoForSelect()
#8 /home/debian/VivaBioApp/vendor/laravel/framework/src/Illuminate/Database/Connection.php(811): Illuminate\\Database\\Connection->Illuminate\\Database\\{closure}()
#9 /home/debian/VivaBioApp/vendor/laravel/framework/src/Illuminate/Database/Connection.php(778): Illuminate\\Database\\Connection->runQueryCallback()
#10 /home/debian/VivaBioApp/vendor/laravel/framework/src/Illuminate/Database/Connection.php(397): Illuminate\\Database\\Connection->run()
#11 /home/debian/VivaBioApp/vendor/laravel/framework/src/Illuminate/Database/Query/Builder.php(3188): Illuminate\\Database\\Connection->select()
#12 /home/debian/VivaBioApp/vendor/laravel/framework/src/Illuminate/Database/Query/Builder.php(3173): Illuminate\\Database\\Query\\Builder->runSelect()
#13 /home/debian/VivaBioApp/vendor/laravel/framework/src/Illuminate/Database/Query/Builder.php(3763): Illuminate\\Database\\Query\\Builder->Illuminate\\Database\\Query\\{closure}()
#14 /home/debian/VivaBioApp/vendor/laravel/framework/src/Illuminate/Database/Query/Builder.php(3172): Illuminate\\Database\\Query\\Builder->onceWithColumns()
#15 /home/debian/VivaBioApp/vendor/laravel/framework/src/Illuminate/Database/Concerns/BuildsQueries.php(366): Illuminate\\Database\\Query\\Builder->get()
#16 /home/debian/VivaBioApp/vendor/laravel/framework/src/Illuminate/Database/Query/Builder.php(3095): Illuminate\\Database\\Query\\Builder->first()
#17 /home/debian/VivaBioApp/vendor/laravel/framework/src/Illuminate/Session/DatabaseSessionHandler.php(96): Illuminate\\Database\\Query\\Builder->find()
#18 /home/debian/VivaBioApp/vendor/laravel/framework/src/Illuminate/Session/Store.php(117): Illuminate\\Session\\DatabaseSessionHandler->read()
#19 /home/debian/VivaBioApp/vendor/laravel/framework/src/Illuminate/Session/Store.php(105): Illuminate\\Session\\Store->readFromHandler()
#20 /home/debian/VivaBioApp/vendor/laravel/framework/src/Illuminate/Session/Store.php(89): Illuminate\\Session\\Store->loadSession()
#21 /home/debian/VivaBioApp/vendor/laravel/framework/src/Illuminate/Session/Middleware/StartSession.php(146): Illuminate\\Session\\Store->start()
#22 /home/debian/VivaBioApp/vendor/laravel/framework/src/Illuminate/Support/helpers.php(390): Illuminate\\Session\\Middleware\\StartSession->Illuminate\\Session\\Middleware\\{closure}()
#23 /home/debian/VivaBioApp/vendor/laravel/framework/src/Illuminate/Session/Middleware/StartSession.php(143): tap()
#24 /home/debian/VivaBioApp/vendor/laravel/framework/src/Illuminate/Session/Middleware/StartSession.php(115): Illuminate\\Session\\Middleware\\StartSession->startSession()
#25 /home/debian/VivaBioApp/vendor/laravel/framework/src/Illuminate/Session/Middleware/StartSession.php(63): Illuminate\\Session\\Middleware\\StartSession->handleStatefulRequest()
#26 /home/debian/VivaBioApp/vendor/laravel/framework/src/Illuminate/Pipeline/Pipeline.php(219): Illuminate\\Session\\Middleware\\StartSession->handle()
#27 /home/debian/VivaBioApp/vendor/laravel/framework/src/Illuminate/Cookie/Middleware/AddQueuedCookiesToResponse.php(36): Illuminate\\Pipeline\\Pipeline->Illuminate\\Pipeline\\{closure}()
#28 /home/debian/VivaBioApp/vendor/laravel/framework/src/Illuminate/Pipeline/Pipeline.php(219): Illuminate\\Cookie\\Middleware\\AddQueuedCookiesToResponse->handle()
#29 /home/debian/VivaBioApp/vendor/laravel/framework/src/Illuminate/Cookie/Middleware/EncryptCookies.php(74): Illuminate\\Pipeline\\Pipeline->Illuminate\\Pipeline\\{closure}()
#30 /home/debian/VivaBioApp/vendor/laravel/framework/src/Illuminate/Pipeline/Pipeline.php(219): Illuminate\\Cookie\\Middleware\\EncryptCookies->handle()
#31 /home/debian/VivaBioApp/vendor/laravel/framework/src/Illuminate/Pipeline/Pipeline.php(137): Illuminate\\Pipeline\\Pipeline->Illuminate\\Pipeline\\{closure}()
#32 /home/debian/VivaBioApp/vendor/laravel/framework/src/Illuminate/Routing/Router.php(821): Illuminate\\Pipeline\\Pipeline->then()
#33 /home/debian/VivaBioApp/vendor/laravel/framework/src/Illuminate/Routing/Router.php(800): Illuminate\\Routing\\Router->runRouteWithinStack()
#34 /home/debian/VivaBioApp/vendor/laravel/framework/src/Illuminate/Routing/Router.php(764): Illuminate\\Routing\\Router->runRoute()
#35 /home/debian/VivaBioApp/vendor/laravel/framework/src/Illuminate/Routing/Router.php(753): Illuminate\\Routing\\Router->dispatchToRoute()
#36 /home/debian/VivaBioApp/vendor/laravel/framework/src/Illuminate/Foundation/Http/Kernel.php(200): Illuminate\\Routing\\Router->dispatch()
#37 /home/debian/VivaBioApp/vendor/laravel/framework/src/Illuminate/Pipeline/Pipeline.php(180): Illuminate\\Foundation\\Http\\Kernel->Illuminate\\Foundation\\Http\\{closure}()
#38 /home/debian/VivaBioApp/vendor/laravel/framework/src/Illuminate/Foundation/Http/Middleware/TransformsRequest.php(21): Illuminate\\Pipeline\\Pipeline->Illuminate\\Pipeline\\{closure}()
#39 /home/debian/VivaBioApp/vendor/laravel/framework/src/Illuminate/Foundation/Http/Middleware/ConvertEmptyStringsToNull.php(31): Illuminate\\Foundation\\Http\\Middleware\\TransformsRequest->handle()
#40 /home/debian/VivaBioApp/vendor/laravel/framework/src/Illuminate/Pipeline/Pipeline.php(219): Illuminate\\Foundation\\Http\\Middleware\\ConvertEmptyStringsToNull->handle()
#41 /home/debian/VivaBioApp/vendor/laravel/framework/src/Illuminate/Foundation/Http/Middleware/TransformsRequest.php(21): Illuminate\\Pipeline\\Pipeline->Illuminate\\Pipeline\\{closure}()
#42 /home/debian/VivaBioApp/vendor/laravel/framework/src/Illuminate/Foundation/Http/Middleware/TrimStrings.php(51): Illuminate\\Foundation\\Http\\Middleware\\TransformsRequest->handle()
#43 /home/debian/VivaBioApp/vendor/laravel/framework/src/Illuminate/Pipeline/Pipeline.php(219): Illuminate\\Foundation\\Http\\Middleware\\TrimStrings->handle()
#44 /home/debian/VivaBioApp/vendor/laravel/framework/src/Illuminate/Http/Middleware/ValidatePostSize.php(27): Illuminate\\Pipeline\\Pipeline->Illuminate\\Pipeline\\{closure}()
#45 /home/debian/VivaBioApp/vendor/laravel/framework/src/Illuminate/Pipeline/Pipeline.php(219): Illuminate\\Http\\Middleware\\ValidatePostSize->handle()
#46 /home/debian/VivaBioApp/vendor/laravel/framework/src/Illuminate/Foundation/Http/Middleware/PreventRequestsDuringMaintenance.php(109): Illuminate\\Pipeline\\Pipeline->Illuminate\\Pipeline\\{closure}()
#47 /home/debian/VivaBioApp/vendor/laravel/framework/src/Illuminate/Pipeline/Pipeline.php(219): Illuminate\\Foundation\\Http\\Middleware\\PreventRequestsDuringMaintenance->handle()
#48 /home/debian/VivaBioApp/vendor/laravel/framework/src/Illuminate/Http/Middleware/HandleCors.php(48): Illuminate\\Pipeline\\Pipeline->Illuminate\\Pipeline\\{closure}()
#49 /home/debian/VivaBioApp/vendor/laravel/framework/src/Illuminate/Pipeline/Pipeline.php(219): Illuminate\\Http\\Middleware\\HandleCors->handle()
#50 /home/debian/VivaBioApp/vendor/laravel/framework/src/Illuminate/Http/Middleware/TrustProxies.php(58): Illuminate\\Pipeline\\Pipeline->Illuminate\\Pipeline\\{closure}()
#51 /home/debian/VivaBioApp/vendor/laravel/framework/src/Illuminate/Pipeline/Pipeline.php(219): Illuminate\\Http\\Middleware\\TrustProxies->handle()
#52 /home/debian/VivaBioApp/vendor/laravel/framework/src/Illuminate/Foundation/Http/Middleware/InvokeDeferredCallbacks.php(22): Illuminate\\Pipeline\\Pipeline->Illuminate\\Pipeline\\{closure}()
#53 /home/debian/VivaBioApp/vendor/laravel/framework/src/Illuminate/Pipeline/Pipeline.php(219): Illuminate\\Foundation\\Http\\Middleware\\InvokeDeferredCallbacks->handle()
#54 /home/debian/VivaBioApp/vendor/laravel/framework/src/Illuminate/Http/Middleware/ValidatePathEncoding.php(26): Illuminate\\Pipeline\\Pipeline->Illuminate\\Pipeline\\{closure}()
#55 /home/debian/VivaBioApp/vendor/laravel/framework/src/Illuminate/Pipeline/Pipeline.php(219): Illuminate\\Http\\Middleware\\ValidatePathEncoding->handle()
#56 /home/debian/VivaBioApp/vendor/laravel/framework/src/Illuminate/Pipeline/Pipeline.php(137): Illuminate\\Pipeline\\Pipeline->Illuminate\\Pipeline\\{closure}()
#57 /home/debian/VivaBioApp/vendor/laravel/framework/src/Illuminate/Foundation/Http/Kernel.php(175): Illuminate\\Pipeline\\Pipeline->then()
#58 /home/debian/VivaBioApp/vendor/laravel/framework/src/Illuminate/Foundation/Http/Kernel.php(144): Illuminate\\Foundation\\Http\\Kernel->sendRequestThroughRouter()
#59 /home/debian/VivaBioApp/vendor/laravel/framework/src/Illuminate/Foundation/Application.php(1220): Illuminate\\Foundation\\Http\\Kernel->handle()
#60 /home/debian/VivaBioApp/public/index.php(20): Illuminate\\Foundation\\Application->handleRequest()
#61 /home/debian/VivaBioApp/vendor/laravel/framework/src/Illuminate/Foundation/resources/server.php(23): require_once('...')
#62 {main}
"} 
[2025-11-05 14:28:32] local.ERROR: SQLSTATE[HY000] [1044] Access denied for user 'admin'@'localhost' to database 'vivabio' (Connection: mysql, SQL: select exists (select 1 from information_schema.tables where table_schema = schema() and table_name = 'migrations' and table_type in ('BASE TABLE', 'SYSTEM VERSIONED')) as `exists`) {"exception":"[object] (Illuminate\\Database\\QueryException(code: 1044): SQLSTATE[HY000] [1044] Access denied for user 'admin'@'localhost' to database 'vivabio' (Connection: mysql, SQL: select exists (select 1 from information_schema.tables where table_schema = schema() and table_name = 'migrations' and table_type in ('BASE TABLE', 'SYSTEM VERSIONED')) as `exists`) at /home/debian/VivaBioApp/vendor/laravel/framework/src/Illuminate/Database/Connection.php:824)
[stacktrace]
#0 /home/debian/VivaBioApp/vendor/laravel/framework/src/Illuminate/Database/Connection.php(778): Illuminate\\Database\\Connection->runQueryCallback()
#1 /home/debian/VivaBioApp/vendor/laravel/framework/src/Illuminate/Database/Connection.php(397): Illuminate\\Database\\Connection->run()
#2 /home/debian/VivaBioApp/vendor/laravel/framework/src/Illuminate/Database/Connection.php(343): Illuminate\\Database\\Connection->select()
#3 /home/debian/VivaBioApp/vendor/laravel/framework/src/Illuminate/Database/Connection.php(360): Illuminate\\Database\\Connection->selectOne()
#4 /home/debian/VivaBioApp/vendor/laravel/framework/src/Illuminate/Database/Schema/Builder.php(174): Illuminate\\Database\\Connection->scalar()
#5 /home/debian/VivaBioApp/vendor/laravel/framework/src/Illuminate/Database/Migrations/DatabaseMigrationRepository.php(185): Illuminate\\Database\\Schema\\Builder->hasTable()
#6 /home/debian/VivaBioApp/vendor/laravel/framework/src/Illuminate/Database/Migrations/Migrator.php(753): Illuminate\\Database\\Migrations\\DatabaseMigrationRepository->repositoryExists()
#7 /home/debian/VivaBioApp/vendor/laravel/framework/src/Illuminate/Database/Console/Migrations/MigrateCommand.php(164): Illuminate\\Database\\Migrations\\Migrator->repositoryExists()
#8 /home/debian/VivaBioApp/vendor/laravel/framework/src/Illuminate/Support/helpers.php(329): Illuminate\\Database\\Console\\Migrations\\MigrateCommand->Illuminate\\Database\\Console\\Migrations\\{closure}()
#9 /home/debian/VivaBioApp/vendor/laravel/framework/src/Illuminate/Database/Console/Migrations/MigrateCommand.php(164): retry()
#10 /home/debian/VivaBioApp/vendor/laravel/framework/src/Illuminate/Database/Console/Migrations/MigrateCommand.php(140): Illuminate\\Database\\Console\\Migrations\\MigrateCommand->repositoryExists()
#11 /home/debian/VivaBioApp/vendor/laravel/framework/src/Illuminate/Database/Console/Migrations/MigrateCommand.php(110): Illuminate\\Database\\Console\\Migrations\\MigrateCommand->prepareDatabase()
#12 /home/debian/VivaBioApp/vendor/laravel/framework/src/Illuminate/Database/Migrations/Migrator.php(666): Illuminate\\Database\\Console\\Migrations\\MigrateCommand->Illuminate\\Database\\Console\\Migrations\\{closure}()
#13 /home/debian/VivaBioApp/vendor/laravel/framework/src/Illuminate/Database/Console/Migrations/MigrateCommand.php(109): Illuminate\\Database\\Migrations\\Migrator->usingConnection()
#14 /home/debian/VivaBioApp/vendor/laravel/framework/src/Illuminate/Database/Console/Migrations/MigrateCommand.php(88): Illuminate\\Database\\Console\\Migrations\\MigrateCommand->runMigrations()
#15 /home/debian/VivaBioApp/vendor/laravel/framework/src/Illuminate/Container/BoundMethod.php(36): Illuminate\\Database\\Console\\Migrations\\MigrateCommand->handle()
#16 /home/debian/VivaBioApp/vendor/laravel/framework/src/Illuminate/Container/Util.php(43): Illuminate\\Container\\BoundMethod::Illuminate\\Container\\{closure}()
#17 /home/debian/VivaBioApp/vendor/laravel/framework/src/Illuminate/Container/BoundMethod.php(96): Illuminate\\Container\\Util::unwrapIfClosure()
#18 /home/debian/VivaBioApp/vendor/laravel/framework/src/Illuminate/Container/BoundMethod.php(35): Illuminate\\Container\\BoundMethod::callBoundMethod()
#19 /home/debian/VivaBioApp/vendor/laravel/framework/src/Illuminate/Container/Container.php(836): Illuminate\\Container\\BoundMethod::call()
#20 /home/debian/VivaBioApp/vendor/laravel/framework/src/Illuminate/Console/Command.php(211): Illuminate\\Container\\Container->call()
#21 /home/debian/VivaBioApp/vendor/symfony/console/Command/Command.php(318): Illuminate\\Console\\Command->execute()
#22 /home/debian/VivaBioApp/vendor/laravel/framework/src/Illuminate/Console/Command.php(180): Symfony\\Component\\Console\\Command\\Command->run()
#23 /home/debian/VivaBioApp/vendor/symfony/console/Application.php(1110): Illuminate\\Console\\Command->run()
#24 /home/debian/VivaBioApp/vendor/symfony/console/Application.php(359): Symfony\\Component\\Console\\Application->doRunCommand()
#25 /home/debian/VivaBioApp/vendor/symfony/console/Application.php(194): Symfony\\Component\\Console\\Application->doRun()
#26 /home/debian/VivaBioApp/vendor/laravel/framework/src/Illuminate/Foundation/Console/Kernel.php(197): Symfony\\Component\\Console\\Application->run()
#27 /home/debian/VivaBioApp/vendor/laravel/framework/src/Illuminate/Foundation/Application.php(1235): Illuminate\\Foundation\\Console\\Kernel->handle()
#28 /home/debian/VivaBioApp/artisan(16): Illuminate\\Foundation\\Application->handleCommand()
#29 {main}

[previous exception] [object] (PDOException(code: 1044): SQLSTATE[HY000] [1044] Access denied for user 'admin'@'localhost' to database 'vivabio' at /home/debian/VivaBioApp/vendor/laravel/framework/src/Illuminate/Database/Connectors/Connector.php:66)
[stacktrace]
#0 /home/debian/VivaBioApp/vendor/laravel/framework/src/Illuminate/Database/Connectors/Connector.php(66): PDO->__construct()
#1 /home/debian/VivaBioApp/vendor/laravel/framework/src/Illuminate/Database/Connectors/Connector.php(44): Illuminate\\Database\\Connectors\\Connector->createPdoConnection()
#2 /home/debian/VivaBioApp/vendor/laravel/framework/src/Illuminate/Database/Connectors/MySqlConnector.php(24): Illuminate\\Database\\Connectors\\Connector->createConnection()
#3 /home/debian/VivaBioApp/vendor/laravel/framework/src/Illuminate/Database/Connectors/ConnectionFactory.php(184): Illuminate\\Database\\Connectors\\MySqlConnector->connect()
#4 [internal function]: Illuminate\\Database\\Connectors\\ConnectionFactory->Illuminate\\Database\\Connectors\\{closure}()
#5 /home/debian/VivaBioApp/vendor/laravel/framework/src/Illuminate/Database/Connection.php(1230): call_user_func()
#6 /home/debian/VivaBioApp/vendor/laravel/framework/src/Illuminate/Database/Connection.php(1266): Illuminate\\Database\\Connection->getPdo()
#7 /home/debian/VivaBioApp/vendor/laravel/framework/src/Illuminate/Database/Connection.php(511): Illuminate\\Database\\Connection->getReadPdo()
#8 /home/debian/VivaBioApp/vendor/laravel/framework/src/Illuminate/Database/Connection.php(406): Illuminate\\Database\\Connection->getPdoForSelect()
#9 /home/debian/VivaBioApp/vendor/laravel/framework/src/Illuminate/Database/Connection.php(811): Illuminate\\Database\\Connection->Illuminate\\Database\\{closure}()
#10 /home/debian/VivaBioApp/vendor/laravel/framework/src/Illuminate/Database/Connection.php(778): Illuminate\\Database\\Connection->runQueryCallback()
#11 /home/debian/VivaBioApp/vendor/laravel/framework/src/Illuminate/Database/Connection.php(397): Illuminate\\Database\\Connection->run()
#12 /home/debian/VivaBioApp/vendor/laravel/framework/src/Illuminate/Database/Connection.php(343): Illuminate\\Database\\Connection->select()
#13 /home/debian/VivaBioApp/vendor/laravel/framework/src/Illuminate/Database/Connection.php(360): Illuminate\\Database\\Connection->selectOne()
#14 /home/debian/VivaBioApp/vendor/laravel/framework/src/Illuminate/Database/Schema/Builder.php(174): Illuminate\\Database\\Connection->scalar()
#15 /home/debian/VivaBioApp/vendor/laravel/framework/src/Illuminate/Database/Migrations/DatabaseMigrationRepository.php(185): Illuminate\\Database\\Schema\\Builder->hasTable()
#16 /home/debian/VivaBioApp/vendor/laravel/framework/src/Illuminate/Database/Migrations/Migrator.php(753): Illuminate\\Database\\Migrations\\DatabaseMigrationRepository->repositoryExists()
#17 /home/debian/VivaBioApp/vendor/laravel/framework/src/Illuminate/Database/Console/Migrations/MigrateCommand.php(164): Illuminate\\Database\\Migrations\\Migrator->repositoryExists()
#18 /home/debian/VivaBioApp/vendor/laravel/framework/src/Illuminate/Support/helpers.php(329): Illuminate\\Database\\Console\\Migrations\\MigrateCommand->Illuminate\\Database\\Console\\Migrations\\{closure}()
#19 /home/debian/VivaBioApp/vendor/laravel/framework/src/Illuminate/Database/Console/Migrations/MigrateCommand.php(164): retry()
#20 /home/debian/VivaBioApp/vendor/laravel/framework/src/Illuminate/Database/Console/Migrations/MigrateCommand.php(140): Illuminate\\Database\\Console\\Migrations\\MigrateCommand->repositoryExists()
#21 /home/debian/VivaBioApp/vendor/laravel/framework/src/Illuminate/Database/Console/Migrations/MigrateCommand.php(110): Illuminate\\Database\\Console\\Migrations\\MigrateCommand->prepareDatabase()
#22 /home/debian/VivaBioApp/vendor/laravel/framework/src/Illuminate/Database/Migrations/Migrator.php(666): Illuminate\\Database\\Console\\Migrations\\MigrateCommand->Illuminate\\Database\\Console\\Migrations\\{closure}()
#23 /home/debian/VivaBioApp/vendor/laravel/framework/src/Illuminate/Database/Console/Migrations/MigrateCommand.php(109): Illuminate\\Database\\Migrations\\Migrator->usingConnection()
#24 /home/debian/VivaBioApp/vendor/laravel/framework/src/Illuminate/Database/Console/Migrations/MigrateCommand.php(88): Illuminate\\Database\\Console\\Migrations\\MigrateCommand->runMigrations()
#25 /home/debian/VivaBioApp/vendor/laravel/framework/src/Illuminate/Container/BoundMethod.php(36): Illuminate\\Database\\Console\\Migrations\\MigrateCommand->handle()
#26 /home/debian/VivaBioApp/vendor/laravel/framework/src/Illuminate/Container/Util.php(43): Illuminate\\Container\\BoundMethod::Illuminate\\Container\\{closure}()
#27 /home/debian/VivaBioApp/vendor/laravel/framework/src/Illuminate/Container/BoundMethod.php(96): Illuminate\\Container\\Util::unwrapIfClosure()
#28 /home/debian/VivaBioApp/vendor/laravel/framework/src/Illuminate/Container/BoundMethod.php(35): Illuminate\\Container\\BoundMethod::callBoundMethod()
#29 /home/debian/VivaBioApp/vendor/laravel/framework/src/Illuminate/Container/Container.php(836): Illuminate\\Container\\BoundMethod::call()
#30 /home/debian/VivaBioApp/vendor/laravel/framework/src/Illuminate/Console/Command.php(211): Illuminate\\Container\\Container->call()
#31 /home/debian/VivaBioApp/vendor/symfony/console/Command/Command.php(318): Illuminate\\Console\\Command->execute()
#32 /home/debian/VivaBioApp/vendor/laravel/framework/src/Illuminate/Console/Command.php(180): Symfony\\Component\\Console\\Command\\Command->run()
#33 /home/debian/VivaBioApp/vendor/symfony/console/Application.php(1110): Illuminate\\Console\\Command->run()
#34 /home/debian/VivaBioApp/vendor/symfony/console/Application.php(359): Symfony\\Component\\Console\\Application->doRunCommand()
#35 /home/debian/VivaBioApp/vendor/symfony/console/Application.php(194): Symfony\\Component\\Console\\Application->doRun()
#36 /home/debian/VivaBioApp/vendor/laravel/framework/src/Illuminate/Foundation/Console/Kernel.php(197): Symfony\\Component\\Console\\Application->run()
#37 /home/debian/VivaBioApp/vendor/laravel/framework/src/Illuminate/Foundation/Application.php(1235): Illuminate\\Foundation\\Console\\Kernel->handle()
#38 /home/debian/VivaBioApp/artisan(16): Illuminate\\Foundation\\Application->handleCommand()
#39 {main}
"} 
[2025-11-05 14:29:21] local.ERROR: SQLSTATE[HY000] [1044] Access denied for user 'admin'@'localhost' to database 'vivabio' (Connection: mysql, SQL: select exists (select 1 from information_schema.tables where table_schema = schema() and table_name = 'migrations' and table_type in ('BASE TABLE', 'SYSTEM VERSIONED')) as `exists`) {"exception":"[object] (Illuminate\\Database\\QueryException(code: 1044): SQLSTATE[HY000] [1044] Access denied for user 'admin'@'localhost' to database 'vivabio' (Connection: mysql, SQL: select exists (select 1 from information_schema.tables where table_schema = schema() and table_name = 'migrations' and table_type in ('BASE TABLE', 'SYSTEM VERSIONED')) as `exists`) at /home/debian/VivaBioApp/vendor/laravel/framework/src/Illuminate/Database/Connection.php:824)
[stacktrace]
#0 /home/debian/VivaBioApp/vendor/laravel/framework/src/Illuminate/Database/Connection.php(778): Illuminate\\Database\\Connection->runQueryCallback()
#1 /home/debian/VivaBioApp/vendor/laravel/framework/src/Illuminate/Database/Connection.php(397): Illuminate\\Database\\Connection->run()
#2 /home/debian/VivaBioApp/vendor/laravel/framework/src/Illuminate/Database/Connection.php(343): Illuminate\\Database\\Connection->select()
#3 /home/debian/VivaBioApp/vendor/laravel/framework/src/Illuminate/Database/Connection.php(360): Illuminate\\Database\\Connection->selectOne()
#4 /home/debian/VivaBioApp/vendor/laravel/framework/src/Illuminate/Database/Schema/Builder.php(174): Illuminate\\Database\\Connection->scalar()
#5 /home/debian/VivaBioApp/vendor/laravel/framework/src/Illuminate/Database/Migrations/DatabaseMigrationRepository.php(185): Illuminate\\Database\\Schema\\Builder->hasTable()
#6 /home/debian/VivaBioApp/vendor/laravel/framework/src/Illuminate/Database/Migrations/Migrator.php(753): Illuminate\\Database\\Migrations\\DatabaseMigrationRepository->repositoryExists()
#7 /home/debian/VivaBioApp/vendor/laravel/framework/src/Illuminate/Database/Console/Migrations/MigrateCommand.php(164): Illuminate\\Database\\Migrations\\Migrator->repositoryExists()
#8 /home/debian/VivaBioApp/vendor/laravel/framework/src/Illuminate/Support/helpers.php(329): Illuminate\\Database\\Console\\Migrations\\MigrateCommand->Illuminate\\Database\\Console\\Migrations\\{closure}()
#9 /home/debian/VivaBioApp/vendor/laravel/framework/src/Illuminate/Database/Console/Migrations/MigrateCommand.php(164): retry()
#10 /home/debian/VivaBioApp/vendor/laravel/framework/src/Illuminate/Database/Console/Migrations/MigrateCommand.php(140): Illuminate\\Database\\Console\\Migrations\\MigrateCommand->repositoryExists()
#11 /home/debian/VivaBioApp/vendor/laravel/framework/src/Illuminate/Database/Console/Migrations/MigrateCommand.php(110): Illuminate\\Database\\Console\\Migrations\\MigrateCommand->prepareDatabase()
#12 /home/debian/VivaBioApp/vendor/laravel/framework/src/Illuminate/Database/Migrations/Migrator.php(666): Illuminate\\Database\\Console\\Migrations\\MigrateCommand->Illuminate\\Database\\Console\\Migrations\\{closure}()
#13 /home/debian/VivaBioApp/vendor/laravel/framework/src/Illuminate/Database/Console/Migrations/MigrateCommand.php(109): Illuminate\\Database\\Migrations\\Migrator->usingConnection()
#14 /home/debian/VivaBioApp/vendor/laravel/framework/src/Illuminate/Database/Console/Migrations/MigrateCommand.php(88): Illuminate\\Database\\Console\\Migrations\\MigrateCommand->runMigrations()
#15 /home/debian/VivaBioApp/vendor/laravel/framework/src/Illuminate/Container/BoundMethod.php(36): Illuminate\\Database\\Console\\Migrations\\MigrateCommand->handle()
#16 /home/debian/VivaBioApp/vendor/laravel/framework/src/Illuminate/Container/Util.php(43): Illuminate\\Container\\BoundMethod::Illuminate\\Container\\{closure}()
#17 /home/debian/VivaBioApp/vendor/laravel/framework/src/Illuminate/Container/BoundMethod.php(96): Illuminate\\Container\\Util::unwrapIfClosure()
#18 /home/debian/VivaBioApp/vendor/laravel/framework/src/Illuminate/Container/BoundMethod.php(35): Illuminate\\Container\\BoundMethod::callBoundMethod()
#19 /home/debian/VivaBioApp/vendor/laravel/framework/src/Illuminate/Container/Container.php(836): Illuminate\\Container\\BoundMethod::call()
#20 /home/debian/VivaBioApp/vendor/laravel/framework/src/Illuminate/Console/Command.php(211): Illuminate\\Container\\Container->call()
#21 /home/debian/VivaBioApp/vendor/symfony/console/Command/Command.php(318): Illuminate\\Console\\Command->execute()
#22 /home/debian/VivaBioApp/vendor/laravel/framework/src/Illuminate/Console/Command.php(180): Symfony\\Component\\Console\\Command\\Command->run()
#23 /home/debian/VivaBioApp/vendor/symfony/console/Application.php(1110): Illuminate\\Console\\Command->run()
#24 /home/debian/VivaBioApp/vendor/symfony/console/Application.php(359): Symfony\\Component\\Console\\Application->doRunCommand()
#25 /home/debian/VivaBioApp/vendor/symfony/console/Application.php(194): Symfony\\Component\\Console\\Application->doRun()
#26 /home/debian/VivaBioApp/vendor/laravel/framework/src/Illuminate/Foundation/Console/Kernel.php(197): Symfony\\Component\\Console\\Application->run()
#27 /home/debian/VivaBioApp/vendor/laravel/framework/src/Illuminate/Foundation/Application.php(1235): Illuminate\\Foundation\\Console\\Kernel->handle()
#28 /home/debian/VivaBioApp/artisan(16): Illuminate\\Foundation\\Application->handleCommand()
#29 {main}

[previous exception] [object] (PDOException(code: 1044): SQLSTATE[HY000] [1044] Access denied for user 'admin'@'localhost' to database 'vivabio' at /home/debian/VivaBioApp/vendor/laravel/framework/src/Illuminate/Database/Connectors/Connector.php:66)
[stacktrace]
#0 /home/debian/VivaBioApp/vendor/laravel/framework/src/Illuminate/Database/Connectors/Connector.php(66): PDO->__construct()
#1 /home/debian/VivaBioApp/vendor/laravel/framework/src/Illuminate/Database/Connectors/Connector.php(44): Illuminate\\Database\\Connectors\\Connector->createPdoConnection()
#2 /home/debian/VivaBioApp/vendor/laravel/framework/src/Illuminate/Database/Connectors/MySqlConnector.php(24): Illuminate\\Database\\Connectors\\Connector->createConnection()
#3 /home/debian/VivaBioApp/vendor/laravel/framework/src/Illuminate/Database/Connectors/ConnectionFactory.php(184): Illuminate\\Database\\Connectors\\MySqlConnector->connect()
#4 [internal function]: Illuminate\\Database\\Connectors\\ConnectionFactory->Illuminate\\Database\\Connectors\\{closure}()
#5 /home/debian/VivaBioApp/vendor/laravel/framework/src/Illuminate/Database/Connection.php(1230): call_user_func()
#6 /home/debian/VivaBioApp/vendor/laravel/framework/src/Illuminate/Database/Connection.php(1266): Illuminate\\Database\\Connection->getPdo()
#7 /home/debian/VivaBioApp/vendor/laravel/framework/src/Illuminate/Database/Connection.php(511): Illuminate\\Database\\Connection->getReadPdo()
#8 /home/debian/VivaBioApp/vendor/laravel/framework/src/Illuminate/Database/Connection.php(406): Illuminate\\Database\\Connection->getPdoForSelect()
#9 /home/debian/VivaBioApp/vendor/laravel/framework/src/Illuminate/Database/Connection.php(811): Illuminate\\Database\\Connection->Illuminate\\Database\\{closure}()
#10 /home/debian/VivaBioApp/vendor/laravel/framework/src/Illuminate/Database/Connection.php(778): Illuminate\\Database\\Connection->runQueryCallback()
#11 /home/debian/VivaBioApp/vendor/laravel/framework/src/Illuminate/Database/Connection.php(397): Illuminate\\Database\\Connection->run()
#12 /home/debian/VivaBioApp/vendor/laravel/framework/src/Illuminate/Database/Connection.php(343): Illuminate\\Database\\Connection->select()
#13 /home/debian/VivaBioApp/vendor/laravel/framework/src/Illuminate/Database/Connection.php(360): Illuminate\\Database\\Connection->selectOne()
#14 /home/debian/VivaBioApp/vendor/laravel/framework/src/Illuminate/Database/Schema/Builder.php(174): Illuminate\\Database\\Connection->scalar()
#15 /home/debian/VivaBioApp/vendor/laravel/framework/src/Illuminate/Database/Migrations/DatabaseMigrationRepository.php(185): Illuminate\\Database\\Schema\\Builder->hasTable()
#16 /home/debian/VivaBioApp/vendor/laravel/framework/src/Illuminate/Database/Migrations/Migrator.php(753): Illuminate\\Database\\Migrations\\DatabaseMigrationRepository->repositoryExists()
#17 /home/debian/VivaBioApp/vendor/laravel/framework/src/Illuminate/Database/Console/Migrations/MigrateCommand.php(164): Illuminate\\Database\\Migrations\\Migrator->repositoryExists()
#18 /home/debian/VivaBioApp/vendor/laravel/framework/src/Illuminate/Support/helpers.php(329): Illuminate\\Database\\Console\\Migrations\\MigrateCommand->Illuminate\\Database\\Console\\Migrations\\{closure}()
#19 /home/debian/VivaBioApp/vendor/laravel/framework/src/Illuminate/Database/Console/Migrations/MigrateCommand.php(164): retry()
#20 /home/debian/VivaBioApp/vendor/laravel/framework/src/Illuminate/Database/Console/Migrations/MigrateCommand.php(140): Illuminate\\Database\\Console\\Migrations\\MigrateCommand->repositoryExists()
#21 /home/debian/VivaBioApp/vendor/laravel/framework/src/Illuminate/Database/Console/Migrations/MigrateCommand.php(110): Illuminate\\Database\\Console\\Migrations\\MigrateCommand->prepareDatabase()
#22 /home/debian/VivaBioApp/vendor/laravel/framework/src/Illuminate/Database/Migrations/Migrator.php(666): Illuminate\\Database\\Console\\Migrations\\MigrateCommand->Illuminate\\Database\\Console\\Migrations\\{closure}()
#23 /home/debian/VivaBioApp/vendor/laravel/framework/src/Illuminate/Database/Console/Migrations/MigrateCommand.php(109): Illuminate\\Database\\Migrations\\Migrator->usingConnection()
#24 /home/debian/VivaBioApp/vendor/laravel/framework/src/Illuminate/Database/Console/Migrations/MigrateCommand.php(88): Illuminate\\Database\\Console\\Migrations\\MigrateCommand->runMigrations()
#25 /home/debian/VivaBioApp/vendor/laravel/framework/src/Illuminate/Container/BoundMethod.php(36): Illuminate\\Database\\Console\\Migrations\\MigrateCommand->handle()
#26 /home/debian/VivaBioApp/vendor/laravel/framework/src/Illuminate/Container/Util.php(43): Illuminate\\Container\\BoundMethod::Illuminate\\Container\\{closure}()
#27 /home/debian/VivaBioApp/vendor/laravel/framework/src/Illuminate/Container/BoundMethod.php(96): Illuminate\\Container\\Util::unwrapIfClosure()
#28 /home/debian/VivaBioApp/vendor/laravel/framework/src/Illuminate/Container/BoundMethod.php(35): Illuminate\\Container\\BoundMethod::callBoundMethod()
#29 /home/debian/VivaBioApp/vendor/laravel/framework/src/Illuminate/Container/Container.php(836): Illuminate\\Container\\BoundMethod::call()
#30 /home/debian/VivaBioApp/vendor/laravel/framework/src/Illuminate/Console/Command.php(211): Illuminate\\Container\\Container->call()
#31 /home/debian/VivaBioApp/vendor/symfony/console/Command/Command.php(318): Illuminate\\Console\\Command->execute()
#32 /home/debian/VivaBioApp/vendor/laravel/framework/src/Illuminate/Console/Command.php(180): Symfony\\Component\\Console\\Command\\Command->run()
#33 /home/debian/VivaBioApp/vendor/symfony/console/Application.php(1110): Illuminate\\Console\\Command->run()
#34 /home/debian/VivaBioApp/vendor/symfony/console/Application.php(359): Symfony\\Component\\Console\\Application->doRunCommand()
#35 /home/debian/VivaBioApp/vendor/symfony/console/Application.php(194): Symfony\\Component\\Console\\Application->doRun()
#36 /home/debian/VivaBioApp/vendor/laravel/framework/src/Illuminate/Foundation/Console/Kernel.php(197): Symfony\\Component\\Console\\Application->run()
#37 /home/debian/VivaBioApp/vendor/laravel/framework/src/Illuminate/Foundation/Application.php(1235): Illuminate\\Foundation\\Console\\Kernel->handle()
#38 /home/debian/VivaBioApp/artisan(16): Illuminate\\Foundation\\Application->handleCommand()
#39 {main}
"} 
[2025-11-05 14:30:41] local.ERROR: SQLSTATE[HY000] [1044] Access denied for user 'admin'@'localhost' to database 'vivabio' (Connection: mysql, SQL: select exists (select 1 from information_schema.tables where table_schema = schema() and table_name = 'migrations' and table_type in ('BASE TABLE', 'SYSTEM VERSIONED')) as `exists`) {"exception":"[object] (Illuminate\\Database\\QueryException(code: 1044): SQLSTATE[HY000] [1044] Access denied for user 'admin'@'localhost' to database 'vivabio' (Connection: mysql, SQL: select exists (select 1 from information_schema.tables where table_schema = schema() and table_name = 'migrations' and table_type in ('BASE TABLE', 'SYSTEM VERSIONED')) as `exists`) at /home/debian/VivaBioApp/vendor/laravel/framework/src/Illuminate/Database/Connection.php:824)
[stacktrace]
#0 /home/debian/VivaBioApp/vendor/laravel/framework/src/Illuminate/Database/Connection.php(778): Illuminate\\Database\\Connection->runQueryCallback()
#1 /home/debian/VivaBioApp/vendor/laravel/framework/src/Illuminate/Database/Connection.php(397): Illuminate\\Database\\Connection->run()
#2 /home/debian/VivaBioApp/vendor/laravel/framework/src/Illuminate/Database/Connection.php(343): Illuminate\\Database\\Connection->select()
#3 /home/debian/VivaBioApp/vendor/laravel/framework/src/Illuminate/Database/Connection.php(360): Illuminate\\Database\\Connection->selectOne()
#4 /home/debian/VivaBioApp/vendor/laravel/framework/src/Illuminate/Database/Schema/Builder.php(174): Illuminate\\Database\\Connection->scalar()
#5 /home/debian/VivaBioApp/vendor/laravel/framework/src/Illuminate/Database/Migrations/DatabaseMigrationRepository.php(185): Illuminate\\Database\\Schema\\Builder->hasTable()
#6 /home/debian/VivaBioApp/vendor/laravel/framework/src/Illuminate/Database/Migrations/Migrator.php(753): Illuminate\\Database\\Migrations\\DatabaseMigrationRepository->repositoryExists()
#7 /home/debian/VivaBioApp/vendor/laravel/framework/src/Illuminate/Database/Console/Migrations/MigrateCommand.php(164): Illuminate\\Database\\Migrations\\Migrator->repositoryExists()
#8 /home/debian/VivaBioApp/vendor/laravel/framework/src/Illuminate/Support/helpers.php(329): Illuminate\\Database\\Console\\Migrations\\MigrateCommand->Illuminate\\Database\\Console\\Migrations\\{closure}()
#9 /home/debian/VivaBioApp/vendor/laravel/framework/src/Illuminate/Database/Console/Migrations/MigrateCommand.php(164): retry()
#10 /home/debian/VivaBioApp/vendor/laravel/framework/src/Illuminate/Database/Console/Migrations/MigrateCommand.php(140): Illuminate\\Database\\Console\\Migrations\\MigrateCommand->repositoryExists()
#11 /home/debian/VivaBioApp/vendor/laravel/framework/src/Illuminate/Database/Console/Migrations/MigrateCommand.php(110): Illuminate\\Database\\Console\\Migrations\\MigrateCommand->prepareDatabase()
#12 /home/debian/VivaBioApp/vendor/laravel/framework/src/Illuminate/Database/Migrations/Migrator.php(666): Illuminate\\Database\\Console\\Migrations\\MigrateCommand->Illuminate\\Database\\Console\\Migrations\\{closure}()
#13 /home/debian/VivaBioApp/vendor/laravel/framework/src/Illuminate/Database/Console/Migrations/MigrateCommand.php(109): Illuminate\\Database\\Migrations\\Migrator->usingConnection()
#14 /home/debian/VivaBioApp/vendor/laravel/framework/src/Illuminate/Database/Console/Migrations/MigrateCommand.php(88): Illuminate\\Database\\Console\\Migrations\\MigrateCommand->runMigrations()
#15 /home/debian/VivaBioApp/vendor/laravel/framework/src/Illuminate/Container/BoundMethod.php(36): Illuminate\\Database\\Console\\Migrations\\MigrateCommand->handle()
#16 /home/debian/VivaBioApp/vendor/laravel/framework/src/Illuminate/Container/Util.php(43): Illuminate\\Container\\BoundMethod::Illuminate\\Container\\{closure}()
#17 /home/debian/VivaBioApp/vendor/laravel/framework/src/Illuminate/Container/BoundMethod.php(96): Illuminate\\Container\\Util::unwrapIfClosure()
#18 /home/debian/VivaBioApp/vendor/laravel/framework/src/Illuminate/Container/BoundMethod.php(35): Illuminate\\Container\\BoundMethod::callBoundMethod()
#19 /home/debian/VivaBioApp/vendor/laravel/framework/src/Illuminate/Container/Container.php(836): Illuminate\\Container\\BoundMethod::call()
#20 /home/debian/VivaBioApp/vendor/laravel/framework/src/Illuminate/Console/Command.php(211): Illuminate\\Container\\Container->call()
#21 /home/debian/VivaBioApp/vendor/symfony/console/Command/Command.php(318): Illuminate\\Console\\Command->execute()
#22 /home/debian/VivaBioApp/vendor/laravel/framework/src/Illuminate/Console/Command.php(180): Symfony\\Component\\Console\\Command\\Command->run()
#23 /home/debian/VivaBioApp/vendor/symfony/console/Application.php(1110): Illuminate\\Console\\Command->run()
#24 /home/debian/VivaBioApp/vendor/symfony/console/Application.php(359): Symfony\\Component\\Console\\Application->doRunCommand()
#25 /home/debian/VivaBioApp/vendor/symfony/console/Application.php(194): Symfony\\Component\\Console\\Application->doRun()
#26 /home/debian/VivaBioApp/vendor/laravel/framework/src/Illuminate/Foundation/Console/Kernel.php(197): Symfony\\Component\\Console\\Application->run()
#27 /home/debian/VivaBioApp/vendor/laravel/framework/src/Illuminate/Foundation/Application.php(1235): Illuminate\\Foundation\\Console\\Kernel->handle()
#28 /home/debian/VivaBioApp/artisan(16): Illuminate\\Foundation\\Application->handleCommand()
#29 {main}

[previous exception] [object] (PDOException(code: 1044): SQLSTATE[HY000] [1044] Access denied for user 'admin'@'localhost' to database 'vivabio' at /home/debian/VivaBioApp/vendor/laravel/framework/src/Illuminate/Database/Connectors/Connector.php:66)
[stacktrace]
#0 /home/debian/VivaBioApp/vendor/laravel/framework/src/Illuminate/Database/Connectors/Connector.php(66): PDO->__construct()
#1 /home/debian/VivaBioApp/vendor/laravel/framework/src/Illuminate/Database/Connectors/Connector.php(44): Illuminate\\Database\\Connectors\\Connector->createPdoConnection()
#2 /home/debian/VivaBioApp/vendor/laravel/framework/src/Illuminate/Database/Connectors/MySqlConnector.php(24): Illuminate\\Database\\Connectors\\Connector->createConnection()
#3 /home/debian/VivaBioApp/vendor/laravel/framework/src/Illuminate/Database/Connectors/ConnectionFactory.php(184): Illuminate\\Database\\Connectors\\MySqlConnector->connect()
#4 [internal function]: Illuminate\\Database\\Connectors\\ConnectionFactory->Illuminate\\Database\\Connectors\\{closure}()
#5 /home/debian/VivaBioApp/vendor/laravel/framework/src/Illuminate/Database/Connection.php(1230): call_user_func()
#6 /home/debian/VivaBioApp/vendor/laravel/framework/src/Illuminate/Database/Connection.php(1266): Illuminate\\Database\\Connection->getPdo()
#7 /home/debian/VivaBioApp/vendor/laravel/framework/src/Illuminate/Database/Connection.php(511): Illuminate\\Database\\Connection->getReadPdo()
#8 /home/debian/VivaBioApp/vendor/laravel/framework/src/Illuminate/Database/Connection.php(406): Illuminate\\Database\\Connection->getPdoForSelect()
#9 /home/debian/VivaBioApp/vendor/laravel/framework/src/Illuminate/Database/Connection.php(811): Illuminate\\Database\\Connection->Illuminate\\Database\\{closure}()
#10 /home/debian/VivaBioApp/vendor/laravel/framework/src/Illuminate/Database/Connection.php(778): Illuminate\\Database\\Connection->runQueryCallback()
#11 /home/debian/VivaBioApp/vendor/laravel/framework/src/Illuminate/Database/Connection.php(397): Illuminate\\Database\\Connection->run()
#12 /home/debian/VivaBioApp/vendor/laravel/framework/src/Illuminate/Database/Connection.php(343): Illuminate\\Database\\Connection->select()
#13 /home/debian/VivaBioApp/vendor/laravel/framework/src/Illuminate/Database/Connection.php(360): Illuminate\\Database\\Connection->selectOne()
#14 /home/debian/VivaBioApp/vendor/laravel/framework/src/Illuminate/Database/Schema/Builder.php(174): Illuminate\\Database\\Connection->scalar()
#15 /home/debian/VivaBioApp/vendor/laravel/framework/src/Illuminate/Database/Migrations/DatabaseMigrationRepository.php(185): Illuminate\\Database\\Schema\\Builder->hasTable()
#16 /home/debian/VivaBioApp/vendor/laravel/framework/src/Illuminate/Database/Migrations/Migrator.php(753): Illuminate\\Database\\Migrations\\DatabaseMigrationRepository->repositoryExists()
#17 /home/debian/VivaBioApp/vendor/laravel/framework/src/Illuminate/Database/Console/Migrations/MigrateCommand.php(164): Illuminate\\Database\\Migrations\\Migrator->repositoryExists()
#18 /home/debian/VivaBioApp/vendor/laravel/framework/src/Illuminate/Support/helpers.php(329): Illuminate\\Database\\Console\\Migrations\\MigrateCommand->Illuminate\\Database\\Console\\Migrations\\{closure}()
#19 /home/debian/VivaBioApp/vendor/laravel/framework/src/Illuminate/Database/Console/Migrations/MigrateCommand.php(164): retry()
#20 /home/debian/VivaBioApp/vendor/laravel/framework/src/Illuminate/Database/Console/Migrations/MigrateCommand.php(140): Illuminate\\Database\\Console\\Migrations\\MigrateCommand->repositoryExists()
#21 /home/debian/VivaBioApp/vendor/laravel/framework/src/Illuminate/Database/Console/Migrations/MigrateCommand.php(110): Illuminate\\Database\\Console\\Migrations\\MigrateCommand->prepareDatabase()
#22 /home/debian/VivaBioApp/vendor/laravel/framework/src/Illuminate/Database/Migrations/Migrator.php(666): Illuminate\\Database\\Console\\Migrations\\MigrateCommand->Illuminate\\Database\\Console\\Migrations\\{closure}()
#23 /home/debian/VivaBioApp/vendor/laravel/framework/src/Illuminate/Database/Console/Migrations/MigrateCommand.php(109): Illuminate\\Database\\Migrations\\Migrator->usingConnection()
#24 /home/debian/VivaBioApp/vendor/laravel/framework/src/Illuminate/Database/Console/Migrations/MigrateCommand.php(88): Illuminate\\Database\\Console\\Migrations\\MigrateCommand->runMigrations()
#25 /home/debian/VivaBioApp/vendor/laravel/framework/src/Illuminate/Container/BoundMethod.php(36): Illuminate\\Database\\Console\\Migrations\\MigrateCommand->handle()
#26 /home/debian/VivaBioApp/vendor/laravel/framework/src/Illuminate/Container/Util.php(43): Illuminate\\Container\\BoundMethod::Illuminate\\Container\\{closure}()
#27 /home/debian/VivaBioApp/vendor/laravel/framework/src/Illuminate/Container/BoundMethod.php(96): Illuminate\\Container\\Util::unwrapIfClosure()
#28 /home/debian/VivaBioApp/vendor/laravel/framework/src/Illuminate/Container/BoundMethod.php(35): Illuminate\\Container\\BoundMethod::callBoundMethod()
#29 /home/debian/VivaBioApp/vendor/laravel/framework/src/Illuminate/Container/Container.php(836): Illuminate\\Container\\BoundMethod::call()
#30 /home/debian/VivaBioApp/vendor/laravel/framework/src/Illuminate/Console/Command.php(211): Illuminate\\Container\\Container->call()
#31 /home/debian/VivaBioApp/vendor/symfony/console/Command/Command.php(318): Illuminate\\Console\\Command->execute()
#32 /home/debian/VivaBioApp/vendor/laravel/framework/src/Illuminate/Console/Command.php(180): Symfony\\Component\\Console\\Command\\Command->run()
#33 /home/debian/VivaBioApp/vendor/symfony/console/Application.php(1110): Illuminate\\Console\\Command->run()
#34 /home/debian/VivaBioApp/vendor/symfony/console/Application.php(359): Symfony\\Component\\Console\\Application->doRunCommand()
#35 /home/debian/VivaBioApp/vendor/symfony/console/Application.php(194): Symfony\\Component\\Console\\Application->doRun()
#36 /home/debian/VivaBioApp/vendor/laravel/framework/src/Illuminate/Foundation/Console/Kernel.php(197): Symfony\\Component\\Console\\Application->run()
#37 /home/debian/VivaBioApp/vendor/laravel/framework/src/Illuminate/Foundation/Application.php(1235): Illuminate\\Foundation\\Console\\Kernel->handle()
#38 /home/debian/VivaBioApp/artisan(16): Illuminate\\Foundation\\Application->handleCommand()
#39 {main}
"} 
[2025-11-05 14:31:48] local.ERROR: SQLSTATE[HY000] [1044] Access denied for user 'admin'@'localhost' to database 'vivabio' (Connection: mysql, SQL: select exists (select 1 from information_schema.tables where table_schema = schema() and table_name = 'migrations' and table_type in ('BASE TABLE', 'SYSTEM VERSIONED')) as `exists`) {"exception":"[object] (Illuminate\\Database\\QueryException(code: 1044): SQLSTATE[HY000] [1044] Access denied for user 'admin'@'localhost' to database 'vivabio' (Connection: mysql, SQL: select exists (select 1 from information_schema.tables where table_schema = schema() and table_name = 'migrations' and table_type in ('BASE TABLE', 'SYSTEM VERSIONED')) as `exists`) at /home/debian/VivaBioApp/vendor/laravel/framework/src/Illuminate/Database/Connection.php:824)
[stacktrace]
#0 /home/debian/VivaBioApp/vendor/laravel/framework/src/Illuminate/Database/Connection.php(778): Illuminate\\Database\\Connection->runQueryCallback()
#1 /home/debian/VivaBioApp/vendor/laravel/framework/src/Illuminate/Database/Connection.php(397): Illuminate\\Database\\Connection->run()
#2 /home/debian/VivaBioApp/vendor/laravel/framework/src/Illuminate/Database/Connection.php(343): Illuminate\\Database\\Connection->select()
#3 /home/debian/VivaBioApp/vendor/laravel/framework/src/Illuminate/Database/Connection.php(360): Illuminate\\Database\\Connection->selectOne()
#4 /home/debian/VivaBioApp/vendor/laravel/framework/src/Illuminate/Database/Schema/Builder.php(174): Illuminate\\Database\\Connection->scalar()
#5 /home/debian/VivaBioApp/vendor/laravel/framework/src/Illuminate/Database/Migrations/DatabaseMigrationRepository.php(185): Illuminate\\Database\\Schema\\Builder->hasTable()
#6 /home/debian/VivaBioApp/vendor/laravel/framework/src/Illuminate/Database/Migrations/Migrator.php(753): Illuminate\\Database\\Migrations\\DatabaseMigrationRepository->repositoryExists()
#7 /home/debian/VivaBioApp/vendor/laravel/framework/src/Illuminate/Database/Console/Migrations/MigrateCommand.php(164): Illuminate\\Database\\Migrations\\Migrator->repositoryExists()
#8 /home/debian/VivaBioApp/vendor/laravel/framework/src/Illuminate/Support/helpers.php(329): Illuminate\\Database\\Console\\Migrations\\MigrateCommand->Illuminate\\Database\\Console\\Migrations\\{closure}()
#9 /home/debian/VivaBioApp/vendor/laravel/framework/src/Illuminate/Database/Console/Migrations/MigrateCommand.php(164): retry()
#10 /home/debian/VivaBioApp/vendor/laravel/framework/src/Illuminate/Database/Console/Migrations/MigrateCommand.php(140): Illuminate\\Database\\Console\\Migrations\\MigrateCommand->repositoryExists()
#11 /home/debian/VivaBioApp/vendor/laravel/framework/src/Illuminate/Database/Console/Migrations/MigrateCommand.php(110): Illuminate\\Database\\Console\\Migrations\\MigrateCommand->prepareDatabase()
#12 /home/debian/VivaBioApp/vendor/laravel/framework/src/Illuminate/Database/Migrations/Migrator.php(666): Illuminate\\Database\\Console\\Migrations\\MigrateCommand->Illuminate\\Database\\Console\\Migrations\\{closure}()
#13 /home/debian/VivaBioApp/vendor/laravel/framework/src/Illuminate/Database/Console/Migrations/MigrateCommand.php(109): Illuminate\\Database\\Migrations\\Migrator->usingConnection()
#14 /home/debian/VivaBioApp/vendor/laravel/framework/src/Illuminate/Database/Console/Migrations/MigrateCommand.php(88): Illuminate\\Database\\Console\\Migrations\\MigrateCommand->runMigrations()
#15 /home/debian/VivaBioApp/vendor/laravel/framework/src/Illuminate/Container/BoundMethod.php(36): Illuminate\\Database\\Console\\Migrations\\MigrateCommand->handle()
#16 /home/debian/VivaBioApp/vendor/laravel/framework/src/Illuminate/Container/Util.php(43): Illuminate\\Container\\BoundMethod::Illuminate\\Container\\{closure}()
#17 /home/debian/VivaBioApp/vendor/laravel/framework/src/Illuminate/Container/BoundMethod.php(96): Illuminate\\Container\\Util::unwrapIfClosure()
#18 /home/debian/VivaBioApp/vendor/laravel/framework/src/Illuminate/Container/BoundMethod.php(35): Illuminate\\Container\\BoundMethod::callBoundMethod()
#19 /home/debian/VivaBioApp/vendor/laravel/framework/src/Illuminate/Container/Container.php(836): Illuminate\\Container\\BoundMethod::call()
#20 /home/debian/VivaBioApp/vendor/laravel/framework/src/Illuminate/Console/Command.php(211): Illuminate\\Container\\Container->call()
#21 /home/debian/VivaBioApp/vendor/symfony/console/Command/Command.php(318): Illuminate\\Console\\Command->execute()
#22 /home/debian/VivaBioApp/vendor/laravel/framework/src/Illuminate/Console/Command.php(180): Symfony\\Component\\Console\\Command\\Command->run()
#23 /home/debian/VivaBioApp/vendor/symfony/console/Application.php(1110): Illuminate\\Console\\Command->run()
#24 /home/debian/VivaBioApp/vendor/symfony/console/Application.php(359): Symfony\\Component\\Console\\Application->doRunCommand()
#25 /home/debian/VivaBioApp/vendor/symfony/console/Application.php(194): Symfony\\Component\\Console\\Application->doRun()
#26 /home/debian/VivaBioApp/vendor/laravel/framework/src/Illuminate/Foundation/Console/Kernel.php(197): Symfony\\Component\\Console\\Application->run()
#27 /home/debian/VivaBioApp/vendor/laravel/framework/src/Illuminate/Foundation/Application.php(1235): Illuminate\\Foundation\\Console\\Kernel->handle()
#28 /home/debian/VivaBioApp/artisan(16): Illuminate\\Foundation\\Application->handleCommand()
#29 {main}

[previous exception] [object] (PDOException(code: 1044): SQLSTATE[HY000] [1044] Access denied for user 'admin'@'localhost' to database 'vivabio' at /home/debian/VivaBioApp/vendor/laravel/framework/src/Illuminate/Database/Connectors/Connector.php:66)
[stacktrace]
#0 /home/debian/VivaBioApp/vendor/laravel/framework/src/Illuminate/Database/Connectors/Connector.php(66): PDO->__construct()
#1 /home/debian/VivaBioApp/vendor/laravel/framework/src/Illuminate/Database/Connectors/Connector.php(44): Illuminate\\Database\\Connectors\\Connector->createPdoConnection()
#2 /home/debian/VivaBioApp/vendor/laravel/framework/src/Illuminate/Database/Connectors/MySqlConnector.php(24): Illuminate\\Database\\Connectors\\Connector->createConnection()
#3 /home/debian/VivaBioApp/vendor/laravel/framework/src/Illuminate/Database/Connectors/ConnectionFactory.php(184): Illuminate\\Database\\Connectors\\MySqlConnector->connect()
#4 [internal function]: Illuminate\\Database\\Connectors\\ConnectionFactory->Illuminate\\Database\\Connectors\\{closure}()
#5 /home/debian/VivaBioApp/vendor/laravel/framework/src/Illuminate/Database/Connection.php(1230): call_user_func()
#6 /home/debian/VivaBioApp/vendor/laravel/framework/src/Illuminate/Database/Connection.php(1266): Illuminate\\Database\\Connection->getPdo()
#7 /home/debian/VivaBioApp/vendor/laravel/framework/src/Illuminate/Database/Connection.php(511): Illuminate\\Database\\Connection->getReadPdo()
#8 /home/debian/VivaBioApp/vendor/laravel/framework/src/Illuminate/Database/Connection.php(406): Illuminate\\Database\\Connection->getPdoForSelect()
#9 /home/debian/VivaBioApp/vendor/laravel/framework/src/Illuminate/Database/Connection.php(811): Illuminate\\Database\\Connection->Illuminate\\Database\\{closure}()
#10 /home/debian/VivaBioApp/vendor/laravel/framework/src/Illuminate/Database/Connection.php(778): Illuminate\\Database\\Connection->runQueryCallback()
#11 /home/debian/VivaBioApp/vendor/laravel/framework/src/Illuminate/Database/Connection.php(397): Illuminate\\Database\\Connection->run()
#12 /home/debian/VivaBioApp/vendor/laravel/framework/src/Illuminate/Database/Connection.php(343): Illuminate\\Database\\Connection->select()
#13 /home/debian/VivaBioApp/vendor/laravel/framework/src/Illuminate/Database/Connection.php(360): Illuminate\\Database\\Connection->selectOne()
#14 /home/debian/VivaBioApp/vendor/laravel/framework/src/Illuminate/Database/Schema/Builder.php(174): Illuminate\\Database\\Connection->scalar()
#15 /home/debian/VivaBioApp/vendor/laravel/framework/src/Illuminate/Database/Migrations/DatabaseMigrationRepository.php(185): Illuminate\\Database\\Schema\\Builder->hasTable()
#16 /home/debian/VivaBioApp/vendor/laravel/framework/src/Illuminate/Database/Migrations/Migrator.php(753): Illuminate\\Database\\Migrations\\DatabaseMigrationRepository->repositoryExists()
#17 /home/debian/VivaBioApp/vendor/laravel/framework/src/Illuminate/Database/Console/Migrations/MigrateCommand.php(164): Illuminate\\Database\\Migrations\\Migrator->repositoryExists()
#18 /home/debian/VivaBioApp/vendor/laravel/framework/src/Illuminate/Support/helpers.php(329): Illuminate\\Database\\Console\\Migrations\\MigrateCommand->Illuminate\\Database\\Console\\Migrations\\{closure}()
#19 /home/debian/VivaBioApp/vendor/laravel/framework/src/Illuminate/Database/Console/Migrations/MigrateCommand.php(164): retry()
#20 /home/debian/VivaBioApp/vendor/laravel/framework/src/Illuminate/Database/Console/Migrations/MigrateCommand.php(140): Illuminate\\Database\\Console\\Migrations\\MigrateCommand->repositoryExists()
#21 /home/debian/VivaBioApp/vendor/laravel/framework/src/Illuminate/Database/Console/Migrations/MigrateCommand.php(110): Illuminate\\Database\\Console\\Migrations\\MigrateCommand->prepareDatabase()
#22 /home/debian/VivaBioApp/vendor/laravel/framework/src/Illuminate/Database/Migrations/Migrator.php(666): Illuminate\\Database\\Console\\Migrations\\MigrateCommand->Illuminate\\Database\\Console\\Migrations\\{closure}()
#23 /home/debian/VivaBioApp/vendor/laravel/framework/src/Illuminate/Database/Console/Migrations/MigrateCommand.php(109): Illuminate\\Database\\Migrations\\Migrator->usingConnection()
#24 /home/debian/VivaBioApp/vendor/laravel/framework/src/Illuminate/Database/Console/Migrations/MigrateCommand.php(88): Illuminate\\Database\\Console\\Migrations\\MigrateCommand->runMigrations()
#25 /home/debian/VivaBioApp/vendor/laravel/framework/src/Illuminate/Container/BoundMethod.php(36): Illuminate\\Database\\Console\\Migrations\\MigrateCommand->handle()
#26 /home/debian/VivaBioApp/vendor/laravel/framework/src/Illuminate/Container/Util.php(43): Illuminate\\Container\\BoundMethod::Illuminate\\Container\\{closure}()
#27 /home/debian/VivaBioApp/vendor/laravel/framework/src/Illuminate/Container/BoundMethod.php(96): Illuminate\\Container\\Util::unwrapIfClosure()
#28 /home/debian/VivaBioApp/vendor/laravel/framework/src/Illuminate/Container/BoundMethod.php(35): Illuminate\\Container\\BoundMethod::callBoundMethod()
#29 /home/debian/VivaBioApp/vendor/laravel/framework/src/Illuminate/Container/Container.php(836): Illuminate\\Container\\BoundMethod::call()
#30 /home/debian/VivaBioApp/vendor/laravel/framework/src/Illuminate/Console/Command.php(211): Illuminate\\Container\\Container->call()
#31 /home/debian/VivaBioApp/vendor/symfony/console/Command/Command.php(318): Illuminate\\Console\\Command->execute()
#32 /home/debian/VivaBioApp/vendor/laravel/framework/src/Illuminate/Console/Command.php(180): Symfony\\Component\\Console\\Command\\Command->run()
#33 /home/debian/VivaBioApp/vendor/symfony/console/Application.php(1110): Illuminate\\Console\\Command->run()
#34 /home/debian/VivaBioApp/vendor/symfony/console/Application.php(359): Symfony\\Component\\Console\\Application->doRunCommand()
#35 /home/debian/VivaBioApp/vendor/symfony/console/Application.php(194): Symfony\\Component\\Console\\Application->doRun()
#36 /home/debian/VivaBioApp/vendor/laravel/framework/src/Illuminate/Foundation/Console/Kernel.php(197): Symfony\\Component\\Console\\Application->run()
#37 /home/debian/VivaBioApp/vendor/laravel/framework/src/Illuminate/Foundation/Application.php(1235): Illuminate\\Foundation\\Console\\Kernel->handle()
#38 /home/debian/VivaBioApp/artisan(16): Illuminate\\Foundation\\Application->handleCommand()
#39 {main}
"} 
[2025-11-05 14:34:41] local.ERROR: SQLSTATE[HY000] [1044] Access denied for user 'admin'@'localhost' to database 'vivabio' (Connection: mysql, SQL: select exists (select 1 from information_schema.tables where table_schema = schema() and table_name = 'migrations' and table_type in ('BASE TABLE', 'SYSTEM VERSIONED')) as `exists`) {"exception":"[object] (Illuminate\\Database\\QueryException(code: 1044): SQLSTATE[HY000] [1044] Access denied for user 'admin'@'localhost' to database 'vivabio' (Connection: mysql, SQL: select exists (select 1 from information_schema.tables where table_schema = schema() and table_name = 'migrations' and table_type in ('BASE TABLE', 'SYSTEM VERSIONED')) as `exists`) at /home/debian/VivaBioApp/vendor/laravel/framework/src/Illuminate/Database/Connection.php:824)
[stacktrace]
#0 /home/debian/VivaBioApp/vendor/laravel/framework/src/Illuminate/Database/Connection.php(778): Illuminate\\Database\\Connection->runQueryCallback()
#1 /home/debian/VivaBioApp/vendor/laravel/framework/src/Illuminate/Database/Connection.php(397): Illuminate\\Database\\Connection->run()
#2 /home/debian/VivaBioApp/vendor/laravel/framework/src/Illuminate/Database/Connection.php(343): Illuminate\\Database\\Connection->select()
#3 /home/debian/VivaBioApp/vendor/laravel/framework/src/Illuminate/Database/Connection.php(360): Illuminate\\Database\\Connection->selectOne()
#4 /home/debian/VivaBioApp/vendor/laravel/framework/src/Illuminate/Database/Schema/Builder.php(174): Illuminate\\Database\\Connection->scalar()
#5 /home/debian/VivaBioApp/vendor/laravel/framework/src/Illuminate/Database/Migrations/DatabaseMigrationRepository.php(185): Illuminate\\Database\\Schema\\Builder->hasTable()
#6 /home/debian/VivaBioApp/vendor/laravel/framework/src/Illuminate/Database/Migrations/Migrator.php(753): Illuminate\\Database\\Migrations\\DatabaseMigrationRepository->repositoryExists()
#7 /home/debian/VivaBioApp/vendor/laravel/framework/src/Illuminate/Database/Console/Migrations/MigrateCommand.php(164): Illuminate\\Database\\Migrations\\Migrator->repositoryExists()
#8 /home/debian/VivaBioApp/vendor/laravel/framework/src/Illuminate/Support/helpers.php(329): Illuminate\\Database\\Console\\Migrations\\MigrateCommand->Illuminate\\Database\\Console\\Migrations\\{closure}()
#9 /home/debian/VivaBioApp/vendor/laravel/framework/src/Illuminate/Database/Console/Migrations/MigrateCommand.php(164): retry()
#10 /home/debian/VivaBioApp/vendor/laravel/framework/src/Illuminate/Database/Console/Migrations/MigrateCommand.php(140): Illuminate\\Database\\Console\\Migrations\\MigrateCommand->repositoryExists()
#11 /home/debian/VivaBioApp/vendor/laravel/framework/src/Illuminate/Database/Console/Migrations/MigrateCommand.php(110): Illuminate\\Database\\Console\\Migrations\\MigrateCommand->prepareDatabase()
#12 /home/debian/VivaBioApp/vendor/laravel/framework/src/Illuminate/Database/Migrations/Migrator.php(666): Illuminate\\Database\\Console\\Migrations\\MigrateCommand->Illuminate\\Database\\Console\\Migrations\\{closure}()
#13 /home/debian/VivaBioApp/vendor/laravel/framework/src/Illuminate/Database/Console/Migrations/MigrateCommand.php(109): Illuminate\\Database\\Migrations\\Migrator->usingConnection()
#14 /home/debian/VivaBioApp/vendor/laravel/framework/src/Illuminate/Database/Console/Migrations/MigrateCommand.php(88): Illuminate\\Database\\Console\\Migrations\\MigrateCommand->runMigrations()
#15 /home/debian/VivaBioApp/vendor/laravel/framework/src/Illuminate/Container/BoundMethod.php(36): Illuminate\\Database\\Console\\Migrations\\MigrateCommand->handle()
#16 /home/debian/VivaBioApp/vendor/laravel/framework/src/Illuminate/Container/Util.php(43): Illuminate\\Container\\BoundMethod::Illuminate\\Container\\{closure}()
#17 /home/debian/VivaBioApp/vendor/laravel/framework/src/Illuminate/Container/BoundMethod.php(96): Illuminate\\Container\\Util::unwrapIfClosure()
#18 /home/debian/VivaBioApp/vendor/laravel/framework/src/Illuminate/Container/BoundMethod.php(35): Illuminate\\Container\\BoundMethod::callBoundMethod()
#19 /home/debian/VivaBioApp/vendor/laravel/framework/src/Illuminate/Container/Container.php(836): Illuminate\\Container\\BoundMethod::call()
#20 /home/debian/VivaBioApp/vendor/laravel/framework/src/Illuminate/Console/Command.php(211): Illuminate\\Container\\Container->call()
#21 /home/debian/VivaBioApp/vendor/symfony/console/Command/Command.php(318): Illuminate\\Console\\Command->execute()
#22 /home/debian/VivaBioApp/vendor/laravel/framework/src/Illuminate/Console/Command.php(180): Symfony\\Component\\Console\\Command\\Command->run()
#23 /home/debian/VivaBioApp/vendor/symfony/console/Application.php(1110): Illuminate\\Console\\Command->run()
#24 /home/debian/VivaBioApp/vendor/symfony/console/Application.php(359): Symfony\\Component\\Console\\Application->doRunCommand()
#25 /home/debian/VivaBioApp/vendor/symfony/console/Application.php(194): Symfony\\Component\\Console\\Application->doRun()
#26 /home/debian/VivaBioApp/vendor/laravel/framework/src/Illuminate/Foundation/Console/Kernel.php(197): Symfony\\Component\\Console\\Application->run()
#27 /home/debian/VivaBioApp/vendor/laravel/framework/src/Illuminate/Foundation/Application.php(1235): Illuminate\\Foundation\\Console\\Kernel->handle()
#28 /home/debian/VivaBioApp/artisan(16): Illuminate\\Foundation\\Application->handleCommand()
#29 {main}

[previous exception] [object] (PDOException(code: 1044): SQLSTATE[HY000] [1044] Access denied for user 'admin'@'localhost' to database 'vivabio' at /home/debian/VivaBioApp/vendor/laravel/framework/src/Illuminate/Database/Connectors/Connector.php:66)
[stacktrace]
#0 /home/debian/VivaBioApp/vendor/laravel/framework/src/Illuminate/Database/Connectors/Connector.php(66): PDO->__construct()
#1 /home/debian/VivaBioApp/vendor/laravel/framework/src/Illuminate/Database/Connectors/Connector.php(44): Illuminate\\Database\\Connectors\\Connector->createPdoConnection()
#2 /home/debian/VivaBioApp/vendor/laravel/framework/src/Illuminate/Database/Connectors/MySqlConnector.php(24): Illuminate\\Database\\Connectors\\Connector->createConnection()
#3 /home/debian/VivaBioApp/vendor/laravel/framework/src/Illuminate/Database/Connectors/ConnectionFactory.php(184): Illuminate\\Database\\Connectors\\MySqlConnector->connect()
#4 [internal function]: Illuminate\\Database\\Connectors\\ConnectionFactory->Illuminate\\Database\\Connectors\\{closure}()
#5 /home/debian/VivaBioApp/vendor/laravel/framework/src/Illuminate/Database/Connection.php(1230): call_user_func()
#6 /home/debian/VivaBioApp/vendor/laravel/framework/src/Illuminate/Database/Connection.php(1266): Illuminate\\Database\\Connection->getPdo()
#7 /home/debian/VivaBioApp/vendor/laravel/framework/src/Illuminate/Database/Connection.php(511): Illuminate\\Database\\Connection->getReadPdo()
#8 /home/debian/VivaBioApp/vendor/laravel/framework/src/Illuminate/Database/Connection.php(406): Illuminate\\Database\\Connection->getPdoForSelect()
#9 /home/debian/VivaBioApp/vendor/laravel/framework/src/Illuminate/Database/Connection.php(811): Illuminate\\Database\\Connection->Illuminate\\Database\\{closure}()
#10 /home/debian/VivaBioApp/vendor/laravel/framework/src/Illuminate/Database/Connection.php(778): Illuminate\\Database\\Connection->runQueryCallback()
#11 /home/debian/VivaBioApp/vendor/laravel/framework/src/Illuminate/Database/Connection.php(397): Illuminate\\Database\\Connection->run()
#12 /home/debian/VivaBioApp/vendor/laravel/framework/src/Illuminate/Database/Connection.php(343): Illuminate\\Database\\Connection->select()
#13 /home/debian/VivaBioApp/vendor/laravel/framework/src/Illuminate/Database/Connection.php(360): Illuminate\\Database\\Connection->selectOne()
#14 /home/debian/VivaBioApp/vendor/laravel/framework/src/Illuminate/Database/Schema/Builder.php(174): Illuminate\\Database\\Connection->scalar()
#15 /home/debian/VivaBioApp/vendor/laravel/framework/src/Illuminate/Database/Migrations/DatabaseMigrationRepository.php(185): Illuminate\\Database\\Schema\\Builder->hasTable()
#16 /home/debian/VivaBioApp/vendor/laravel/framework/src/Illuminate/Database/Migrations/Migrator.php(753): Illuminate\\Database\\Migrations\\DatabaseMigrationRepository->repositoryExists()
#17 /home/debian/VivaBioApp/vendor/laravel/framework/src/Illuminate/Database/Console/Migrations/MigrateCommand.php(164): Illuminate\\Database\\Migrations\\Migrator->repositoryExists()
#18 /home/debian/VivaBioApp/vendor/laravel/framework/src/Illuminate/Support/helpers.php(329): Illuminate\\Database\\Console\\Migrations\\MigrateCommand->Illuminate\\Database\\Console\\Migrations\\{closure}()
#19 /home/debian/VivaBioApp/vendor/laravel/framework/src/Illuminate/Database/Console/Migrations/MigrateCommand.php(164): retry()
#20 /home/debian/VivaBioApp/vendor/laravel/framework/src/Illuminate/Database/Console/Migrations/MigrateCommand.php(140): Illuminate\\Database\\Console\\Migrations\\MigrateCommand->repositoryExists()
#21 /home/debian/VivaBioApp/vendor/laravel/framework/src/Illuminate/Database/Console/Migrations/MigrateCommand.php(110): Illuminate\\Database\\Console\\Migrations\\MigrateCommand->prepareDatabase()
#22 /home/debian/VivaBioApp/vendor/laravel/framework/src/Illuminate/Database/Migrations/Migrator.php(666): Illuminate\\Database\\Console\\Migrations\\MigrateCommand->Illuminate\\Database\\Console\\Migrations\\{closure}()
#23 /home/debian/VivaBioApp/vendor/laravel/framework/src/Illuminate/Database/Console/Migrations/MigrateCommand.php(109): Illuminate\\Database\\Migrations\\Migrator->usingConnection()
#24 /home/debian/VivaBioApp/vendor/laravel/framework/src/Illuminate/Database/Console/Migrations/MigrateCommand.php(88): Illuminate\\Database\\Console\\Migrations\\MigrateCommand->runMigrations()
#25 /home/debian/VivaBioApp/vendor/laravel/framework/src/Illuminate/Container/BoundMethod.php(36): Illuminate\\Database\\Console\\Migrations\\MigrateCommand->handle()
#26 /home/debian/VivaBioApp/vendor/laravel/framework/src/Illuminate/Container/Util.php(43): Illuminate\\Container\\BoundMethod::Illuminate\\Container\\{closure}()
#27 /home/debian/VivaBioApp/vendor/laravel/framework/src/Illuminate/Container/BoundMethod.php(96): Illuminate\\Container\\Util::unwrapIfClosure()
#28 /home/debian/VivaBioApp/vendor/laravel/framework/src/Illuminate/Container/BoundMethod.php(35): Illuminate\\Container\\BoundMethod::callBoundMethod()
#29 /home/debian/VivaBioApp/vendor/laravel/framework/src/Illuminate/Container/Container.php(836): Illuminate\\Container\\BoundMethod::call()
#30 /home/debian/VivaBioApp/vendor/laravel/framework/src/Illuminate/Console/Command.php(211): Illuminate\\Container\\Container->call()
#31 /home/debian/VivaBioApp/vendor/symfony/console/Command/Command.php(318): Illuminate\\Console\\Command->execute()
#32 /home/debian/VivaBioApp/vendor/laravel/framework/src/Illuminate/Console/Command.php(180): Symfony\\Component\\Console\\Command\\Command->run()
#33 /home/debian/VivaBioApp/vendor/symfony/console/Application.php(1110): Illuminate\\Console\\Command->run()
#34 /home/debian/VivaBioApp/vendor/symfony/console/Application.php(359): Symfony\\Component\\Console\\Application->doRunCommand()
#35 /home/debian/VivaBioApp/vendor/symfony/console/Application.php(194): Symfony\\Component\\Console\\Application->doRun()
#36 /home/debian/VivaBioApp/vendor/laravel/framework/src/Illuminate/Foundation/Console/Kernel.php(197): Symfony\\Component\\Console\\Application->run()
#37 /home/debian/VivaBioApp/vendor/laravel/framework/src/Illuminate/Foundation/Application.php(1235): Illuminate\\Foundation\\Console\\Kernel->handle()
#38 /home/debian/VivaBioApp/artisan(16): Illuminate\\Foundation\\Application->handleCommand()
#39 {main}
"} 
[2025-11-12 13:43:03] local.ERROR: View [clt.cPanier] not found. {"exception":"[object] (InvalidArgumentException(code: 0): View [clt.cPanier] not found. at /home/debian/VivaBioApp/vendor/laravel/framework/src/Illuminate/View/FileViewFinder.php:138)
[stacktrace]
#0 /home/debian/VivaBioApp/vendor/laravel/framework/src/Illuminate/View/FileViewFinder.php(78): Illuminate\\View\\FileViewFinder->findInPaths()
#1 /home/debian/VivaBioApp/vendor/laravel/framework/src/Illuminate/View/Factory.php(150): Illuminate\\View\\FileViewFinder->find()
#2 /home/debian/VivaBioApp/vendor/laravel/framework/src/Illuminate/Foundation/helpers.php(1101): Illuminate\\View\\Factory->make()
#3 /home/debian/VivaBioApp/routes/web.php(22): view()
#4 /home/debian/VivaBioApp/vendor/laravel/framework/src/Illuminate/Routing/CallableDispatcher.php(39): Illuminate\\Routing\\RouteFileRegistrar->{closure}()
#5 /home/debian/VivaBioApp/vendor/laravel/framework/src/Illuminate/Routing/Route.php(243): Illuminate\\Routing\\CallableDispatcher->dispatch()
#6 /home/debian/VivaBioApp/vendor/laravel/framework/src/Illuminate/Routing/Route.php(214): Illuminate\\Routing\\Route->runCallable()
#7 /home/debian/VivaBioApp/vendor/laravel/framework/src/Illuminate/Routing/Router.php(822): Illuminate\\Routing\\Route->run()
#8 /home/debian/VivaBioApp/vendor/laravel/framework/src/Illuminate/Pipeline/Pipeline.php(180): Illuminate\\Routing\\Router->Illuminate\\Routing\\{closure}()
#9 /home/debian/VivaBioApp/vendor/laravel/framework/src/Illuminate/Routing/Middleware/SubstituteBindings.php(50): Illuminate\\Pipeline\\Pipeline->Illuminate\\Pipeline\\{closure}()
#10 /home/debian/VivaBioApp/vendor/laravel/framework/src/Illuminate/Pipeline/Pipeline.php(219): Illuminate\\Routing\\Middleware\\SubstituteBindings->handle()
#11 /home/debian/VivaBioApp/vendor/laravel/framework/src/Illuminate/Foundation/Http/Middleware/VerifyCsrfToken.php(87): Illuminate\\Pipeline\\Pipeline->Illuminate\\Pipeline\\{closure}()
#12 /home/debian/VivaBioApp/vendor/laravel/framework/src/Illuminate/Pipeline/Pipeline.php(219): Illuminate\\Foundation\\Http\\Middleware\\VerifyCsrfToken->handle()
#13 /home/debian/VivaBioApp/vendor/laravel/framework/src/Illuminate/View/Middleware/ShareErrorsFromSession.php(48): Illuminate\\Pipeline\\Pipeline->Illuminate\\Pipeline\\{closure}()
#14 /home/debian/VivaBioApp/vendor/laravel/framework/src/Illuminate/Pipeline/Pipeline.php(219): Illuminate\\View\\Middleware\\ShareErrorsFromSession->handle()
#15 /home/debian/VivaBioApp/vendor/laravel/framework/src/Illuminate/Session/Middleware/StartSession.php(120): Illuminate\\Pipeline\\Pipeline->Illuminate\\Pipeline\\{closure}()
#16 /home/debian/VivaBioApp/vendor/laravel/framework/src/Illuminate/Session/Middleware/StartSession.php(63): Illuminate\\Session\\Middleware\\StartSession->handleStatefulRequest()
#17 /home/debian/VivaBioApp/vendor/laravel/framework/src/Illuminate/Pipeline/Pipeline.php(219): Illuminate\\Session\\Middleware\\StartSession->handle()
#18 /home/debian/VivaBioApp/vendor/laravel/framework/src/Illuminate/Cookie/Middleware/AddQueuedCookiesToResponse.php(36): Illuminate\\Pipeline\\Pipeline->Illuminate\\Pipeline\\{closure}()
#19 /home/debian/VivaBioApp/vendor/laravel/framework/src/Illuminate/Pipeline/Pipeline.php(219): Illuminate\\Cookie\\Middleware\\AddQueuedCookiesToResponse->handle()
#20 /home/debian/VivaBioApp/vendor/laravel/framework/src/Illuminate/Cookie/Middleware/EncryptCookies.php(74): Illuminate\\Pipeline\\Pipeline->Illuminate\\Pipeline\\{closure}()
#21 /home/debian/VivaBioApp/vendor/laravel/framework/src/Illuminate/Pipeline/Pipeline.php(219): Illuminate\\Cookie\\Middleware\\EncryptCookies->handle()
#22 /home/debian/VivaBioApp/vendor/laravel/framework/src/Illuminate/Pipeline/Pipeline.php(137): Illuminate\\Pipeline\\Pipeline->Illuminate\\Pipeline\\{closure}()
#23 /home/debian/VivaBioApp/vendor/laravel/framework/src/Illuminate/Routing/Router.php(821): Illuminate\\Pipeline\\Pipeline->then()
#24 /home/debian/VivaBioApp/vendor/laravel/framework/src/Illuminate/Routing/Router.php(800): Illuminate\\Routing\\Router->runRouteWithinStack()
#25 /home/debian/VivaBioApp/vendor/laravel/framework/src/Illuminate/Routing/Router.php(764): Illuminate\\Routing\\Router->runRoute()
#26 /home/debian/VivaBioApp/vendor/laravel/framework/src/Illuminate/Routing/Router.php(753): Illuminate\\Routing\\Router->dispatchToRoute()
#27 /home/debian/VivaBioApp/vendor/laravel/framework/src/Illuminate/Foundation/Http/Kernel.php(200): Illuminate\\Routing\\Router->dispatch()
#28 /home/debian/VivaBioApp/vendor/laravel/framework/src/Illuminate/Pipeline/Pipeline.php(180): Illuminate\\Foundation\\Http\\Kernel->Illuminate\\Foundation\\Http\\{closure}()
#29 /home/debian/VivaBioApp/vendor/laravel/framework/src/Illuminate/Foundation/Http/Middleware/TransformsRequest.php(21): Illuminate\\Pipeline\\Pipeline->Illuminate\\Pipeline\\{closure}()
#30 /home/debian/VivaBioApp/vendor/laravel/framework/src/Illuminate/Foundation/Http/Middleware/ConvertEmptyStringsToNull.php(31): Illuminate\\Foundation\\Http\\Middleware\\TransformsRequest->handle()
#31 /home/debian/VivaBioApp/vendor/laravel/framework/src/Illuminate/Pipeline/Pipeline.php(219): Illuminate\\Foundation\\Http\\Middleware\\ConvertEmptyStringsToNull->handle()
#32 /home/debian/VivaBioApp/vendor/laravel/framework/src/Illuminate/Foundation/Http/Middleware/TransformsRequest.php(21): Illuminate\\Pipeline\\Pipeline->Illuminate\\Pipeline\\{closure}()
#33 /home/debian/VivaBioApp/vendor/laravel/framework/src/Illuminate/Foundation/Http/Middleware/TrimStrings.php(51): Illuminate\\Foundation\\Http\\Middleware\\TransformsRequest->handle()
#34 /home/debian/VivaBioApp/vendor/laravel/framework/src/Illuminate/Pipeline/Pipeline.php(219): Illuminate\\Foundation\\Http\\Middleware\\TrimStrings->handle()
#35 /home/debian/VivaBioApp/vendor/laravel/framework/src/Illuminate/Http/Middleware/ValidatePostSize.php(27): Illuminate\\Pipeline\\Pipeline->Illuminate\\Pipeline\\{closure}()
#36 /home/debian/VivaBioApp/vendor/laravel/framework/src/Illuminate/Pipeline/Pipeline.php(219): Illuminate\\Http\\Middleware\\ValidatePostSize->handle()
#37 /home/debian/VivaBioApp/vendor/laravel/framework/src/Illuminate/Foundation/Http/Middleware/PreventRequestsDuringMaintenance.php(109): Illuminate\\Pipeline\\Pipeline->Illuminate\\Pipeline\\{closure}()
#38 /home/debian/VivaBioApp/vendor/laravel/framework/src/Illuminate/Pipeline/Pipeline.php(219): Illuminate\\Foundation\\Http\\Middleware\\PreventRequestsDuringMaintenance->handle()
#39 /home/debian/VivaBioApp/vendor/laravel/framework/src/Illuminate/Http/Middleware/HandleCors.php(48): Illuminate\\Pipeline\\Pipeline->Illuminate\\Pipeline\\{closure}()
#40 /home/debian/VivaBioApp/vendor/laravel/framework/src/Illuminate/Pipeline/Pipeline.php(219): Illuminate\\Http\\Middleware\\HandleCors->handle()
#41 /home/debian/VivaBioApp/vendor/laravel/framework/src/Illuminate/Http/Middleware/TrustProxies.php(58): Illuminate\\Pipeline\\Pipeline->Illuminate\\Pipeline\\{closure}()
#42 /home/debian/VivaBioApp/vendor/laravel/framework/src/Illuminate/Pipeline/Pipeline.php(219): Illuminate\\Http\\Middleware\\TrustProxies->handle()
#43 /home/debian/VivaBioApp/vendor/laravel/framework/src/Illuminate/Foundation/Http/Middleware/InvokeDeferredCallbacks.php(22): Illuminate\\Pipeline\\Pipeline->Illuminate\\Pipeline\\{closure}()
#44 /home/debian/VivaBioApp/vendor/laravel/framework/src/Illuminate/Pipeline/Pipeline.php(219): Illuminate\\Foundation\\Http\\Middleware\\InvokeDeferredCallbacks->handle()
#45 /home/debian/VivaBioApp/vendor/laravel/framework/src/Illuminate/Http/Middleware/ValidatePathEncoding.php(26): Illuminate\\Pipeline\\Pipeline->Illuminate\\Pipeline\\{closure}()
#46 /home/debian/VivaBioApp/vendor/laravel/framework/src/Illuminate/Pipeline/Pipeline.php(219): Illuminate\\Http\\Middleware\\ValidatePathEncoding->handle()
#47 /home/debian/VivaBioApp/vendor/laravel/framework/src/Illuminate/Pipeline/Pipeline.php(137): Illuminate\\Pipeline\\Pipeline->Illuminate\\Pipeline\\{closure}()
#48 /home/debian/VivaBioApp/vendor/laravel/framework/src/Illuminate/Foundation/Http/Kernel.php(175): Illuminate\\Pipeline\\Pipeline->then()
#49 /home/debian/VivaBioApp/vendor/laravel/framework/src/Illuminate/Foundation/Http/Kernel.php(144): Illuminate\\Foundation\\Http\\Kernel->sendRequestThroughRouter()
#50 /home/debian/VivaBioApp/vendor/laravel/framework/src/Illuminate/Foundation/Application.php(1220): Illuminate\\Foundation\\Http\\Kernel->handle()
#51 /home/debian/VivaBioApp/public/index.php(20): Illuminate\\Foundation\\Application->handleRequest()
#52 /home/debian/VivaBioApp/vendor/laravel/framework/src/Illuminate/Foundation/resources/server.php(23): require_once('...')
#53 {main}
"} 
